MOUNT
WRITE_PERMIT
WRITE 0 256 0
WRITE 256 256 0
WRITE 512 256 2
WRITE 768 256 2
WRITE 1024 256 4
WRITE 1280 256 4
WRITE 1536 256 6
WRITE 1792 256 6
WRITE 2048 256 8
WRITE 2304 256 8
WRITE 2560 256 10
WRITE 2816 256 10
WRITE 3072 256 12
WRITE 3328 256 12
WRITE 3584 256 14
WRITE 3840 256 14
WRITE 4096 256 16
WRITE 4352 256 16
WRITE 4608 256 18
WRITE 4864 256 18
WRITE 5120 256 20
WRITE 5376 256 20
WRITE 5632 256 22
WRITE 5888 256 22
WRITE 6144 256 24
WRITE 6400 256 24
WRITE 6656 256 26
WRITE 6912 256 26
WRITE 7168 256 28
WRITE 7424 256 28
WRITE 7680 256 30
WRITE 7936 256 30
WRITE 8192 256 32
WRITE 8448 256 32
WRITE 8704 256 34
WRITE 8960 256 34
WRITE 9216 256 36
WRITE 9472 256 36
WRITE 9728 256 38
WRITE 9984 256 38
WRITE 10240 256 40
WRITE 10496 256 40
WRITE 10752 256 42
WRITE 11008 256 42
WRITE 11264 256 44
WRITE 11520 256 44
WRITE 11776 256 46
WRITE 12032 256 46
WRITE 12288 256 48
WRITE 12544 256 48
WRITE 12800 256 50
WRITE 13056 256 50
WRITE 13312 256 52
WRITE 13568 256 52
WRITE 13824 256 54
WRITE 14080 256 54
WRITE 14336 256 56
WRITE 14592 256 56
WRITE 14848 256 58
WRITE 15104 256 58
WRITE 15360 256 60
WRITE 15616 256 60
WRITE 15872 256 62
WRITE 16128 256 62
WRITE 16384 256 64
WRITE 16640 256 64
WRITE 16896 256 66
WRITE 17152 256 66
WRITE 17408 256 68
WRITE 17664 256 68
WRITE 17920 256 70
WRITE 18176 256 70
WRITE 18432 256 72
WRITE 18688 256 72
WRITE 18944 256 74
WRITE 19200 256 74
WRITE 19456 256 76
WRITE 19712 256 76
WRITE 19968 256 78
WRITE 20224 256 78
WRITE 20480 256 80
WRITE 20736 256 80
WRITE 20992 256 82
WRITE 21248 256 82
WRITE 21504 256 84
WRITE 21760 256 84
WRITE 22016 256 86
WRITE 22272 256 86
WRITE 22528 256 88
WRITE 22784 256 88
WRITE 23040 256 90
WRITE 23296 256 90
WRITE 23552 256 92
WRITE 23808 256 92
WRITE 24064 256 94
WRITE 24320 256 94
WRITE 24576 256 96
WRITE 24832 256 96
WRITE 25088 256 98
WRITE 25344 256 98
WRITE 25600 256 100
WRITE 25856 256 100
WRITE 26112 256 102
WRITE 26368 256 102
WRITE 26624 256 104
WRITE 26880 256 104
WRITE 27136 256 106
WRITE 27392 256 106
WRITE 27648 256 108
WRITE 27904 256 108
WRITE 28160 256 110
WRITE 28416 256 110
WRITE 28672 256 112
WRITE 28928 256 112
WRITE 29184 256 114
WRITE 29440 256 114
WRITE 29696 256 116
WRITE 29952 256 116
WRITE 30208 256 118
WRITE 30464 256 118
WRITE 30720 256 120
WRITE 30976 256 120
WRITE 31232 256 122
WRITE 31488 256 122
WRITE 31744 256 124
WRITE 32000 256 124
WRITE 32256 256 126
WRITE 32512 256 126
WRITE 32768 256 128
WRITE 33024 256 128
WRITE 33280 256 130
WRITE 33536 256 130
WRITE 33792 256 132
WRITE 34048 256 132
WRITE 34304 256 134
WRITE 34560 256 134
WRITE 34816 256 136
WRITE 35072 256 136
WRITE 35328 256 138
WRITE 35584 256 138
WRITE 35840 256 140
WRITE 36096 256 140
WRITE 36352 256 142
WRITE 36608 256 142
WRITE 36864 256 144
WRITE 37120 256 144
WRITE 37376 256 146
WRITE 37632 256 146
WRITE 37888 256 148
WRITE 38144 256 148
WRITE 38400 256 150
WRITE 38656 256 150
WRITE 38912 256 152
WRITE 39168 256 152
WRITE 39424 256 154
WRITE 39680 256 154
WRITE 39936 256 156
WRITE 40192 256 156
WRITE 40448 256 158
WRITE 40704 256 158
WRITE 40960 256 160
WRITE 41216 256 160
WRITE 41472 256 162
WRITE 41728 256 162
WRITE 41984 256 164
WRITE 42240 256 164
WRITE 42496 256 166
WRITE 42752 256 166
WRITE 43008 256 168
WRITE 43264 256 168
WRITE 43520 256 170
WRITE 43776 256 170
WRITE 44032 256 172
WRITE 44288 256 172
WRITE 44544 256 174
WRITE 44800 256 174
WRITE 45056 256 176
WRITE 45312 256 176
WRITE 45568 256 178
WRITE 45824 256 178
WRITE 46080 256 180
WRITE 46336 256 180
WRITE 46592 256 182
WRITE 46848 256 182
WRITE 47104 256 184
WRITE 47360 256 184
WRITE 47616 256 186
WRITE 47872 256 186
WRITE 48128 256 188
WRITE 48384 256 188
WRITE 48640 256 190
WRITE 48896 256 190
WRITE 49152 256 192
WRITE 49408 256 192
WRITE 49664 256 194
WRITE 49920 256 194
WRITE 50176 256 196
WRITE 50432 256 196
WRITE 50688 256 198
WRITE 50944 256 198
WRITE 51200 256 200
WRITE 51456 256 200
WRITE 51712 256 202
WRITE 51968 256 202
WRITE 52224 256 204
WRITE 52480 256 204
WRITE 52736 256 206
WRITE 52992 256 206
WRITE 53248 256 208
WRITE 53504 256 208
WRITE 53760 256 210
WRITE 54016 256 210
WRITE 54272 256 212
WRITE 54528 256 212
WRITE 54784 256 214
WRITE 55040 256 214
WRITE 55296 256 216
WRITE 55552 256 216
WRITE 55808 256 218
WRITE 56064 256 218
WRITE 56320 256 220
WRITE 56576 256 220
WRITE 56832 256 222
WRITE 57088 256 222
WRITE 57344 256 224
WRITE 57600 256 224
WRITE 57856 256 226
WRITE 58112 256 226
WRITE 58368 256 228
WRITE 58624 256 228
WRITE 58880 256 230
WRITE 59136 256 230
WRITE 59392 256 232
WRITE 59648 256 232
WRITE 59904 256 234
WRITE 60160 256 234
WRITE 60416 256 236
WRITE 60672 256 236
WRITE 60928 256 238
WRITE 61184 256 238
WRITE 61440 256 240
WRITE 61696 256 240
WRITE 61952 256 242
WRITE 62208 256 242
WRITE 62464 256 244
WRITE 62720 256 244
WRITE 62976 256 246
WRITE 63232 256 246
WRITE 63488 256 248
WRITE 63744 256 248
WRITE 64000 256 250
WRITE 64256 256 250
WRITE 64512 256 252
WRITE 64768 256 252
WRITE 65024 256 254
WRITE 65280 256 254
WRITE 65536 256 0
WRITE 65792 256 0
WRITE 66048 256 2
WRITE 66304 256 2
WRITE 66560 256 4
WRITE 66816 256 4
WRITE 67072 256 6
WRITE 67328 256 6
WRITE 67584 256 8
WRITE 67840 256 8
WRITE 68096 256 10
WRITE 68352 256 10
WRITE 68608 256 12
WRITE 68864 256 12
WRITE 69120 256 14
WRITE 69376 256 14
WRITE 69632 256 16
WRITE 69888 256 16
WRITE 70144 256 18
WRITE 70400 256 18
WRITE 70656 256 20
WRITE 70912 256 20
WRITE 71168 256 22
WRITE 71424 256 22
WRITE 71680 256 24
WRITE 71936 256 24
WRITE 72192 256 26
WRITE 72448 256 26
WRITE 72704 256 28
WRITE 72960 256 28
WRITE 73216 256 30
WRITE 73472 256 30
WRITE 73728 256 32
WRITE 73984 256 32
WRITE 74240 256 34
WRITE 74496 256 34
WRITE 74752 256 36
WRITE 75008 256 36
WRITE 75264 256 38
WRITE 75520 256 38
WRITE 75776 256 40
WRITE 76032 256 40
WRITE 76288 256 42
WRITE 76544 256 42
WRITE 76800 256 44
WRITE 77056 256 44
WRITE 77312 256 46
WRITE 77568 256 46
WRITE 77824 256 48
WRITE 78080 256 48
WRITE 78336 256 50
WRITE 78592 256 50
WRITE 78848 256 52
WRITE 79104 256 52
WRITE 79360 256 54
WRITE 79616 256 54
WRITE 79872 256 56
WRITE 80128 256 56
WRITE 80384 256 58
WRITE 80640 256 58
WRITE 80896 256 60
WRITE 81152 256 60
WRITE 81408 256 62
WRITE 81664 256 62
WRITE 81920 256 64
WRITE 82176 256 64
WRITE 82432 256 66
WRITE 82688 256 66
WRITE 82944 256 68
WRITE 83200 256 68
WRITE 83456 256 70
WRITE 83712 256 70
WRITE 83968 256 72
WRITE 84224 256 72
WRITE 84480 256 74
WRITE 84736 256 74
WRITE 84992 256 76
WRITE 85248 256 76
WRITE 85504 256 78
WRITE 85760 256 78
WRITE 86016 256 80
WRITE 86272 256 80
WRITE 86528 256 82
WRITE 86784 256 82
WRITE 87040 256 84
WRITE 87296 256 84
WRITE 87552 256 86
WRITE 87808 256 86
WRITE 88064 256 88
WRITE 88320 256 88
WRITE 88576 256 90
WRITE 88832 256 90
WRITE 89088 256 92
WRITE 89344 256 92
WRITE 89600 256 94
WRITE 89856 256 94
WRITE 90112 256 96
WRITE 90368 256 96
WRITE 90624 256 98
WRITE 90880 256 98
WRITE 91136 256 100
WRITE 91392 256 100
WRITE 91648 256 102
WRITE 91904 256 102
WRITE 92160 256 104
WRITE 92416 256 104
WRITE 92672 256 106
WRITE 92928 256 106
WRITE 93184 256 108
WRITE 93440 256 108
WRITE 93696 256 110
WRITE 93952 256 110
WRITE 94208 256 112
WRITE 94464 256 112
WRITE 94720 256 114
WRITE 94976 256 114
WRITE 95232 256 116
WRITE 95488 256 116
WRITE 95744 256 118
WRITE 96000 256 118
WRITE 96256 256 120
WRITE 96512 256 120
WRITE 96768 256 122
WRITE 97024 256 122
WRITE 97280 256 124
WRITE 97536 256 124
WRITE 97792 256 126
WRITE 98048 256 126
WRITE 98304 256 128
WRITE 98560 256 128
WRITE 98816 256 130
WRITE 99072 256 130
WRITE 99328 256 132
WRITE 99584 256 132
WRITE 99840 256 134
WRITE 100096 256 134
WRITE 100352 256 136
WRITE 100608 256 136
WRITE 100864 256 138
WRITE 101120 256 138
WRITE 101376 256 140
WRITE 101632 256 140
WRITE 101888 256 142
WRITE 102144 256 142
WRITE 102400 256 144
WRITE 102656 256 144
WRITE 102912 256 146
WRITE 103168 256 146
WRITE 103424 256 148
WRITE 103680 256 148
WRITE 103936 256 150
WRITE 104192 256 150
WRITE 104448 256 152
WRITE 104704 256 152
WRITE 104960 256 154
WRITE 105216 256 154
WRITE 105472 256 156
WRITE 105728 256 156
WRITE 105984 256 158
WRITE 106240 256 158
WRITE 106496 256 160
WRITE 106752 256 160
WRITE 107008 256 162
WRITE 107264 256 162
WRITE 107520 256 164
WRITE 107776 256 164
WRITE 108032 256 166
WRITE 108288 256 166
WRITE 108544 256 168
WRITE 108800 256 168
WRITE 109056 256 170
WRITE 109312 256 170
WRITE 109568 256 172
WRITE 109824 256 172
WRITE 110080 256 174
WRITE 110336 256 174
WRITE 110592 256 176
WRITE 110848 256 176
WRITE 111104 256 178
WRITE 111360 256 178
WRITE 111616 256 180
WRITE 111872 256 180
WRITE 112128 256 182
WRITE 112384 256 182
WRITE 112640 256 184
WRITE 112896 256 184
WRITE 113152 256 186
WRITE 113408 256 186
WRITE 113664 256 188
WRITE 113920 256 188
WRITE 114176 256 190
WRITE 114432 256 190
WRITE 114688 256 192
WRITE 114944 256 192
WRITE 115200 256 194
WRITE 115456 256 194
WRITE 115712 256 196
WRITE 115968 256 196
WRITE 116224 256 198
WRITE 116480 256 198
WRITE 116736 256 200
WRITE 116992 256 200
WRITE 117248 256 202
WRITE 117504 256 202
WRITE 117760 256 204
WRITE 118016 256 204
WRITE 118272 256 206
WRITE 118528 256 206
WRITE 118784 256 208
WRITE 119040 256 208
WRITE 119296 256 210
WRITE 119552 256 210
WRITE 119808 256 212
WRITE 120064 256 212
WRITE 120320 256 214
WRITE 120576 256 214
WRITE 120832 256 216
WRITE 121088 256 216
WRITE 121344 256 218
WRITE 121600 256 218
WRITE 121856 256 220
WRITE 122112 256 220
WRITE 122368 256 222
WRITE 122624 256 222
WRITE 122880 256 224
WRITE 123136 256 224
WRITE 123392 256 226
WRITE 123648 256 226
WRITE 123904 256 228
WRITE 124160 256 228
WRITE 124416 256 230
WRITE 124672 256 230
WRITE 124928 256 232
WRITE 125184 256 232
WRITE 125440 256 234
WRITE 125696 256 234
WRITE 125952 256 236
WRITE 126208 256 236
WRITE 126464 256 238
WRITE 126720 256 238
WRITE 126976 256 240
WRITE 127232 256 240
WRITE 127488 256 242
WRITE 127744 256 242
WRITE 128000 256 244
WRITE 128256 256 244
WRITE 128512 256 246
WRITE 128768 256 246
WRITE 129024 256 248
WRITE 129280 256 248
WRITE 129536 256 250
WRITE 129792 256 250
WRITE 130048 256 252
WRITE 130304 256 252
WRITE 130560 256 254
WRITE 130816 256 254
WRITE 131072 256 0
WRITE 131328 256 0
WRITE 131584 256 2
WRITE 131840 256 2
WRITE 132096 256 4
WRITE 132352 256 4
WRITE 132608 256 6
WRITE 132864 256 6
WRITE 133120 256 8
WRITE 133376 256 8
WRITE 133632 256 10
WRITE 133888 256 10
WRITE 134144 256 12
WRITE 134400 256 12
WRITE 134656 256 14
WRITE 134912 256 14
WRITE 135168 256 16
WRITE 135424 256 16
WRITE 135680 256 18
WRITE 135936 256 18
WRITE 136192 256 20
WRITE 136448 256 20
WRITE 136704 256 22
WRITE 136960 256 22
WRITE 137216 256 24
WRITE 137472 256 24
WRITE 137728 256 26
WRITE 137984 256 26
WRITE 138240 256 28
WRITE 138496 256 28
WRITE 138752 256 30
WRITE 139008 256 30
WRITE 139264 256 32
WRITE 139520 256 32
WRITE 139776 256 34
WRITE 140032 256 34
WRITE 140288 256 36
WRITE 140544 256 36
WRITE 140800 256 38
WRITE 141056 256 38
WRITE 141312 256 40
WRITE 141568 256 40
WRITE 141824 256 42
WRITE 142080 256 42
WRITE 142336 256 44
WRITE 142592 256 44
WRITE 142848 256 46
WRITE 143104 256 46
WRITE 143360 256 48
WRITE 143616 256 48
WRITE 143872 256 50
WRITE 144128 256 50
WRITE 144384 256 52
WRITE 144640 256 52
WRITE 144896 256 54
WRITE 145152 256 54
WRITE 145408 256 56
WRITE 145664 256 56
WRITE 145920 256 58
WRITE 146176 256 58
WRITE 146432 256 60
WRITE 146688 256 60
WRITE 146944 256 62
WRITE 147200 256 62
WRITE 147456 256 64
WRITE 147712 256 64
WRITE 147968 256 66
WRITE 148224 256 66
WRITE 148480 256 68
WRITE 148736 256 68
WRITE 148992 256 70
WRITE 149248 256 70
WRITE 149504 256 72
WRITE 149760 256 72
WRITE 150016 256 74
WRITE 150272 256 74
WRITE 150528 256 76
WRITE 150784 256 76
WRITE 151040 256 78
WRITE 151296 256 78
WRITE 151552 256 80
WRITE 151808 256 80
WRITE 152064 256 82
WRITE 152320 256 82
WRITE 152576 256 84
WRITE 152832 256 84
WRITE 153088 256 86
WRITE 153344 256 86
WRITE 153600 256 88
WRITE 153856 256 88
WRITE 154112 256 90
WRITE 154368 256 90
WRITE 154624 256 92
WRITE 154880 256 92
WRITE 155136 256 94
WRITE 155392 256 94
WRITE 155648 256 96
WRITE 155904 256 96
WRITE 156160 256 98
WRITE 156416 256 98
WRITE 156672 256 100
WRITE 156928 256 100
WRITE 157184 256 102
WRITE 157440 256 102
WRITE 157696 256 104
WRITE 157952 256 104
WRITE 158208 256 106
WRITE 158464 256 106
WRITE 158720 256 108
WRITE 158976 256 108
WRITE 159232 256 110
WRITE 159488 256 110
WRITE 159744 256 112
WRITE 160000 256 112
WRITE 160256 256 114
WRITE 160512 256 114
WRITE 160768 256 116
WRITE 161024 256 116
WRITE 161280 256 118
WRITE 161536 256 118
WRITE 161792 256 120
WRITE 162048 256 120
WRITE 162304 256 122
WRITE 162560 256 122
WRITE 162816 256 124
WRITE 163072 256 124
WRITE 163328 256 126
WRITE 163584 256 126
WRITE 163840 256 128
WRITE 164096 256 128
WRITE 164352 256 130
WRITE 164608 256 130
WRITE 164864 256 132
WRITE 165120 256 132
WRITE 165376 256 134
WRITE 165632 256 134
WRITE 165888 256 136
WRITE 166144 256 136
WRITE 166400 256 138
WRITE 166656 256 138
WRITE 166912 256 140
WRITE 167168 256 140
WRITE 167424 256 142
WRITE 167680 256 142
WRITE 167936 256 144
WRITE 168192 256 144
WRITE 168448 256 146
WRITE 168704 256 146
WRITE 168960 256 148
WRITE 169216 256 148
WRITE 169472 256 150
WRITE 169728 256 150
WRITE 169984 256 152
WRITE 170240 256 152
WRITE 170496 256 154
WRITE 170752 256 154
WRITE 171008 256 156
WRITE 171264 256 156
WRITE 171520 256 158
WRITE 171776 256 158
WRITE 172032 256 160
WRITE 172288 256 160
WRITE 172544 256 162
WRITE 172800 256 162
WRITE 173056 256 164
WRITE 173312 256 164
WRITE 173568 256 166
WRITE 173824 256 166
WRITE 174080 256 168
WRITE 174336 256 168
WRITE 174592 256 170
WRITE 174848 256 170
WRITE 175104 256 172
WRITE 175360 256 172
WRITE 175616 256 174
WRITE 175872 256 174
WRITE 176128 256 176
WRITE 176384 256 176
WRITE 176640 256 178
WRITE 176896 256 178
WRITE 177152 256 180
WRITE 177408 256 180
WRITE 177664 256 182
WRITE 177920 256 182
WRITE 178176 256 184
WRITE 178432 256 184
WRITE 178688 256 186
WRITE 178944 256 186
WRITE 179200 256 188
WRITE 179456 256 188
WRITE 179712 256 190
WRITE 179968 256 190
WRITE 180224 256 192
WRITE 180480 256 192
WRITE 180736 256 194
WRITE 180992 256 194
WRITE 181248 256 196
WRITE 181504 256 196
WRITE 181760 256 198
WRITE 182016 256 198
WRITE 182272 256 200
WRITE 182528 256 200
WRITE 182784 256 202
WRITE 183040 256 202
WRITE 183296 256 204
WRITE 183552 256 204
WRITE 183808 256 206
WRITE 184064 256 206
WRITE 184320 256 208
WRITE 184576 256 208
WRITE 184832 256 210
WRITE 185088 256 210
WRITE 185344 256 212
WRITE 185600 256 212
WRITE 185856 256 214
WRITE 186112 256 214
WRITE 186368 256 216
WRITE 186624 256 216
WRITE 186880 256 218
WRITE 187136 256 218
WRITE 187392 256 220
WRITE 187648 256 220
WRITE 187904 256 222
WRITE 188160 256 222
WRITE 188416 256 224
WRITE 188672 256 224
WRITE 188928 256 226
WRITE 189184 256 226
WRITE 189440 256 228
WRITE 189696 256 228
WRITE 189952 256 230
WRITE 190208 256 230
WRITE 190464 256 232
WRITE 190720 256 232
WRITE 190976 256 234
WRITE 191232 256 234
WRITE 191488 256 236
WRITE 191744 256 236
WRITE 192000 256 238
WRITE 192256 256 238
WRITE 192512 256 240
WRITE 192768 256 240
WRITE 193024 256 242
WRITE 193280 256 242
WRITE 193536 256 244
WRITE 193792 256 244
WRITE 194048 256 246
WRITE 194304 256 246
WRITE 194560 256 248
WRITE 194816 256 248
WRITE 195072 256 250
WRITE 195328 256 250
WRITE 195584 256 252
WRITE 195840 256 252
WRITE 196096 256 254
WRITE 196352 256 254
WRITE 196608 256 0
WRITE 196864 256 0
WRITE 197120 256 2
WRITE 197376 256 2
WRITE 197632 256 4
WRITE 197888 256 4
WRITE 198144 256 6
WRITE 198400 256 6
WRITE 198656 256 8
WRITE 198912 256 8
WRITE 199168 256 10
WRITE 199424 256 10
WRITE 199680 256 12
WRITE 199936 256 12
WRITE 200192 256 14
WRITE 200448 256 14
WRITE 200704 256 16
WRITE 200960 256 16
WRITE 201216 256 18
WRITE 201472 256 18
WRITE 201728 256 20
WRITE 201984 256 20
WRITE 202240 256 22
WRITE 202496 256 22
WRITE 202752 256 24
WRITE 203008 256 24
WRITE 203264 256 26
WRITE 203520 256 26
WRITE 203776 256 28
WRITE 204032 256 28
WRITE 204288 256 30
WRITE 204544 256 30
WRITE 204800 256 32
WRITE 205056 256 32
WRITE 205312 256 34
WRITE 205568 256 34
WRITE 205824 256 36
WRITE 206080 256 36
WRITE 206336 256 38
WRITE 206592 256 38
WRITE 206848 256 40
WRITE 207104 256 40
WRITE 207360 256 42
WRITE 207616 256 42
WRITE 207872 256 44
WRITE 208128 256 44
WRITE 208384 256 46
WRITE 208640 256 46
WRITE 208896 256 48
WRITE 209152 256 48
WRITE 209408 256 50
WRITE 209664 256 50
WRITE 209920 256 52
WRITE 210176 256 52
WRITE 210432 256 54
WRITE 210688 256 54
WRITE 210944 256 56
WRITE 211200 256 56
WRITE 211456 256 58
WRITE 211712 256 58
WRITE 211968 256 60
WRITE 212224 256 60
WRITE 212480 256 62
WRITE 212736 256 62
WRITE 212992 256 64
WRITE 213248 256 64
WRITE 213504 256 66
WRITE 213760 256 66
WRITE 214016 256 68
WRITE 214272 256 68
WRITE 214528 256 70
WRITE 214784 256 70
WRITE 215040 256 72
WRITE 215296 256 72
WRITE 215552 256 74
WRITE 215808 256 74
WRITE 216064 256 76
WRITE 216320 256 76
WRITE 216576 256 78
WRITE 216832 256 78
WRITE 217088 256 80
WRITE 217344 256 80
WRITE 217600 256 82
WRITE 217856 256 82
WRITE 218112 256 84
WRITE 218368 256 84
WRITE 218624 256 86
WRITE 218880 256 86
WRITE 219136 256 88
WRITE 219392 256 88
WRITE 219648 256 90
WRITE 219904 256 90
WRITE 220160 256 92
WRITE 220416 256 92
WRITE 220672 256 94
WRITE 220928 256 94
WRITE 221184 256 96
WRITE 221440 256 96
WRITE 221696 256 98
WRITE 221952 256 98
WRITE 222208 256 100
WRITE 222464 256 100
WRITE 222720 256 102
WRITE 222976 256 102
WRITE 223232 256 104
WRITE 223488 256 104
WRITE 223744 256 106
WRITE 224000 256 106
WRITE 224256 256 108
WRITE 224512 256 108
WRITE 224768 256 110
WRITE 225024 256 110
WRITE 225280 256 112
WRITE 225536 256 112
WRITE 225792 256 114
WRITE 226048 256 114
WRITE 226304 256 116
WRITE 226560 256 116
WRITE 226816 256 118
WRITE 227072 256 118
WRITE 227328 256 120
WRITE 227584 256 120
WRITE 227840 256 122
WRITE 228096 256 122
WRITE 228352 256 124
WRITE 228608 256 124
WRITE 228864 256 126
WRITE 229120 256 126
WRITE 229376 256 128
WRITE 229632 256 128
WRITE 229888 256 130
WRITE 230144 256 130
WRITE 230400 256 132
WRITE 230656 256 132
WRITE 230912 256 134
WRITE 231168 256 134
WRITE 231424 256 136
WRITE 231680 256 136
WRITE 231936 256 138
WRITE 232192 256 138
WRITE 232448 256 140
WRITE 232704 256 140
WRITE 232960 256 142
WRITE 233216 256 142
WRITE 233472 256 144
WRITE 233728 256 144
WRITE 233984 256 146
WRITE 234240 256 146
WRITE 234496 256 148
WRITE 234752 256 148
WRITE 235008 256 150
WRITE 235264 256 150
WRITE 235520 256 152
WRITE 235776 256 152
WRITE 236032 256 154
WRITE 236288 256 154
WRITE 236544 256 156
WRITE 236800 256 156
WRITE 237056 256 158
WRITE 237312 256 158
WRITE 237568 256 160
WRITE 237824 256 160
WRITE 238080 256 162
WRITE 238336 256 162
WRITE 238592 256 164
WRITE 238848 256 164
WRITE 239104 256 166
WRITE 239360 256 166
WRITE 239616 256 168
WRITE 239872 256 168
WRITE 240128 256 170
WRITE 240384 256 170
WRITE 240640 256 172
WRITE 240896 256 172
WRITE 241152 256 174
WRITE 241408 256 174
WRITE 241664 256 176
WRITE 241920 256 176
WRITE 242176 256 178
WRITE 242432 256 178
WRITE 242688 256 180
WRITE 242944 256 180
WRITE 243200 256 182
WRITE 243456 256 182
WRITE 243712 256 184
WRITE 243968 256 184
WRITE 244224 256 186
WRITE 244480 256 186
WRITE 244736 256 188
WRITE 244992 256 188
WRITE 245248 256 190
WRITE 245504 256 190
WRITE 245760 256 192
WRITE 246016 256 192
WRITE 246272 256 194
WRITE 246528 256 194
WRITE 246784 256 196
WRITE 247040 256 196
WRITE 247296 256 198
WRITE 247552 256 198
WRITE 247808 256 200
WRITE 248064 256 200
WRITE 248320 256 202
WRITE 248576 256 202
WRITE 248832 256 204
WRITE 249088 256 204
WRITE 249344 256 206
WRITE 249600 256 206
WRITE 249856 256 208
WRITE 250112 256 208
WRITE 250368 256 210
WRITE 250624 256 210
WRITE 250880 256 212
WRITE 251136 256 212
WRITE 251392 256 214
WRITE 251648 256 214
WRITE 251904 256 216
WRITE 252160 256 216
WRITE 252416 256 218
WRITE 252672 256 218
WRITE 252928 256 220
WRITE 253184 256 220
WRITE 253440 256 222
WRITE 253696 256 222
WRITE 253952 256 224
WRITE 254208 256 224
WRITE 254464 256 226
WRITE 254720 256 226
WRITE 254976 256 228
WRITE 255232 256 228
WRITE 255488 256 230
WRITE 255744 256 230
WRITE 256000 256 232
WRITE 256256 256 232
WRITE 256512 256 234
WRITE 256768 256 234
WRITE 257024 256 236
WRITE 257280 256 236
WRITE 257536 256 238
WRITE 257792 256 238
WRITE 258048 256 240
WRITE 258304 256 240
WRITE 258560 256 242
WRITE 258816 256 242
WRITE 259072 256 244
WRITE 259328 256 244
WRITE 259584 256 246
WRITE 259840 256 246
WRITE 260096 256 248
WRITE 260352 256 248
WRITE 260608 256 250
WRITE 260864 256 250
WRITE 261120 256 252
WRITE 261376 256 252
WRITE 261632 256 254
WRITE 261888 256 254
WRITE 262144 256 0
WRITE 262400 256 0
WRITE 262656 256 2
WRITE 262912 256 2
WRITE 263168 256 4
WRITE 263424 256 4
WRITE 263680 256 6
WRITE 263936 256 6
WRITE 264192 256 8
WRITE 264448 256 8
WRITE 264704 256 10
WRITE 264960 256 10
WRITE 265216 256 12
WRITE 265472 256 12
WRITE 265728 256 14
WRITE 265984 256 14
WRITE 266240 256 16
WRITE 266496 256 16
WRITE 266752 256 18
WRITE 267008 256 18
WRITE 267264 256 20
WRITE 267520 256 20
WRITE 267776 256 22
WRITE 268032 256 22
WRITE 268288 256 24
WRITE 268544 256 24
WRITE 268800 256 26
WRITE 269056 256 26
WRITE 269312 256 28
WRITE 269568 256 28
WRITE 269824 256 30
WRITE 270080 256 30
WRITE 270336 256 32
WRITE 270592 256 32
WRITE 270848 256 34
WRITE 271104 256 34
WRITE 271360 256 36
WRITE 271616 256 36
WRITE 271872 256 38
WRITE 272128 256 38
WRITE 272384 256 40
WRITE 272640 256 40
WRITE 272896 256 42
WRITE 273152 256 42
WRITE 273408 256 44
WRITE 273664 256 44
WRITE 273920 256 46
WRITE 274176 256 46
WRITE 274432 256 48
WRITE 274688 256 48
WRITE 274944 256 50
WRITE 275200 256 50
WRITE 275456 256 52
WRITE 275712 256 52
WRITE 275968 256 54
WRITE 276224 256 54
WRITE 276480 256 56
WRITE 276736 256 56
WRITE 276992 256 58
WRITE 277248 256 58
WRITE 277504 256 60
WRITE 277760 256 60
WRITE 278016 256 62
WRITE 278272 256 62
WRITE 278528 256 64
WRITE 278784 256 64
WRITE 279040 256 66
WRITE 279296 256 66
WRITE 279552 256 68
WRITE 279808 256 68
WRITE 280064 256 70
WRITE 280320 256 70
WRITE 280576 256 72
WRITE 280832 256 72
WRITE 281088 256 74
WRITE 281344 256 74
WRITE 281600 256 76
WRITE 281856 256 76
WRITE 282112 256 78
WRITE 282368 256 78
WRITE 282624 256 80
WRITE 282880 256 80
WRITE 283136 256 82
WRITE 283392 256 82
WRITE 283648 256 84
WRITE 283904 256 84
WRITE 284160 256 86
WRITE 284416 256 86
WRITE 284672 256 88
WRITE 284928 256 88
WRITE 285184 256 90
WRITE 285440 256 90
WRITE 285696 256 92
WRITE 285952 256 92
WRITE 286208 256 94
WRITE 286464 256 94
WRITE 286720 256 96
WRITE 286976 256 96
WRITE 287232 256 98
WRITE 287488 256 98
WRITE 287744 256 100
WRITE 288000 256 100
WRITE 288256 256 102
WRITE 288512 256 102
WRITE 288768 256 104
WRITE 289024 256 104
WRITE 289280 256 106
WRITE 289536 256 106
WRITE 289792 256 108
WRITE 290048 256 108
WRITE 290304 256 110
WRITE 290560 256 110
WRITE 290816 256 112
WRITE 291072 256 112
WRITE 291328 256 114
WRITE 291584 256 114
WRITE 291840 256 116
WRITE 292096 256 116
WRITE 292352 256 118
WRITE 292608 256 118
WRITE 292864 256 120
WRITE 293120 256 120
WRITE 293376 256 122
WRITE 293632 256 122
WRITE 293888 256 124
WRITE 294144 256 124
WRITE 294400 256 126
WRITE 294656 256 126
WRITE 294912 256 128
WRITE 295168 256 128
WRITE 295424 256 130
WRITE 295680 256 130
WRITE 295936 256 132
WRITE 296192 256 132
WRITE 296448 256 134
WRITE 296704 256 134
WRITE 296960 256 136
WRITE 297216 256 136
WRITE 297472 256 138
WRITE 297728 256 138
WRITE 297984 256 140
WRITE 298240 256 140
WRITE 298496 256 142
WRITE 298752 256 142
WRITE 299008 256 144
WRITE 299264 256 144
WRITE 299520 256 146
WRITE 299776 256 146
WRITE 300032 256 148
WRITE 300288 256 148
WRITE 300544 256 150
WRITE 300800 256 150
WRITE 301056 256 152
WRITE 301312 256 152
WRITE 301568 256 154
WRITE 301824 256 154
WRITE 302080 256 156
WRITE 302336 256 156
WRITE 302592 256 158
WRITE 302848 256 158
WRITE 303104 256 160
WRITE 303360 256 160
WRITE 303616 256 162
WRITE 303872 256 162
WRITE 304128 256 164
WRITE 304384 256 164
WRITE 304640 256 166
WRITE 304896 256 166
WRITE 305152 256 168
WRITE 305408 256 168
WRITE 305664 256 170
WRITE 305920 256 170
WRITE 306176 256 172
WRITE 306432 256 172
WRITE 306688 256 174
WRITE 306944 256 174
WRITE 307200 256 176
WRITE 307456 256 176
WRITE 307712 256 178
WRITE 307968 256 178
WRITE 308224 256 180
WRITE 308480 256 180
WRITE 308736 256 182
WRITE 308992 256 182
WRITE 309248 256 184
WRITE 309504 256 184
WRITE 309760 256 186
WRITE 310016 256 186
WRITE 310272 256 188
WRITE 310528 256 188
WRITE 310784 256 190
WRITE 311040 256 190
WRITE 311296 256 192
WRITE 311552 256 192
WRITE 311808 256 194
WRITE 312064 256 194
WRITE 312320 256 196
WRITE 312576 256 196
WRITE 312832 256 198
WRITE 313088 256 198
WRITE 313344 256 200
WRITE 313600 256 200
WRITE 313856 256 202
WRITE 314112 256 202
WRITE 314368 256 204
WRITE 314624 256 204
WRITE 314880 256 206
WRITE 315136 256 206
WRITE 315392 256 208
WRITE 315648 256 208
WRITE 315904 256 210
WRITE 316160 256 210
WRITE 316416 256 212
WRITE 316672 256 212
WRITE 316928 256 214
WRITE 317184 256 214
WRITE 317440 256 216
WRITE 317696 256 216
WRITE 317952 256 218
WRITE 318208 256 218
WRITE 318464 256 220
WRITE 318720 256 220
WRITE 318976 256 222
WRITE 319232 256 222
WRITE 319488 256 224
WRITE 319744 256 224
WRITE 320000 256 226
WRITE 320256 256 226
WRITE 320512 256 228
WRITE 320768 256 228
WRITE 321024 256 230
WRITE 321280 256 230
WRITE 321536 256 232
WRITE 321792 256 232
WRITE 322048 256 234
WRITE 322304 256 234
WRITE 322560 256 236
WRITE 322816 256 236
WRITE 323072 256 238
WRITE 323328 256 238
WRITE 323584 256 240
WRITE 323840 256 240
WRITE 324096 256 242
WRITE 324352 256 242
WRITE 324608 256 244
WRITE 324864 256 244
WRITE 325120 256 246
WRITE 325376 256 246
WRITE 325632 256 248
WRITE 325888 256 248
WRITE 326144 256 250
WRITE 326400 256 250
WRITE 326656 256 252
WRITE 326912 256 252
WRITE 327168 256 254
WRITE 327424 256 254
WRITE 327680 256 0
WRITE 327936 256 0
WRITE 328192 256 2
WRITE 328448 256 2
WRITE 328704 256 4
WRITE 328960 256 4
WRITE 329216 256 6
WRITE 329472 256 6
WRITE 329728 256 8
WRITE 329984 256 8
WRITE 330240 256 10
WRITE 330496 256 10
WRITE 330752 256 12
WRITE 331008 256 12
WRITE 331264 256 14
WRITE 331520 256 14
WRITE 331776 256 16
WRITE 332032 256 16
WRITE 332288 256 18
WRITE 332544 256 18
WRITE 332800 256 20
WRITE 333056 256 20
WRITE 333312 256 22
WRITE 333568 256 22
WRITE 333824 256 24
WRITE 334080 256 24
WRITE 334336 256 26
WRITE 334592 256 26
WRITE 334848 256 28
WRITE 335104 256 28
WRITE 335360 256 30
WRITE 335616 256 30
WRITE 335872 256 32
WRITE 336128 256 32
WRITE 336384 256 34
WRITE 336640 256 34
WRITE 336896 256 36
WRITE 337152 256 36
WRITE 337408 256 38
WRITE 337664 256 38
WRITE 337920 256 40
WRITE 338176 256 40
WRITE 338432 256 42
WRITE 338688 256 42
WRITE 338944 256 44
WRITE 339200 256 44
WRITE 339456 256 46
WRITE 339712 256 46
WRITE 339968 256 48
WRITE 340224 256 48
WRITE 340480 256 50
WRITE 340736 256 50
WRITE 340992 256 52
WRITE 341248 256 52
WRITE 341504 256 54
WRITE 341760 256 54
WRITE 342016 256 56
WRITE 342272 256 56
WRITE 342528 256 58
WRITE 342784 256 58
WRITE 343040 256 60
WRITE 343296 256 60
WRITE 343552 256 62
WRITE 343808 256 62
WRITE 344064 256 64
WRITE 344320 256 64
WRITE 344576 256 66
WRITE 344832 256 66
WRITE 345088 256 68
WRITE 345344 256 68
WRITE 345600 256 70
WRITE 345856 256 70
WRITE 346112 256 72
WRITE 346368 256 72
WRITE 346624 256 74
WRITE 346880 256 74
WRITE 347136 256 76
WRITE 347392 256 76
WRITE 347648 256 78
WRITE 347904 256 78
WRITE 348160 256 80
WRITE 348416 256 80
WRITE 348672 256 82
WRITE 348928 256 82
WRITE 349184 256 84
WRITE 349440 256 84
WRITE 349696 256 86
WRITE 349952 256 86
WRITE 350208 256 88
WRITE 350464 256 88
WRITE 350720 256 90
WRITE 350976 256 90
WRITE 351232 256 92
WRITE 351488 256 92
WRITE 351744 256 94
WRITE 352000 256 94
WRITE 352256 256 96
WRITE 352512 256 96
WRITE 352768 256 98
WRITE 353024 256 98
WRITE 353280 256 100
WRITE 353536 256 100
WRITE 353792 256 102
WRITE 354048 256 102
WRITE 354304 256 104
WRITE 354560 256 104
WRITE 354816 256 106
WRITE 355072 256 106
WRITE 355328 256 108
WRITE 355584 256 108
WRITE 355840 256 110
WRITE 356096 256 110
WRITE 356352 256 112
WRITE 356608 256 112
WRITE 356864 256 114
WRITE 357120 256 114
WRITE 357376 256 116
WRITE 357632 256 116
WRITE 357888 256 118
WRITE 358144 256 118
WRITE 358400 256 120
WRITE 358656 256 120
WRITE 358912 256 122
WRITE 359168 256 122
WRITE 359424 256 124
WRITE 359680 256 124
WRITE 359936 256 126
WRITE 360192 256 126
WRITE 360448 256 128
WRITE 360704 256 128
WRITE 360960 256 130
WRITE 361216 256 130
WRITE 361472 256 132
WRITE 361728 256 132
WRITE 361984 256 134
WRITE 362240 256 134
WRITE 362496 256 136
WRITE 362752 256 136
WRITE 363008 256 138
WRITE 363264 256 138
WRITE 363520 256 140
WRITE 363776 256 140
WRITE 364032 256 142
WRITE 364288 256 142
WRITE 364544 256 144
WRITE 364800 256 144
WRITE 365056 256 146
WRITE 365312 256 146
WRITE 365568 256 148
WRITE 365824 256 148
WRITE 366080 256 150
WRITE 366336 256 150
WRITE 366592 256 152
WRITE 366848 256 152
WRITE 367104 256 154
WRITE 367360 256 154
WRITE 367616 256 156
WRITE 367872 256 156
WRITE 368128 256 158
WRITE 368384 256 158
WRITE 368640 256 160
WRITE 368896 256 160
WRITE 369152 256 162
WRITE 369408 256 162
WRITE 369664 256 164
WRITE 369920 256 164
WRITE 370176 256 166
WRITE 370432 256 166
WRITE 370688 256 168
WRITE 370944 256 168
WRITE 371200 256 170
WRITE 371456 256 170
WRITE 371712 256 172
WRITE 371968 256 172
WRITE 372224 256 174
WRITE 372480 256 174
WRITE 372736 256 176
WRITE 372992 256 176
WRITE 373248 256 178
WRITE 373504 256 178
WRITE 373760 256 180
WRITE 374016 256 180
WRITE 374272 256 182
WRITE 374528 256 182
WRITE 374784 256 184
WRITE 375040 256 184
WRITE 375296 256 186
WRITE 375552 256 186
WRITE 375808 256 188
WRITE 376064 256 188
WRITE 376320 256 190
WRITE 376576 256 190
WRITE 376832 256 192
WRITE 377088 256 192
WRITE 377344 256 194
WRITE 377600 256 194
WRITE 377856 256 196
WRITE 378112 256 196
WRITE 378368 256 198
WRITE 378624 256 198
WRITE 378880 256 200
WRITE 379136 256 200
WRITE 379392 256 202
WRITE 379648 256 202
WRITE 379904 256 204
WRITE 380160 256 204
WRITE 380416 256 206
WRITE 380672 256 206
WRITE 380928 256 208
WRITE 381184 256 208
WRITE 381440 256 210
WRITE 381696 256 210
WRITE 381952 256 212
WRITE 382208 256 212
WRITE 382464 256 214
WRITE 382720 256 214
WRITE 382976 256 216
WRITE 383232 256 216
WRITE 383488 256 218
WRITE 383744 256 218
WRITE 384000 256 220
WRITE 384256 256 220
WRITE 384512 256 222
WRITE 384768 256 222
WRITE 385024 256 224
WRITE 385280 256 224
WRITE 385536 256 226
WRITE 385792 256 226
WRITE 386048 256 228
WRITE 386304 256 228
WRITE 386560 256 230
WRITE 386816 256 230
WRITE 387072 256 232
WRITE 387328 256 232
WRITE 387584 256 234
WRITE 387840 256 234
WRITE 388096 256 236
WRITE 388352 256 236
WRITE 388608 256 238
WRITE 388864 256 238
WRITE 389120 256 240
WRITE 389376 256 240
WRITE 389632 256 242
WRITE 389888 256 242
WRITE 390144 256 244
WRITE 390400 256 244
WRITE 390656 256 246
WRITE 390912 256 246
WRITE 391168 256 248
WRITE 391424 256 248
WRITE 391680 256 250
WRITE 391936 256 250
WRITE 392192 256 252
WRITE 392448 256 252
WRITE 392704 256 254
WRITE 392960 256 254
WRITE 393216 256 0
WRITE 393472 256 0
WRITE 393728 256 2
WRITE 393984 256 2
WRITE 394240 256 4
WRITE 394496 256 4
WRITE 394752 256 6
WRITE 395008 256 6
WRITE 395264 256 8
WRITE 395520 256 8
WRITE 395776 256 10
WRITE 396032 256 10
WRITE 396288 256 12
WRITE 396544 256 12
WRITE 396800 256 14
WRITE 397056 256 14
WRITE 397312 256 16
WRITE 397568 256 16
WRITE 397824 256 18
WRITE 398080 256 18
WRITE 398336 256 20
WRITE 398592 256 20
WRITE 398848 256 22
WRITE 399104 256 22
WRITE 399360 256 24
WRITE 399616 256 24
WRITE 399872 256 26
WRITE 400128 256 26
WRITE 400384 256 28
WRITE 400640 256 28
WRITE 400896 256 30
WRITE 401152 256 30
WRITE 401408 256 32
WRITE 401664 256 32
WRITE 401920 256 34
WRITE 402176 256 34
WRITE 402432 256 36
WRITE 402688 256 36
WRITE 402944 256 38
WRITE 403200 256 38
WRITE 403456 256 40
WRITE 403712 256 40
WRITE 403968 256 42
WRITE 404224 256 42
WRITE 404480 256 44
WRITE 404736 256 44
WRITE 404992 256 46
WRITE 405248 256 46
WRITE 405504 256 48
WRITE 405760 256 48
WRITE 406016 256 50
WRITE 406272 256 50
WRITE 406528 256 52
WRITE 406784 256 52
WRITE 407040 256 54
WRITE 407296 256 54
WRITE 407552 256 56
WRITE 407808 256 56
WRITE 408064 256 58
WRITE 408320 256 58
WRITE 408576 256 60
WRITE 408832 256 60
WRITE 409088 256 62
WRITE 409344 256 62
WRITE 409600 256 64
WRITE 409856 256 64
WRITE 410112 256 66
WRITE 410368 256 66
WRITE 410624 256 68
WRITE 410880 256 68
WRITE 411136 256 70
WRITE 411392 256 70
WRITE 411648 256 72
WRITE 411904 256 72
WRITE 412160 256 74
WRITE 412416 256 74
WRITE 412672 256 76
WRITE 412928 256 76
WRITE 413184 256 78
WRITE 413440 256 78
WRITE 413696 256 80
WRITE 413952 256 80
WRITE 414208 256 82
WRITE 414464 256 82
WRITE 414720 256 84
WRITE 414976 256 84
WRITE 415232 256 86
WRITE 415488 256 86
WRITE 415744 256 88
WRITE 416000 256 88
WRITE 416256 256 90
WRITE 416512 256 90
WRITE 416768 256 92
WRITE 417024 256 92
WRITE 417280 256 94
WRITE 417536 256 94
WRITE 417792 256 96
WRITE 418048 256 96
WRITE 418304 256 98
WRITE 418560 256 98
WRITE 418816 256 100
WRITE 419072 256 100
WRITE 419328 256 102
WRITE 419584 256 102
WRITE 419840 256 104
WRITE 420096 256 104
WRITE 420352 256 106
WRITE 420608 256 106
WRITE 420864 256 108
WRITE 421120 256 108
WRITE 421376 256 110
WRITE 421632 256 110
WRITE 421888 256 112
WRITE 422144 256 112
WRITE 422400 256 114
WRITE 422656 256 114
WRITE 422912 256 116
WRITE 423168 256 116
WRITE 423424 256 118
WRITE 423680 256 118
WRITE 423936 256 120
WRITE 424192 256 120
WRITE 424448 256 122
WRITE 424704 256 122
WRITE 424960 256 124
WRITE 425216 256 124
WRITE 425472 256 126
WRITE 425728 256 126
WRITE 425984 256 128
WRITE 426240 256 128
WRITE 426496 256 130
WRITE 426752 256 130
WRITE 427008 256 132
WRITE 427264 256 132
WRITE 427520 256 134
WRITE 427776 256 134
WRITE 428032 256 136
WRITE 428288 256 136
WRITE 428544 256 138
WRITE 428800 256 138
WRITE 429056 256 140
WRITE 429312 256 140
WRITE 429568 256 142
WRITE 429824 256 142
WRITE 430080 256 144
WRITE 430336 256 144
WRITE 430592 256 146
WRITE 430848 256 146
WRITE 431104 256 148
WRITE 431360 256 148
WRITE 431616 256 150
WRITE 431872 256 150
WRITE 432128 256 152
WRITE 432384 256 152
WRITE 432640 256 154
WRITE 432896 256 154
WRITE 433152 256 156
WRITE 433408 256 156
WRITE 433664 256 158
WRITE 433920 256 158
WRITE 434176 256 160
WRITE 434432 256 160
WRITE 434688 256 162
WRITE 434944 256 162
WRITE 435200 256 164
WRITE 435456 256 164
WRITE 435712 256 166
WRITE 435968 256 166
WRITE 436224 256 168
WRITE 436480 256 168
WRITE 436736 256 170
WRITE 436992 256 170
WRITE 437248 256 172
WRITE 437504 256 172
WRITE 437760 256 174
WRITE 438016 256 174
WRITE 438272 256 176
WRITE 438528 256 176
WRITE 438784 256 178
WRITE 439040 256 178
WRITE 439296 256 180
WRITE 439552 256 180
WRITE 439808 256 182
WRITE 440064 256 182
WRITE 440320 256 184
WRITE 440576 256 184
WRITE 440832 256 186
WRITE 441088 256 186
WRITE 441344 256 188
WRITE 441600 256 188
WRITE 441856 256 190
WRITE 442112 256 190
WRITE 442368 256 192
WRITE 442624 256 192
WRITE 442880 256 194
WRITE 443136 256 194
WRITE 443392 256 196
WRITE 443648 256 196
WRITE 443904 256 198
WRITE 444160 256 198
WRITE 444416 256 200
WRITE 444672 256 200
WRITE 444928 256 202
WRITE 445184 256 202
WRITE 445440 256 204
WRITE 445696 256 204
WRITE 445952 256 206
WRITE 446208 256 206
WRITE 446464 256 208
WRITE 446720 256 208
WRITE 446976 256 210
WRITE 447232 256 210
WRITE 447488 256 212
WRITE 447744 256 212
WRITE 448000 256 214
WRITE 448256 256 214
WRITE 448512 256 216
WRITE 448768 256 216
WRITE 449024 256 218
WRITE 449280 256 218
WRITE 449536 256 220
WRITE 449792 256 220
WRITE 450048 256 222
WRITE 450304 256 222
WRITE 450560 256 224
WRITE 450816 256 224
WRITE 451072 256 226
WRITE 451328 256 226
WRITE 451584 256 228
WRITE 451840 256 228
WRITE 452096 256 230
WRITE 452352 256 230
WRITE 452608 256 232
WRITE 452864 256 232
WRITE 453120 256 234
WRITE 453376 256 234
WRITE 453632 256 236
WRITE 453888 256 236
WRITE 454144 256 238
WRITE 454400 256 238
WRITE 454656 256 240
WRITE 454912 256 240
WRITE 455168 256 242
WRITE 455424 256 242
WRITE 455680 256 244
WRITE 455936 256 244
WRITE 456192 256 246
WRITE 456448 256 246
WRITE 456704 256 248
WRITE 456960 256 248
WRITE 457216 256 250
WRITE 457472 256 250
WRITE 457728 256 252
WRITE 457984 256 252
WRITE 458240 256 254
WRITE 458496 256 254
WRITE 458752 256 0
WRITE 459008 256 0
WRITE 459264 256 2
WRITE 459520 256 2
WRITE 459776 256 4
WRITE 460032 256 4
WRITE 460288 256 6
WRITE 460544 256 6
WRITE 460800 256 8
WRITE 461056 256 8
WRITE 461312 256 10
WRITE 461568 256 10
WRITE 461824 256 12
WRITE 462080 256 12
WRITE 462336 256 14
WRITE 462592 256 14
WRITE 462848 256 16
WRITE 463104 256 16
WRITE 463360 256 18
WRITE 463616 256 18
WRITE 463872 256 20
WRITE 464128 256 20
WRITE 464384 256 22
WRITE 464640 256 22
WRITE 464896 256 24
WRITE 465152 256 24
WRITE 465408 256 26
WRITE 465664 256 26
WRITE 465920 256 28
WRITE 466176 256 28
WRITE 466432 256 30
WRITE 466688 256 30
WRITE 466944 256 32
WRITE 467200 256 32
WRITE 467456 256 34
WRITE 467712 256 34
WRITE 467968 256 36
WRITE 468224 256 36
WRITE 468480 256 38
WRITE 468736 256 38
WRITE 468992 256 40
WRITE 469248 256 40
WRITE 469504 256 42
WRITE 469760 256 42
WRITE 470016 256 44
WRITE 470272 256 44
WRITE 470528 256 46
WRITE 470784 256 46
WRITE 471040 256 48
WRITE 471296 256 48
WRITE 471552 256 50
WRITE 471808 256 50
WRITE 472064 256 52
WRITE 472320 256 52
WRITE 472576 256 54
WRITE 472832 256 54
WRITE 473088 256 56
WRITE 473344 256 56
WRITE 473600 256 58
WRITE 473856 256 58
WRITE 474112 256 60
WRITE 474368 256 60
WRITE 474624 256 62
WRITE 474880 256 62
WRITE 475136 256 64
WRITE 475392 256 64
WRITE 475648 256 66
WRITE 475904 256 66
WRITE 476160 256 68
WRITE 476416 256 68
WRITE 476672 256 70
WRITE 476928 256 70
WRITE 477184 256 72
WRITE 477440 256 72
WRITE 477696 256 74
WRITE 477952 256 74
WRITE 478208 256 76
WRITE 478464 256 76
WRITE 478720 256 78
WRITE 478976 256 78
WRITE 479232 256 80
WRITE 479488 256 80
WRITE 479744 256 82
WRITE 480000 256 82
WRITE 480256 256 84
WRITE 480512 256 84
WRITE 480768 256 86
WRITE 481024 256 86
WRITE 481280 256 88
WRITE 481536 256 88
WRITE 481792 256 90
WRITE 482048 256 90
WRITE 482304 256 92
WRITE 482560 256 92
WRITE 482816 256 94
WRITE 483072 256 94
WRITE 483328 256 96
WRITE 483584 256 96
WRITE 483840 256 98
WRITE 484096 256 98
WRITE 484352 256 100
WRITE 484608 256 100
WRITE 484864 256 102
WRITE 485120 256 102
WRITE 485376 256 104
WRITE 485632 256 104
WRITE 485888 256 106
WRITE 486144 256 106
WRITE 486400 256 108
WRITE 486656 256 108
WRITE 486912 256 110
WRITE 487168 256 110
WRITE 487424 256 112
WRITE 487680 256 112
WRITE 487936 256 114
WRITE 488192 256 114
WRITE 488448 256 116
WRITE 488704 256 116
WRITE 488960 256 118
WRITE 489216 256 118
WRITE 489472 256 120
WRITE 489728 256 120
WRITE 489984 256 122
WRITE 490240 256 122
WRITE 490496 256 124
WRITE 490752 256 124
WRITE 491008 256 126
WRITE 491264 256 126
WRITE 491520 256 128
WRITE 491776 256 128
WRITE 492032 256 130
WRITE 492288 256 130
WRITE 492544 256 132
WRITE 492800 256 132
WRITE 493056 256 134
WRITE 493312 256 134
WRITE 493568 256 136
WRITE 493824 256 136
WRITE 494080 256 138
WRITE 494336 256 138
WRITE 494592 256 140
WRITE 494848 256 140
WRITE 495104 256 142
WRITE 495360 256 142
WRITE 495616 256 144
WRITE 495872 256 144
WRITE 496128 256 146
WRITE 496384 256 146
WRITE 496640 256 148
WRITE 496896 256 148
WRITE 497152 256 150
WRITE 497408 256 150
WRITE 497664 256 152
WRITE 497920 256 152
WRITE 498176 256 154
WRITE 498432 256 154
WRITE 498688 256 156
WRITE 498944 256 156
WRITE 499200 256 158
WRITE 499456 256 158
WRITE 499712 256 160
WRITE 499968 256 160
WRITE 500224 256 162
WRITE 500480 256 162
WRITE 500736 256 164
WRITE 500992 256 164
WRITE 501248 256 166
WRITE 501504 256 166
WRITE 501760 256 168
WRITE 502016 256 168
WRITE 502272 256 170
WRITE 502528 256 170
WRITE 502784 256 172
WRITE 503040 256 172
WRITE 503296 256 174
WRITE 503552 256 174
WRITE 503808 256 176
WRITE 504064 256 176
WRITE 504320 256 178
WRITE 504576 256 178
WRITE 504832 256 180
WRITE 505088 256 180
WRITE 505344 256 182
WRITE 505600 256 182
WRITE 505856 256 184
WRITE 506112 256 184
WRITE 506368 256 186
WRITE 506624 256 186
WRITE 506880 256 188
WRITE 507136 256 188
WRITE 507392 256 190
WRITE 507648 256 190
WRITE 507904 256 192
WRITE 508160 256 192
WRITE 508416 256 194
WRITE 508672 256 194
WRITE 508928 256 196
WRITE 509184 256 196
WRITE 509440 256 198
WRITE 509696 256 198
WRITE 509952 256 200
WRITE 510208 256 200
WRITE 510464 256 202
WRITE 510720 256 202
WRITE 510976 256 204
WRITE 511232 256 204
WRITE 511488 256 206
WRITE 511744 256 206
WRITE 512000 256 208
WRITE 512256 256 208
WRITE 512512 256 210
WRITE 512768 256 210
WRITE 513024 256 212
WRITE 513280 256 212
WRITE 513536 256 214
WRITE 513792 256 214
WRITE 514048 256 216
WRITE 514304 256 216
WRITE 514560 256 218
WRITE 514816 256 218
WRITE 515072 256 220
WRITE 515328 256 220
WRITE 515584 256 222
WRITE 515840 256 222
WRITE 516096 256 224
WRITE 516352 256 224
WRITE 516608 256 226
WRITE 516864 256 226
WRITE 517120 256 228
WRITE 517376 256 228
WRITE 517632 256 230
WRITE 517888 256 230
WRITE 518144 256 232
WRITE 518400 256 232
WRITE 518656 256 234
WRITE 518912 256 234
WRITE 519168 256 236
WRITE 519424 256 236
WRITE 519680 256 238
WRITE 519936 256 238
WRITE 520192 256 240
WRITE 520448 256 240
WRITE 520704 256 242
WRITE 520960 256 242
WRITE 521216 256 244
WRITE 521472 256 244
WRITE 521728 256 246
WRITE 521984 256 246
WRITE 522240 256 248
WRITE 522496 256 248
WRITE 522752 256 250
WRITE 523008 256 250
WRITE 523264 256 252
WRITE 523520 256 252
WRITE 523776 256 254
WRITE 524032 256 254
WRITE 524288 256 0
WRITE 524544 256 0
WRITE 524800 256 2
WRITE 525056 256 2
WRITE 525312 256 4
WRITE 525568 256 4
WRITE 525824 256 6
WRITE 526080 256 6
WRITE 526336 256 8
WRITE 526592 256 8
WRITE 526848 256 10
WRITE 527104 256 10
WRITE 527360 256 12
WRITE 527616 256 12
WRITE 527872 256 14
WRITE 528128 256 14
WRITE 528384 256 16
WRITE 528640 256 16
WRITE 528896 256 18
WRITE 529152 256 18
WRITE 529408 256 20
WRITE 529664 256 20
WRITE 529920 256 22
WRITE 530176 256 22
WRITE 530432 256 24
WRITE 530688 256 24
WRITE 530944 256 26
WRITE 531200 256 26
WRITE 531456 256 28
WRITE 531712 256 28
WRITE 531968 256 30
WRITE 532224 256 30
WRITE 532480 256 32
WRITE 532736 256 32
WRITE 532992 256 34
WRITE 533248 256 34
WRITE 533504 256 36
WRITE 533760 256 36
WRITE 534016 256 38
WRITE 534272 256 38
WRITE 534528 256 40
WRITE 534784 256 40
WRITE 535040 256 42
WRITE 535296 256 42
WRITE 535552 256 44
WRITE 535808 256 44
WRITE 536064 256 46
WRITE 536320 256 46
WRITE 536576 256 48
WRITE 536832 256 48
WRITE 537088 256 50
WRITE 537344 256 50
WRITE 537600 256 52
WRITE 537856 256 52
WRITE 538112 256 54
WRITE 538368 256 54
WRITE 538624 256 56
WRITE 538880 256 56
WRITE 539136 256 58
WRITE 539392 256 58
WRITE 539648 256 60
WRITE 539904 256 60
WRITE 540160 256 62
WRITE 540416 256 62
WRITE 540672 256 64
WRITE 540928 256 64
WRITE 541184 256 66
WRITE 541440 256 66
WRITE 541696 256 68
WRITE 541952 256 68
WRITE 542208 256 70
WRITE 542464 256 70
WRITE 542720 256 72
WRITE 542976 256 72
WRITE 543232 256 74
WRITE 543488 256 74
WRITE 543744 256 76
WRITE 544000 256 76
WRITE 544256 256 78
WRITE 544512 256 78
WRITE 544768 256 80
WRITE 545024 256 80
WRITE 545280 256 82
WRITE 545536 256 82
WRITE 545792 256 84
WRITE 546048 256 84
WRITE 546304 256 86
WRITE 546560 256 86
WRITE 546816 256 88
WRITE 547072 256 88
WRITE 547328 256 90
WRITE 547584 256 90
WRITE 547840 256 92
WRITE 548096 256 92
WRITE 548352 256 94
WRITE 548608 256 94
WRITE 548864 256 96
WRITE 549120 256 96
WRITE 549376 256 98
WRITE 549632 256 98
WRITE 549888 256 100
WRITE 550144 256 100
WRITE 550400 256 102
WRITE 550656 256 102
WRITE 550912 256 104
WRITE 551168 256 104
WRITE 551424 256 106
WRITE 551680 256 106
WRITE 551936 256 108
WRITE 552192 256 108
WRITE 552448 256 110
WRITE 552704 256 110
WRITE 552960 256 112
WRITE 553216 256 112
WRITE 553472 256 114
WRITE 553728 256 114
WRITE 553984 256 116
WRITE 554240 256 116
WRITE 554496 256 118
WRITE 554752 256 118
WRITE 555008 256 120
WRITE 555264 256 120
WRITE 555520 256 122
WRITE 555776 256 122
WRITE 556032 256 124
WRITE 556288 256 124
WRITE 556544 256 126
WRITE 556800 256 126
WRITE 557056 256 128
WRITE 557312 256 128
WRITE 557568 256 130
WRITE 557824 256 130
WRITE 558080 256 132
WRITE 558336 256 132
WRITE 558592 256 134
WRITE 558848 256 134
WRITE 559104 256 136
WRITE 559360 256 136
WRITE 559616 256 138
WRITE 559872 256 138
WRITE 560128 256 140
WRITE 560384 256 140
WRITE 560640 256 142
WRITE 560896 256 142
WRITE 561152 256 144
WRITE 561408 256 144
WRITE 561664 256 146
WRITE 561920 256 146
WRITE 562176 256 148
WRITE 562432 256 148
WRITE 562688 256 150
WRITE 562944 256 150
WRITE 563200 256 152
WRITE 563456 256 152
WRITE 563712 256 154
WRITE 563968 256 154
WRITE 564224 256 156
WRITE 564480 256 156
WRITE 564736 256 158
WRITE 564992 256 158
WRITE 565248 256 160
WRITE 565504 256 160
WRITE 565760 256 162
WRITE 566016 256 162
WRITE 566272 256 164
WRITE 566528 256 164
WRITE 566784 256 166
WRITE 567040 256 166
WRITE 567296 256 168
WRITE 567552 256 168
WRITE 567808 256 170
WRITE 568064 256 170
WRITE 568320 256 172
WRITE 568576 256 172
WRITE 568832 256 174
WRITE 569088 256 174
WRITE 569344 256 176
WRITE 569600 256 176
WRITE 569856 256 178
WRITE 570112 256 178
WRITE 570368 256 180
WRITE 570624 256 180
WRITE 570880 256 182
WRITE 571136 256 182
WRITE 571392 256 184
WRITE 571648 256 184
WRITE 571904 256 186
WRITE 572160 256 186
WRITE 572416 256 188
WRITE 572672 256 188
WRITE 572928 256 190
WRITE 573184 256 190
WRITE 573440 256 192
WRITE 573696 256 192
WRITE 573952 256 194
WRITE 574208 256 194
WRITE 574464 256 196
WRITE 574720 256 196
WRITE 574976 256 198
WRITE 575232 256 198
WRITE 575488 256 200
WRITE 575744 256 200
WRITE 576000 256 202
WRITE 576256 256 202
WRITE 576512 256 204
WRITE 576768 256 204
WRITE 577024 256 206
WRITE 577280 256 206
WRITE 577536 256 208
WRITE 577792 256 208
WRITE 578048 256 210
WRITE 578304 256 210
WRITE 578560 256 212
WRITE 578816 256 212
WRITE 579072 256 214
WRITE 579328 256 214
WRITE 579584 256 216
WRITE 579840 256 216
WRITE 580096 256 218
WRITE 580352 256 218
WRITE 580608 256 220
WRITE 580864 256 220
WRITE 581120 256 222
WRITE 581376 256 222
WRITE 581632 256 224
WRITE 581888 256 224
WRITE 582144 256 226
WRITE 582400 256 226
WRITE 582656 256 228
WRITE 582912 256 228
WRITE 583168 256 230
WRITE 583424 256 230
WRITE 583680 256 232
WRITE 583936 256 232
WRITE 584192 256 234
WRITE 584448 256 234
WRITE 584704 256 236
WRITE 584960 256 236
WRITE 585216 256 238
WRITE 585472 256 238
WRITE 585728 256 240
WRITE 585984 256 240
WRITE 586240 256 242
WRITE 586496 256 242
WRITE 586752 256 244
WRITE 587008 256 244
WRITE 587264 256 246
WRITE 587520 256 246
WRITE 587776 256 248
WRITE 588032 256 248
WRITE 588288 256 250
WRITE 588544 256 250
WRITE 588800 256 252
WRITE 589056 256 252
WRITE 589312 256 254
WRITE 589568 256 254
WRITE 589824 256 0
WRITE 590080 256 0
WRITE 590336 256 2
WRITE 590592 256 2
WRITE 590848 256 4
WRITE 591104 256 4
WRITE 591360 256 6
WRITE 591616 256 6
WRITE 591872 256 8
WRITE 592128 256 8
WRITE 592384 256 10
WRITE 592640 256 10
WRITE 592896 256 12
WRITE 593152 256 12
WRITE 593408 256 14
WRITE 593664 256 14
WRITE 593920 256 16
WRITE 594176 256 16
WRITE 594432 256 18
WRITE 594688 256 18
WRITE 594944 256 20
WRITE 595200 256 20
WRITE 595456 256 22
WRITE 595712 256 22
WRITE 595968 256 24
WRITE 596224 256 24
WRITE 596480 256 26
WRITE 596736 256 26
WRITE 596992 256 28
WRITE 597248 256 28
WRITE 597504 256 30
WRITE 597760 256 30
WRITE 598016 256 32
WRITE 598272 256 32
WRITE 598528 256 34
WRITE 598784 256 34
WRITE 599040 256 36
WRITE 599296 256 36
WRITE 599552 256 38
WRITE 599808 256 38
WRITE 600064 256 40
WRITE 600320 256 40
WRITE 600576 256 42
WRITE 600832 256 42
WRITE 601088 256 44
WRITE 601344 256 44
WRITE 601600 256 46
WRITE 601856 256 46
WRITE 602112 256 48
WRITE 602368 256 48
WRITE 602624 256 50
WRITE 602880 256 50
WRITE 603136 256 52
WRITE 603392 256 52
WRITE 603648 256 54
WRITE 603904 256 54
WRITE 604160 256 56
WRITE 604416 256 56
WRITE 604672 256 58
WRITE 604928 256 58
WRITE 605184 256 60
WRITE 605440 256 60
WRITE 605696 256 62
WRITE 605952 256 62
WRITE 606208 256 64
WRITE 606464 256 64
WRITE 606720 256 66
WRITE 606976 256 66
WRITE 607232 256 68
WRITE 607488 256 68
WRITE 607744 256 70
WRITE 608000 256 70
WRITE 608256 256 72
WRITE 608512 256 72
WRITE 608768 256 74
WRITE 609024 256 74
WRITE 609280 256 76
WRITE 609536 256 76
WRITE 609792 256 78
WRITE 610048 256 78
WRITE 610304 256 80
WRITE 610560 256 80
WRITE 610816 256 82
WRITE 611072 256 82
WRITE 611328 256 84
WRITE 611584 256 84
WRITE 611840 256 86
WRITE 612096 256 86
WRITE 612352 256 88
WRITE 612608 256 88
WRITE 612864 256 90
WRITE 613120 256 90
WRITE 613376 256 92
WRITE 613632 256 92
WRITE 613888 256 94
WRITE 614144 256 94
WRITE 614400 256 96
WRITE 614656 256 96
WRITE 614912 256 98
WRITE 615168 256 98
WRITE 615424 256 100
WRITE 615680 256 100
WRITE 615936 256 102
WRITE 616192 256 102
WRITE 616448 256 104
WRITE 616704 256 104
WRITE 616960 256 106
WRITE 617216 256 106
WRITE 617472 256 108
WRITE 617728 256 108
WRITE 617984 256 110
WRITE 618240 256 110
WRITE 618496 256 112
WRITE 618752 256 112
WRITE 619008 256 114
WRITE 619264 256 114
WRITE 619520 256 116
WRITE 619776 256 116
WRITE 620032 256 118
WRITE 620288 256 118
WRITE 620544 256 120
WRITE 620800 256 120
WRITE 621056 256 122
WRITE 621312 256 122
WRITE 621568 256 124
WRITE 621824 256 124
WRITE 622080 256 126
WRITE 622336 256 126
WRITE 622592 256 128
WRITE 622848 256 128
WRITE 623104 256 130
WRITE 623360 256 130
WRITE 623616 256 132
WRITE 623872 256 132
WRITE 624128 256 134
WRITE 624384 256 134
WRITE 624640 256 136
WRITE 624896 256 136
WRITE 625152 256 138
WRITE 625408 256 138
WRITE 625664 256 140
WRITE 625920 256 140
WRITE 626176 256 142
WRITE 626432 256 142
WRITE 626688 256 144
WRITE 626944 256 144
WRITE 627200 256 146
WRITE 627456 256 146
WRITE 627712 256 148
WRITE 627968 256 148
WRITE 628224 256 150
WRITE 628480 256 150
WRITE 628736 256 152
WRITE 628992 256 152
WRITE 629248 256 154
WRITE 629504 256 154
WRITE 629760 256 156
WRITE 630016 256 156
WRITE 630272 256 158
WRITE 630528 256 158
WRITE 630784 256 160
WRITE 631040 256 160
WRITE 631296 256 162
WRITE 631552 256 162
WRITE 631808 256 164
WRITE 632064 256 164
WRITE 632320 256 166
WRITE 632576 256 166
WRITE 632832 256 168
WRITE 633088 256 168
WRITE 633344 256 170
WRITE 633600 256 170
WRITE 633856 256 172
WRITE 634112 256 172
WRITE 634368 256 174
WRITE 634624 256 174
WRITE 634880 256 176
WRITE 635136 256 176
WRITE 635392 256 178
WRITE 635648 256 178
WRITE 635904 256 180
WRITE 636160 256 180
WRITE 636416 256 182
WRITE 636672 256 182
WRITE 636928 256 184
WRITE 637184 256 184
WRITE 637440 256 186
WRITE 637696 256 186
WRITE 637952 256 188
WRITE 638208 256 188
WRITE 638464 256 190
WRITE 638720 256 190
WRITE 638976 256 192
WRITE 639232 256 192
WRITE 639488 256 194
WRITE 639744 256 194
WRITE 640000 256 196
WRITE 640256 256 196
WRITE 640512 256 198
WRITE 640768 256 198
WRITE 641024 256 200
WRITE 641280 256 200
WRITE 641536 256 202
WRITE 641792 256 202
WRITE 642048 256 204
WRITE 642304 256 204
WRITE 642560 256 206
WRITE 642816 256 206
WRITE 643072 256 208
WRITE 643328 256 208
WRITE 643584 256 210
WRITE 643840 256 210
WRITE 644096 256 212
WRITE 644352 256 212
WRITE 644608 256 214
WRITE 644864 256 214
WRITE 645120 256 216
WRITE 645376 256 216
WRITE 645632 256 218
WRITE 645888 256 218
WRITE 646144 256 220
WRITE 646400 256 220
WRITE 646656 256 222
WRITE 646912 256 222
WRITE 647168 256 224
WRITE 647424 256 224
WRITE 647680 256 226
WRITE 647936 256 226
WRITE 648192 256 228
WRITE 648448 256 228
WRITE 648704 256 230
WRITE 648960 256 230
WRITE 649216 256 232
WRITE 649472 256 232
WRITE 649728 256 234
WRITE 649984 256 234
WRITE 650240 256 236
WRITE 650496 256 236
WRITE 650752 256 238
WRITE 651008 256 238
WRITE 651264 256 240
WRITE 651520 256 240
WRITE 651776 256 242
WRITE 652032 256 242
WRITE 652288 256 244
WRITE 652544 256 244
WRITE 652800 256 246
WRITE 653056 256 246
WRITE 653312 256 248
WRITE 653568 256 248
WRITE 653824 256 250
WRITE 654080 256 250
WRITE 654336 256 252
WRITE 654592 256 252
WRITE 654848 256 254
WRITE 655104 256 254
WRITE 655360 256 0
WRITE 655616 256 0
WRITE 655872 256 2
WRITE 656128 256 2
WRITE 656384 256 4
WRITE 656640 256 4
WRITE 656896 256 6
WRITE 657152 256 6
WRITE 657408 256 8
WRITE 657664 256 8
WRITE 657920 256 10
WRITE 658176 256 10
WRITE 658432 256 12
WRITE 658688 256 12
WRITE 658944 256 14
WRITE 659200 256 14
WRITE 659456 256 16
WRITE 659712 256 16
WRITE 659968 256 18
WRITE 660224 256 18
WRITE 660480 256 20
WRITE 660736 256 20
WRITE 660992 256 22
WRITE 661248 256 22
WRITE 661504 256 24
WRITE 661760 256 24
WRITE 662016 256 26
WRITE 662272 256 26
WRITE 662528 256 28
WRITE 662784 256 28
WRITE 663040 256 30
WRITE 663296 256 30
WRITE 663552 256 32
WRITE 663808 256 32
WRITE 664064 256 34
WRITE 664320 256 34
WRITE 664576 256 36
WRITE 664832 256 36
WRITE 665088 256 38
WRITE 665344 256 38
WRITE 665600 256 40
WRITE 665856 256 40
WRITE 666112 256 42
WRITE 666368 256 42
WRITE 666624 256 44
WRITE 666880 256 44
WRITE 667136 256 46
WRITE 667392 256 46
WRITE 667648 256 48
WRITE 667904 256 48
WRITE 668160 256 50
WRITE 668416 256 50
WRITE 668672 256 52
WRITE 668928 256 52
WRITE 669184 256 54
WRITE 669440 256 54
WRITE 669696 256 56
WRITE 669952 256 56
WRITE 670208 256 58
WRITE 670464 256 58
WRITE 670720 256 60
WRITE 670976 256 60
WRITE 671232 256 62
WRITE 671488 256 62
WRITE 671744 256 64
WRITE 672000 256 64
WRITE 672256 256 66
WRITE 672512 256 66
WRITE 672768 256 68
WRITE 673024 256 68
WRITE 673280 256 70
WRITE 673536 256 70
WRITE 673792 256 72
WRITE 674048 256 72
WRITE 674304 256 74
WRITE 674560 256 74
WRITE 674816 256 76
WRITE 675072 256 76
WRITE 675328 256 78
WRITE 675584 256 78
WRITE 675840 256 80
WRITE 676096 256 80
WRITE 676352 256 82
WRITE 676608 256 82
WRITE 676864 256 84
WRITE 677120 256 84
WRITE 677376 256 86
WRITE 677632 256 86
WRITE 677888 256 88
WRITE 678144 256 88
WRITE 678400 256 90
WRITE 678656 256 90
WRITE 678912 256 92
WRITE 679168 256 92
WRITE 679424 256 94
WRITE 679680 256 94
WRITE 679936 256 96
WRITE 680192 256 96
WRITE 680448 256 98
WRITE 680704 256 98
WRITE 680960 256 100
WRITE 681216 256 100
WRITE 681472 256 102
WRITE 681728 256 102
WRITE 681984 256 104
WRITE 682240 256 104
WRITE 682496 256 106
WRITE 682752 256 106
WRITE 683008 256 108
WRITE 683264 256 108
WRITE 683520 256 110
WRITE 683776 256 110
WRITE 684032 256 112
WRITE 684288 256 112
WRITE 684544 256 114
WRITE 684800 256 114
WRITE 685056 256 116
WRITE 685312 256 116
WRITE 685568 256 118
WRITE 685824 256 118
WRITE 686080 256 120
WRITE 686336 256 120
WRITE 686592 256 122
WRITE 686848 256 122
WRITE 687104 256 124
WRITE 687360 256 124
WRITE 687616 256 126
WRITE 687872 256 126
WRITE 688128 256 128
WRITE 688384 256 128
WRITE 688640 256 130
WRITE 688896 256 130
WRITE 689152 256 132
WRITE 689408 256 132
WRITE 689664 256 134
WRITE 689920 256 134
WRITE 690176 256 136
WRITE 690432 256 136
WRITE 690688 256 138
WRITE 690944 256 138
WRITE 691200 256 140
WRITE 691456 256 140
WRITE 691712 256 142
WRITE 691968 256 142
WRITE 692224 256 144
WRITE 692480 256 144
WRITE 692736 256 146
WRITE 692992 256 146
WRITE 693248 256 148
WRITE 693504 256 148
WRITE 693760 256 150
WRITE 694016 256 150
WRITE 694272 256 152
WRITE 694528 256 152
WRITE 694784 256 154
WRITE 695040 256 154
WRITE 695296 256 156
WRITE 695552 256 156
WRITE 695808 256 158
WRITE 696064 256 158
WRITE 696320 256 160
WRITE 696576 256 160
WRITE 696832 256 162
WRITE 697088 256 162
WRITE 697344 256 164
WRITE 697600 256 164
WRITE 697856 256 166
WRITE 698112 256 166
WRITE 698368 256 168
WRITE 698624 256 168
WRITE 698880 256 170
WRITE 699136 256 170
WRITE 699392 256 172
WRITE 699648 256 172
WRITE 699904 256 174
WRITE 700160 256 174
WRITE 700416 256 176
WRITE 700672 256 176
WRITE 700928 256 178
WRITE 701184 256 178
WRITE 701440 256 180
WRITE 701696 256 180
WRITE 701952 256 182
WRITE 702208 256 182
WRITE 702464 256 184
WRITE 702720 256 184
WRITE 702976 256 186
WRITE 703232 256 186
WRITE 703488 256 188
WRITE 703744 256 188
WRITE 704000 256 190
WRITE 704256 256 190
WRITE 704512 256 192
WRITE 704768 256 192
WRITE 705024 256 194
WRITE 705280 256 194
WRITE 705536 256 196
WRITE 705792 256 196
WRITE 706048 256 198
WRITE 706304 256 198
WRITE 706560 256 200
WRITE 706816 256 200
WRITE 707072 256 202
WRITE 707328 256 202
WRITE 707584 256 204
WRITE 707840 256 204
WRITE 708096 256 206
WRITE 708352 256 206
WRITE 708608 256 208
WRITE 708864 256 208
WRITE 709120 256 210
WRITE 709376 256 210
WRITE 709632 256 212
WRITE 709888 256 212
WRITE 710144 256 214
WRITE 710400 256 214
WRITE 710656 256 216
WRITE 710912 256 216
WRITE 711168 256 218
WRITE 711424 256 218
WRITE 711680 256 220
WRITE 711936 256 220
WRITE 712192 256 222
WRITE 712448 256 222
WRITE 712704 256 224
WRITE 712960 256 224
WRITE 713216 256 226
WRITE 713472 256 226
WRITE 713728 256 228
WRITE 713984 256 228
WRITE 714240 256 230
WRITE 714496 256 230
WRITE 714752 256 232
WRITE 715008 256 232
WRITE 715264 256 234
WRITE 715520 256 234
WRITE 715776 256 236
WRITE 716032 256 236
WRITE 716288 256 238
WRITE 716544 256 238
WRITE 716800 256 240
WRITE 717056 256 240
WRITE 717312 256 242
WRITE 717568 256 242
WRITE 717824 256 244
WRITE 718080 256 244
WRITE 718336 256 246
WRITE 718592 256 246
WRITE 718848 256 248
WRITE 719104 256 248
WRITE 719360 256 250
WRITE 719616 256 250
WRITE 719872 256 252
WRITE 720128 256 252
WRITE 720384 256 254
WRITE 720640 256 254
WRITE 720896 256 0
WRITE 721152 256 0
WRITE 721408 256 2
WRITE 721664 256 2
WRITE 721920 256 4
WRITE 722176 256 4
WRITE 722432 256 6
WRITE 722688 256 6
WRITE 722944 256 8
WRITE 723200 256 8
WRITE 723456 256 10
WRITE 723712 256 10
WRITE 723968 256 12
WRITE 724224 256 12
WRITE 724480 256 14
WRITE 724736 256 14
WRITE 724992 256 16
WRITE 725248 256 16
WRITE 725504 256 18
WRITE 725760 256 18
WRITE 726016 256 20
WRITE 726272 256 20
WRITE 726528 256 22
WRITE 726784 256 22
WRITE 727040 256 24
WRITE 727296 256 24
WRITE 727552 256 26
WRITE 727808 256 26
WRITE 728064 256 28
WRITE 728320 256 28
WRITE 728576 256 30
WRITE 728832 256 30
WRITE 729088 256 32
WRITE 729344 256 32
WRITE 729600 256 34
WRITE 729856 256 34
WRITE 730112 256 36
WRITE 730368 256 36
WRITE 730624 256 38
WRITE 730880 256 38
WRITE 731136 256 40
WRITE 731392 256 40
WRITE 731648 256 42
WRITE 731904 256 42
WRITE 732160 256 44
WRITE 732416 256 44
WRITE 732672 256 46
WRITE 732928 256 46
WRITE 733184 256 48
WRITE 733440 256 48
WRITE 733696 256 50
WRITE 733952 256 50
WRITE 734208 256 52
WRITE 734464 256 52
WRITE 734720 256 54
WRITE 734976 256 54
WRITE 735232 256 56
WRITE 735488 256 56
WRITE 735744 256 58
WRITE 736000 256 58
WRITE 736256 256 60
WRITE 736512 256 60
WRITE 736768 256 62
WRITE 737024 256 62
WRITE 737280 256 64
WRITE 737536 256 64
WRITE 737792 256 66
WRITE 738048 256 66
WRITE 738304 256 68
WRITE 738560 256 68
WRITE 738816 256 70
WRITE 739072 256 70
WRITE 739328 256 72
WRITE 739584 256 72
WRITE 739840 256 74
WRITE 740096 256 74
WRITE 740352 256 76
WRITE 740608 256 76
WRITE 740864 256 78
WRITE 741120 256 78
WRITE 741376 256 80
WRITE 741632 256 80
WRITE 741888 256 82
WRITE 742144 256 82
WRITE 742400 256 84
WRITE 742656 256 84
WRITE 742912 256 86
WRITE 743168 256 86
WRITE 743424 256 88
WRITE 743680 256 88
WRITE 743936 256 90
WRITE 744192 256 90
WRITE 744448 256 92
WRITE 744704 256 92
WRITE 744960 256 94
WRITE 745216 256 94
WRITE 745472 256 96
WRITE 745728 256 96
WRITE 745984 256 98
WRITE 746240 256 98
WRITE 746496 256 100
WRITE 746752 256 100
WRITE 747008 256 102
WRITE 747264 256 102
WRITE 747520 256 104
WRITE 747776 256 104
WRITE 748032 256 106
WRITE 748288 256 106
WRITE 748544 256 108
WRITE 748800 256 108
WRITE 749056 256 110
WRITE 749312 256 110
WRITE 749568 256 112
WRITE 749824 256 112
WRITE 750080 256 114
WRITE 750336 256 114
WRITE 750592 256 116
WRITE 750848 256 116
WRITE 751104 256 118
WRITE 751360 256 118
WRITE 751616 256 120
WRITE 751872 256 120
WRITE 752128 256 122
WRITE 752384 256 122
WRITE 752640 256 124
WRITE 752896 256 124
WRITE 753152 256 126
WRITE 753408 256 126
WRITE 753664 256 128
WRITE 753920 256 128
WRITE 754176 256 130
WRITE 754432 256 130
WRITE 754688 256 132
WRITE 754944 256 132
WRITE 755200 256 134
WRITE 755456 256 134
WRITE 755712 256 136
WRITE 755968 256 136
WRITE 756224 256 138
WRITE 756480 256 138
WRITE 756736 256 140
WRITE 756992 256 140
WRITE 757248 256 142
WRITE 757504 256 142
WRITE 757760 256 144
WRITE 758016 256 144
WRITE 758272 256 146
WRITE 758528 256 146
WRITE 758784 256 148
WRITE 759040 256 148
WRITE 759296 256 150
WRITE 759552 256 150
WRITE 759808 256 152
WRITE 760064 256 152
WRITE 760320 256 154
WRITE 760576 256 154
WRITE 760832 256 156
WRITE 761088 256 156
WRITE 761344 256 158
WRITE 761600 256 158
WRITE 761856 256 160
WRITE 762112 256 160
WRITE 762368 256 162
WRITE 762624 256 162
WRITE 762880 256 164
WRITE 763136 256 164
WRITE 763392 256 166
WRITE 763648 256 166
WRITE 763904 256 168
WRITE 764160 256 168
WRITE 764416 256 170
WRITE 764672 256 170
WRITE 764928 256 172
WRITE 765184 256 172
WRITE 765440 256 174
WRITE 765696 256 174
WRITE 765952 256 176
WRITE 766208 256 176
WRITE 766464 256 178
WRITE 766720 256 178
WRITE 766976 256 180
WRITE 767232 256 180
WRITE 767488 256 182
WRITE 767744 256 182
WRITE 768000 256 184
WRITE 768256 256 184
WRITE 768512 256 186
WRITE 768768 256 186
WRITE 769024 256 188
WRITE 769280 256 188
WRITE 769536 256 190
WRITE 769792 256 190
WRITE 770048 256 192
WRITE 770304 256 192
WRITE 770560 256 194
WRITE 770816 256 194
WRITE 771072 256 196
WRITE 771328 256 196
WRITE 771584 256 198
WRITE 771840 256 198
WRITE 772096 256 200
WRITE 772352 256 200
WRITE 772608 256 202
WRITE 772864 256 202
WRITE 773120 256 204
WRITE 773376 256 204
WRITE 773632 256 206
WRITE 773888 256 206
WRITE 774144 256 208
WRITE 774400 256 208
WRITE 774656 256 210
WRITE 774912 256 210
WRITE 775168 256 212
WRITE 775424 256 212
WRITE 775680 256 214
WRITE 775936 256 214
WRITE 776192 256 216
WRITE 776448 256 216
WRITE 776704 256 218
WRITE 776960 256 218
WRITE 777216 256 220
WRITE 777472 256 220
WRITE 777728 256 222
WRITE 777984 256 222
WRITE 778240 256 224
WRITE 778496 256 224
WRITE 778752 256 226
WRITE 779008 256 226
WRITE 779264 256 228
WRITE 779520 256 228
WRITE 779776 256 230
WRITE 780032 256 230
WRITE 780288 256 232
WRITE 780544 256 232
WRITE 780800 256 234
WRITE 781056 256 234
WRITE 781312 256 236
WRITE 781568 256 236
WRITE 781824 256 238
WRITE 782080 256 238
WRITE 782336 256 240
WRITE 782592 256 240
WRITE 782848 256 242
WRITE 783104 256 242
WRITE 783360 256 244
WRITE 783616 256 244
WRITE 783872 256 246
WRITE 784128 256 246
WRITE 784384 256 248
WRITE 784640 256 248
WRITE 784896 256 250
WRITE 785152 256 250
WRITE 785408 256 252
WRITE 785664 256 252
WRITE 785920 256 254
WRITE 786176 256 254
WRITE 786432 256 0
WRITE 786688 256 0
WRITE 786944 256 2
WRITE 787200 256 2
WRITE 787456 256 4
WRITE 787712 256 4
WRITE 787968 256 6
WRITE 788224 256 6
WRITE 788480 256 8
WRITE 788736 256 8
WRITE 788992 256 10
WRITE 789248 256 10
WRITE 789504 256 12
WRITE 789760 256 12
WRITE 790016 256 14
WRITE 790272 256 14
WRITE 790528 256 16
WRITE 790784 256 16
WRITE 791040 256 18
WRITE 791296 256 18
WRITE 791552 256 20
WRITE 791808 256 20
WRITE 792064 256 22
WRITE 792320 256 22
WRITE 792576 256 24
WRITE 792832 256 24
WRITE 793088 256 26
WRITE 793344 256 26
WRITE 793600 256 28
WRITE 793856 256 28
WRITE 794112 256 30
WRITE 794368 256 30
WRITE 794624 256 32
WRITE 794880 256 32
WRITE 795136 256 34
WRITE 795392 256 34
WRITE 795648 256 36
WRITE 795904 256 36
WRITE 796160 256 38
WRITE 796416 256 38
WRITE 796672 256 40
WRITE 796928 256 40
WRITE 797184 256 42
WRITE 797440 256 42
WRITE 797696 256 44
WRITE 797952 256 44
WRITE 798208 256 46
WRITE 798464 256 46
WRITE 798720 256 48
WRITE 798976 256 48
WRITE 799232 256 50
WRITE 799488 256 50
WRITE 799744 256 52
WRITE 800000 256 52
WRITE 800256 256 54
WRITE 800512 256 54
WRITE 800768 256 56
WRITE 801024 256 56
WRITE 801280 256 58
WRITE 801536 256 58
WRITE 801792 256 60
WRITE 802048 256 60
WRITE 802304 256 62
WRITE 802560 256 62
WRITE 802816 256 64
WRITE 803072 256 64
WRITE 803328 256 66
WRITE 803584 256 66
WRITE 803840 256 68
WRITE 804096 256 68
WRITE 804352 256 70
WRITE 804608 256 70
WRITE 804864 256 72
WRITE 805120 256 72
WRITE 805376 256 74
WRITE 805632 256 74
WRITE 805888 256 76
WRITE 806144 256 76
WRITE 806400 256 78
WRITE 806656 256 78
WRITE 806912 256 80
WRITE 807168 256 80
WRITE 807424 256 82
WRITE 807680 256 82
WRITE 807936 256 84
WRITE 808192 256 84
WRITE 808448 256 86
WRITE 808704 256 86
WRITE 808960 256 88
WRITE 809216 256 88
WRITE 809472 256 90
WRITE 809728 256 90
WRITE 809984 256 92
WRITE 810240 256 92
WRITE 810496 256 94
WRITE 810752 256 94
WRITE 811008 256 96
WRITE 811264 256 96
WRITE 811520 256 98
WRITE 811776 256 98
WRITE 812032 256 100
WRITE 812288 256 100
WRITE 812544 256 102
WRITE 812800 256 102
WRITE 813056 256 104
WRITE 813312 256 104
WRITE 813568 256 106
WRITE 813824 256 106
WRITE 814080 256 108
WRITE 814336 256 108
WRITE 814592 256 110
WRITE 814848 256 110
WRITE 815104 256 112
WRITE 815360 256 112
WRITE 815616 256 114
WRITE 815872 256 114
WRITE 816128 256 116
WRITE 816384 256 116
WRITE 816640 256 118
WRITE 816896 256 118
WRITE 817152 256 120
WRITE 817408 256 120
WRITE 817664 256 122
WRITE 817920 256 122
WRITE 818176 256 124
WRITE 818432 256 124
WRITE 818688 256 126
WRITE 818944 256 126
WRITE 819200 256 128
WRITE 819456 256 128
WRITE 819712 256 130
WRITE 819968 256 130
WRITE 820224 256 132
WRITE 820480 256 132
WRITE 820736 256 134
WRITE 820992 256 134
WRITE 821248 256 136
WRITE 821504 256 136
WRITE 821760 256 138
WRITE 822016 256 138
WRITE 822272 256 140
WRITE 822528 256 140
WRITE 822784 256 142
WRITE 823040 256 142
WRITE 823296 256 144
WRITE 823552 256 144
WRITE 823808 256 146
WRITE 824064 256 146
WRITE 824320 256 148
WRITE 824576 256 148
WRITE 824832 256 150
WRITE 825088 256 150
WRITE 825344 256 152
WRITE 825600 256 152
WRITE 825856 256 154
WRITE 826112 256 154
WRITE 826368 256 156
WRITE 826624 256 156
WRITE 826880 256 158
WRITE 827136 256 158
WRITE 827392 256 160
WRITE 827648 256 160
WRITE 827904 256 162
WRITE 828160 256 162
WRITE 828416 256 164
WRITE 828672 256 164
WRITE 828928 256 166
WRITE 829184 256 166
WRITE 829440 256 168
WRITE 829696 256 168
WRITE 829952 256 170
WRITE 830208 256 170
WRITE 830464 256 172
WRITE 830720 256 172
WRITE 830976 256 174
WRITE 831232 256 174
WRITE 831488 256 176
WRITE 831744 256 176
WRITE 832000 256 178
WRITE 832256 256 178
WRITE 832512 256 180
WRITE 832768 256 180
WRITE 833024 256 182
WRITE 833280 256 182
WRITE 833536 256 184
WRITE 833792 256 184
WRITE 834048 256 186
WRITE 834304 256 186
WRITE 834560 256 188
WRITE 834816 256 188
WRITE 835072 256 190
WRITE 835328 256 190
WRITE 835584 256 192
WRITE 835840 256 192
WRITE 836096 256 194
WRITE 836352 256 194
WRITE 836608 256 196
WRITE 836864 256 196
WRITE 837120 256 198
WRITE 837376 256 198
WRITE 837632 256 200
WRITE 837888 256 200
WRITE 838144 256 202
WRITE 838400 256 202
WRITE 838656 256 204
WRITE 838912 256 204
WRITE 839168 256 206
WRITE 839424 256 206
WRITE 839680 256 208
WRITE 839936 256 208
WRITE 840192 256 210
WRITE 840448 256 210
WRITE 840704 256 212
WRITE 840960 256 212
WRITE 841216 256 214
WRITE 841472 256 214
WRITE 841728 256 216
WRITE 841984 256 216
WRITE 842240 256 218
WRITE 842496 256 218
WRITE 842752 256 220
WRITE 843008 256 220
WRITE 843264 256 222
WRITE 843520 256 222
WRITE 843776 256 224
WRITE 844032 256 224
WRITE 844288 256 226
WRITE 844544 256 226
WRITE 844800 256 228
WRITE 845056 256 228
WRITE 845312 256 230
WRITE 845568 256 230
WRITE 845824 256 232
WRITE 846080 256 232
WRITE 846336 256 234
WRITE 846592 256 234
WRITE 846848 256 236
WRITE 847104 256 236
WRITE 847360 256 238
WRITE 847616 256 238
WRITE 847872 256 240
WRITE 848128 256 240
WRITE 848384 256 242
WRITE 848640 256 242
WRITE 848896 256 244
WRITE 849152 256 244
WRITE 849408 256 246
WRITE 849664 256 246
WRITE 849920 256 248
WRITE 850176 256 248
WRITE 850432 256 250
WRITE 850688 256 250
WRITE 850944 256 252
WRITE 851200 256 252
WRITE 851456 256 254
WRITE 851712 256 254
WRITE 851968 256 0
WRITE 852224 256 0
WRITE 852480 256 2
WRITE 852736 256 2
WRITE 852992 256 4
WRITE 853248 256 4
WRITE 853504 256 6
WRITE 853760 256 6
WRITE 854016 256 8
WRITE 854272 256 8
WRITE 854528 256 10
WRITE 854784 256 10
WRITE 855040 256 12
WRITE 855296 256 12
WRITE 855552 256 14
WRITE 855808 256 14
WRITE 856064 256 16
WRITE 856320 256 16
WRITE 856576 256 18
WRITE 856832 256 18
WRITE 857088 256 20
WRITE 857344 256 20
WRITE 857600 256 22
WRITE 857856 256 22
WRITE 858112 256 24
WRITE 858368 256 24
WRITE 858624 256 26
WRITE 858880 256 26
WRITE 859136 256 28
WRITE 859392 256 28
WRITE 859648 256 30
WRITE 859904 256 30
WRITE 860160 256 32
WRITE 860416 256 32
WRITE 860672 256 34
WRITE 860928 256 34
WRITE 861184 256 36
WRITE 861440 256 36
WRITE 861696 256 38
WRITE 861952 256 38
WRITE 862208 256 40
WRITE 862464 256 40
WRITE 862720 256 42
WRITE 862976 256 42
WRITE 863232 256 44
WRITE 863488 256 44
WRITE 863744 256 46
WRITE 864000 256 46
WRITE 864256 256 48
WRITE 864512 256 48
WRITE 864768 256 50
WRITE 865024 256 50
WRITE 865280 256 52
WRITE 865536 256 52
WRITE 865792 256 54
WRITE 866048 256 54
WRITE 866304 256 56
WRITE 866560 256 56
WRITE 866816 256 58
WRITE 867072 256 58
WRITE 867328 256 60
WRITE 867584 256 60
WRITE 867840 256 62
WRITE 868096 256 62
WRITE 868352 256 64
WRITE 868608 256 64
WRITE 868864 256 66
WRITE 869120 256 66
WRITE 869376 256 68
WRITE 869632 256 68
WRITE 869888 256 70
WRITE 870144 256 70
WRITE 870400 256 72
WRITE 870656 256 72
WRITE 870912 256 74
WRITE 871168 256 74
WRITE 871424 256 76
WRITE 871680 256 76
WRITE 871936 256 78
WRITE 872192 256 78
WRITE 872448 256 80
WRITE 872704 256 80
WRITE 872960 256 82
WRITE 873216 256 82
WRITE 873472 256 84
WRITE 873728 256 84
WRITE 873984 256 86
WRITE 874240 256 86
WRITE 874496 256 88
WRITE 874752 256 88
WRITE 875008 256 90
WRITE 875264 256 90
WRITE 875520 256 92
WRITE 875776 256 92
WRITE 876032 256 94
WRITE 876288 256 94
WRITE 876544 256 96
WRITE 876800 256 96
WRITE 877056 256 98
WRITE 877312 256 98
WRITE 877568 256 100
WRITE 877824 256 100
WRITE 878080 256 102
WRITE 878336 256 102
WRITE 878592 256 104
WRITE 878848 256 104
WRITE 879104 256 106
WRITE 879360 256 106
WRITE 879616 256 108
WRITE 879872 256 108
WRITE 880128 256 110
WRITE 880384 256 110
WRITE 880640 256 112
WRITE 880896 256 112
WRITE 881152 256 114
WRITE 881408 256 114
WRITE 881664 256 116
WRITE 881920 256 116
WRITE 882176 256 118
WRITE 882432 256 118
WRITE 882688 256 120
WRITE 882944 256 120
WRITE 883200 256 122
WRITE 883456 256 122
WRITE 883712 256 124
WRITE 883968 256 124
WRITE 884224 256 126
WRITE 884480 256 126
WRITE 884736 256 128
WRITE 884992 256 128
WRITE 885248 256 130
WRITE 885504 256 130
WRITE 885760 256 132
WRITE 886016 256 132
WRITE 886272 256 134
WRITE 886528 256 134
WRITE 886784 256 136
WRITE 887040 256 136
WRITE 887296 256 138
WRITE 887552 256 138
WRITE 887808 256 140
WRITE 888064 256 140
WRITE 888320 256 142
WRITE 888576 256 142
WRITE 888832 256 144
WRITE 889088 256 144
WRITE 889344 256 146
WRITE 889600 256 146
WRITE 889856 256 148
WRITE 890112 256 148
WRITE 890368 256 150
WRITE 890624 256 150
WRITE 890880 256 152
WRITE 891136 256 152
WRITE 891392 256 154
WRITE 891648 256 154
WRITE 891904 256 156
WRITE 892160 256 156
WRITE 892416 256 158
WRITE 892672 256 158
WRITE 892928 256 160
WRITE 893184 256 160
WRITE 893440 256 162
WRITE 893696 256 162
WRITE 893952 256 164
WRITE 894208 256 164
WRITE 894464 256 166
WRITE 894720 256 166
WRITE 894976 256 168
WRITE 895232 256 168
WRITE 895488 256 170
WRITE 895744 256 170
WRITE 896000 256 172
WRITE 896256 256 172
WRITE 896512 256 174
WRITE 896768 256 174
WRITE 897024 256 176
WRITE 897280 256 176
WRITE 897536 256 178
WRITE 897792 256 178
WRITE 898048 256 180
WRITE 898304 256 180
WRITE 898560 256 182
WRITE 898816 256 182
WRITE 899072 256 184
WRITE 899328 256 184
WRITE 899584 256 186
WRITE 899840 256 186
WRITE 900096 256 188
WRITE 900352 256 188
WRITE 900608 256 190
WRITE 900864 256 190
WRITE 901120 256 192
WRITE 901376 256 192
WRITE 901632 256 194
WRITE 901888 256 194
WRITE 902144 256 196
WRITE 902400 256 196
WRITE 902656 256 198
WRITE 902912 256 198
WRITE 903168 256 200
WRITE 903424 256 200
WRITE 903680 256 202
WRITE 903936 256 202
WRITE 904192 256 204
WRITE 904448 256 204
WRITE 904704 256 206
WRITE 904960 256 206
WRITE 905216 256 208
WRITE 905472 256 208
WRITE 905728 256 210
WRITE 905984 256 210
WRITE 906240 256 212
WRITE 906496 256 212
WRITE 906752 256 214
WRITE 907008 256 214
WRITE 907264 256 216
WRITE 907520 256 216
WRITE 907776 256 218
WRITE 908032 256 218
WRITE 908288 256 220
WRITE 908544 256 220
WRITE 908800 256 222
WRITE 909056 256 222
WRITE 909312 256 224
WRITE 909568 256 224
WRITE 909824 256 226
WRITE 910080 256 226
WRITE 910336 256 228
WRITE 910592 256 228
WRITE 910848 256 230
WRITE 911104 256 230
WRITE 911360 256 232
WRITE 911616 256 232
WRITE 911872 256 234
WRITE 912128 256 234
WRITE 912384 256 236
WRITE 912640 256 236
WRITE 912896 256 238
WRITE 913152 256 238
WRITE 913408 256 240
WRITE 913664 256 240
WRITE 913920 256 242
WRITE 914176 256 242
WRITE 914432 256 244
WRITE 914688 256 244
WRITE 914944 256 246
WRITE 915200 256 246
WRITE 915456 256 248
WRITE 915712 256 248
WRITE 915968 256 250
WRITE 916224 256 250
WRITE 916480 256 252
WRITE 916736 256 252
WRITE 916992 256 254
WRITE 917248 256 254
WRITE 917504 256 0
WRITE 917760 256 0
WRITE 918016 256 2
WRITE 918272 256 2
WRITE 918528 256 4
WRITE 918784 256 4
WRITE 919040 256 6
WRITE 919296 256 6
WRITE 919552 256 8
WRITE 919808 256 8
WRITE 920064 256 10
WRITE 920320 256 10
WRITE 920576 256 12
WRITE 920832 256 12
WRITE 921088 256 14
WRITE 921344 256 14
WRITE 921600 256 16
WRITE 921856 256 16
WRITE 922112 256 18
WRITE 922368 256 18
WRITE 922624 256 20
WRITE 922880 256 20
WRITE 923136 256 22
WRITE 923392 256 22
WRITE 923648 256 24
WRITE 923904 256 24
WRITE 924160 256 26
WRITE 924416 256 26
WRITE 924672 256 28
WRITE 924928 256 28
WRITE 925184 256 30
WRITE 925440 256 30
WRITE 925696 256 32
WRITE 925952 256 32
WRITE 926208 256 34
WRITE 926464 256 34
WRITE 926720 256 36
WRITE 926976 256 36
WRITE 927232 256 38
WRITE 927488 256 38
WRITE 927744 256 40
WRITE 928000 256 40
WRITE 928256 256 42
WRITE 928512 256 42
WRITE 928768 256 44
WRITE 929024 256 44
WRITE 929280 256 46
WRITE 929536 256 46
WRITE 929792 256 48
WRITE 930048 256 48
WRITE 930304 256 50
WRITE 930560 256 50
WRITE 930816 256 52
WRITE 931072 256 52
WRITE 931328 256 54
WRITE 931584 256 54
WRITE 931840 256 56
WRITE 932096 256 56
WRITE 932352 256 58
WRITE 932608 256 58
WRITE 932864 256 60
WRITE 933120 256 60
WRITE 933376 256 62
WRITE 933632 256 62
WRITE 933888 256 64
WRITE 934144 256 64
WRITE 934400 256 66
WRITE 934656 256 66
WRITE 934912 256 68
WRITE 935168 256 68
WRITE 935424 256 70
WRITE 935680 256 70
WRITE 935936 256 72
WRITE 936192 256 72
WRITE 936448 256 74
WRITE 936704 256 74
WRITE 936960 256 76
WRITE 937216 256 76
WRITE 937472 256 78
WRITE 937728 256 78
WRITE 937984 256 80
WRITE 938240 256 80
WRITE 938496 256 82
WRITE 938752 256 82
WRITE 939008 256 84
WRITE 939264 256 84
WRITE 939520 256 86
WRITE 939776 256 86
WRITE 940032 256 88
WRITE 940288 256 88
WRITE 940544 256 90
WRITE 940800 256 90
WRITE 941056 256 92
WRITE 941312 256 92
WRITE 941568 256 94
WRITE 941824 256 94
WRITE 942080 256 96
WRITE 942336 256 96
WRITE 942592 256 98
WRITE 942848 256 98
WRITE 943104 256 100
WRITE 943360 256 100
WRITE 943616 256 102
WRITE 943872 256 102
WRITE 944128 256 104
WRITE 944384 256 104
WRITE 944640 256 106
WRITE 944896 256 106
WRITE 945152 256 108
WRITE 945408 256 108
WRITE 945664 256 110
WRITE 945920 256 110
WRITE 946176 256 112
WRITE 946432 256 112
WRITE 946688 256 114
WRITE 946944 256 114
WRITE 947200 256 116
WRITE 947456 256 116
WRITE 947712 256 118
WRITE 947968 256 118
WRITE 948224 256 120
WRITE 948480 256 120
WRITE 948736 256 122
WRITE 948992 256 122
WRITE 949248 256 124
WRITE 949504 256 124
WRITE 949760 256 126
WRITE 950016 256 126
WRITE 950272 256 128
WRITE 950528 256 128
WRITE 950784 256 130
WRITE 951040 256 130
WRITE 951296 256 132
WRITE 951552 256 132
WRITE 951808 256 134
WRITE 952064 256 134
WRITE 952320 256 136
WRITE 952576 256 136
WRITE 952832 256 138
WRITE 953088 256 138
WRITE 953344 256 140
WRITE 953600 256 140
WRITE 953856 256 142
WRITE 954112 256 142
WRITE 954368 256 144
WRITE 954624 256 144
WRITE 954880 256 146
WRITE 955136 256 146
WRITE 955392 256 148
WRITE 955648 256 148
WRITE 955904 256 150
WRITE 956160 256 150
WRITE 956416 256 152
WRITE 956672 256 152
WRITE 956928 256 154
WRITE 957184 256 154
WRITE 957440 256 156
WRITE 957696 256 156
WRITE 957952 256 158
WRITE 958208 256 158
WRITE 958464 256 160
WRITE 958720 256 160
WRITE 958976 256 162
WRITE 959232 256 162
WRITE 959488 256 164
WRITE 959744 256 164
WRITE 960000 256 166
WRITE 960256 256 166
WRITE 960512 256 168
WRITE 960768 256 168
WRITE 961024 256 170
WRITE 961280 256 170
WRITE 961536 256 172
WRITE 961792 256 172
WRITE 962048 256 174
WRITE 962304 256 174
WRITE 962560 256 176
WRITE 962816 256 176
WRITE 963072 256 178
WRITE 963328 256 178
WRITE 963584 256 180
WRITE 963840 256 180
WRITE 964096 256 182
WRITE 964352 256 182
WRITE 964608 256 184
WRITE 964864 256 184
WRITE 965120 256 186
WRITE 965376 256 186
WRITE 965632 256 188
WRITE 965888 256 188
WRITE 966144 256 190
WRITE 966400 256 190
WRITE 966656 256 192
WRITE 966912 256 192
WRITE 967168 256 194
WRITE 967424 256 194
WRITE 967680 256 196
WRITE 967936 256 196
WRITE 968192 256 198
WRITE 968448 256 198
WRITE 968704 256 200
WRITE 968960 256 200
WRITE 969216 256 202
WRITE 969472 256 202
WRITE 969728 256 204
WRITE 969984 256 204
WRITE 970240 256 206
WRITE 970496 256 206
WRITE 970752 256 208
WRITE 971008 256 208
WRITE 971264 256 210
WRITE 971520 256 210
WRITE 971776 256 212
WRITE 972032 256 212
WRITE 972288 256 214
WRITE 972544 256 214
WRITE 972800 256 216
WRITE 973056 256 216
WRITE 973312 256 218
WRITE 973568 256 218
WRITE 973824 256 220
WRITE 974080 256 220
WRITE 974336 256 222
WRITE 974592 256 222
WRITE 974848 256 224
WRITE 975104 256 224
WRITE 975360 256 226
WRITE 975616 256 226
WRITE 975872 256 228
WRITE 976128 256 228
WRITE 976384 256 230
WRITE 976640 256 230
WRITE 976896 256 232
WRITE 977152 256 232
WRITE 977408 256 234
WRITE 977664 256 234
WRITE 977920 256 236
WRITE 978176 256 236
WRITE 978432 256 238
WRITE 978688 256 238
WRITE 978944 256 240
WRITE 979200 256 240
WRITE 979456 256 242
WRITE 979712 256 242
WRITE 979968 256 244
WRITE 980224 256 244
WRITE 980480 256 246
WRITE 980736 256 246
WRITE 980992 256 248
WRITE 981248 256 248
WRITE 981504 256 250
WRITE 981760 256 250
WRITE 982016 256 252
WRITE 982272 256 252
WRITE 982528 256 254
WRITE 982784 256 254
WRITE 983040 256 0
WRITE 983296 256 0
WRITE 983552 256 2
WRITE 983808 256 2
WRITE 984064 256 4
WRITE 984320 256 4
WRITE 984576 256 6
WRITE 984832 256 6
WRITE 985088 256 8
WRITE 985344 256 8
WRITE 985600 256 10
WRITE 985856 256 10
WRITE 986112 256 12
WRITE 986368 256 12
WRITE 986624 256 14
WRITE 986880 256 14
WRITE 987136 256 16
WRITE 987392 256 16
WRITE 987648 256 18
WRITE 987904 256 18
WRITE 988160 256 20
WRITE 988416 256 20
WRITE 988672 256 22
WRITE 988928 256 22
WRITE 989184 256 24
WRITE 989440 256 24
WRITE 989696 256 26
WRITE 989952 256 26
WRITE 990208 256 28
WRITE 990464 256 28
WRITE 990720 256 30
WRITE 990976 256 30
WRITE 991232 256 32
WRITE 991488 256 32
WRITE 991744 256 34
WRITE 992000 256 34
WRITE 992256 256 36
WRITE 992512 256 36
WRITE 992768 256 38
WRITE 993024 256 38
WRITE 993280 256 40
WRITE 993536 256 40
WRITE 993792 256 42
WRITE 994048 256 42
WRITE 994304 256 44
WRITE 994560 256 44
WRITE 994816 256 46
WRITE 995072 256 46
WRITE 995328 256 48
WRITE 995584 256 48
WRITE 995840 256 50
WRITE 996096 256 50
WRITE 996352 256 52
WRITE 996608 256 52
WRITE 996864 256 54
WRITE 997120 256 54
WRITE 997376 256 56
WRITE 997632 256 56
WRITE 997888 256 58
WRITE 998144 256 58
WRITE 998400 256 60
WRITE 998656 256 60
WRITE 998912 256 62
WRITE 999168 256 62
WRITE 999424 256 64
WRITE 999680 256 64
WRITE 999936 256 66
WRITE 1000192 256 66
WRITE 1000448 256 68
WRITE 1000704 256 68
WRITE 1000960 256 70
WRITE 1001216 256 70
WRITE 1001472 256 72
WRITE 1001728 256 72
WRITE 1001984 256 74
WRITE 1002240 256 74
WRITE 1002496 256 76
WRITE 1002752 256 76
WRITE 1003008 256 78
WRITE 1003264 256 78
WRITE 1003520 256 80
WRITE 1003776 256 80
WRITE 1004032 256 82
WRITE 1004288 256 82
WRITE 1004544 256 84
WRITE 1004800 256 84
WRITE 1005056 256 86
WRITE 1005312 256 86
WRITE 1005568 256 88
WRITE 1005824 256 88
WRITE 1006080 256 90
WRITE 1006336 256 90
WRITE 1006592 256 92
WRITE 1006848 256 92
WRITE 1007104 256 94
WRITE 1007360 256 94
WRITE 1007616 256 96
WRITE 1007872 256 96
WRITE 1008128 256 98
WRITE 1008384 256 98
WRITE 1008640 256 100
WRITE 1008896 256 100
WRITE 1009152 256 102
WRITE 1009408 256 102
WRITE 1009664 256 104
WRITE 1009920 256 104
WRITE 1010176 256 106
WRITE 1010432 256 106
WRITE 1010688 256 108
WRITE 1010944 256 108
WRITE 1011200 256 110
WRITE 1011456 256 110
WRITE 1011712 256 112
WRITE 1011968 256 112
WRITE 1012224 256 114
WRITE 1012480 256 114
WRITE 1012736 256 116
WRITE 1012992 256 116
WRITE 1013248 256 118
WRITE 1013504 256 118
WRITE 1013760 256 120
WRITE 1014016 256 120
WRITE 1014272 256 122
WRITE 1014528 256 122
WRITE 1014784 256 124
WRITE 1015040 256 124
WRITE 1015296 256 126
WRITE 1015552 256 126
WRITE 1015808 256 128
WRITE 1016064 256 128
WRITE 1016320 256 130
WRITE 1016576 256 130
WRITE 1016832 256 132
WRITE 1017088 256 132
WRITE 1017344 256 134
WRITE 1017600 256 134
WRITE 1017856 256 136
WRITE 1018112 256 136
WRITE 1018368 256 138
WRITE 1018624 256 138
WRITE 1018880 256 140
WRITE 1019136 256 140
WRITE 1019392 256 142
WRITE 1019648 256 142
WRITE 1019904 256 144
WRITE 1020160 256 144
WRITE 1020416 256 146
WRITE 1020672 256 146
WRITE 1020928 256 148
WRITE 1021184 256 148
WRITE 1021440 256 150
WRITE 1021696 256 150
WRITE 1021952 256 152
WRITE 1022208 256 152
WRITE 1022464 256 154
WRITE 1022720 256 154
WRITE 1022976 256 156
WRITE 1023232 256 156
WRITE 1023488 256 158
WRITE 1023744 256 158
WRITE 1024000 256 160
WRITE 1024256 256 160
WRITE 1024512 256 162
WRITE 1024768 256 162
WRITE 1025024 256 164
WRITE 1025280 256 164
WRITE 1025536 256 166
WRITE 1025792 256 166
WRITE 1026048 256 168
WRITE 1026304 256 168
WRITE 1026560 256 170
WRITE 1026816 256 170
WRITE 1027072 256 172
WRITE 1027328 256 172
WRITE 1027584 256 174
WRITE 1027840 256 174
WRITE 1028096 256 176
WRITE 1028352 256 176
WRITE 1028608 256 178
WRITE 1028864 256 178
WRITE 1029120 256 180
WRITE 1029376 256 180
WRITE 1029632 256 182
WRITE 1029888 256 182
WRITE 1030144 256 184
WRITE 1030400 256 184
WRITE 1030656 256 186
WRITE 1030912 256 186
WRITE 1031168 256 188
WRITE 1031424 256 188
WRITE 1031680 256 190
WRITE 1031936 256 190
WRITE 1032192 256 192
WRITE 1032448 256 192
WRITE 1032704 256 194
WRITE 1032960 256 194
WRITE 1033216 256 196
WRITE 1033472 256 196
WRITE 1033728 256 198
WRITE 1033984 256 198
WRITE 1034240 256 200
WRITE 1034496 256 200
WRITE 1034752 256 202
WRITE 1035008 256 202
WRITE 1035264 256 204
WRITE 1035520 256 204
WRITE 1035776 256 206
WRITE 1036032 256 206
WRITE 1036288 256 208
WRITE 1036544 256 208
WRITE 1036800 256 210
WRITE 1037056 256 210
WRITE 1037312 256 212
WRITE 1037568 256 212
WRITE 1037824 256 214
WRITE 1038080 256 214
WRITE 1038336 256 216
WRITE 1038592 256 216
WRITE 1038848 256 218
WRITE 1039104 256 218
WRITE 1039360 256 220
WRITE 1039616 256 220
WRITE 1039872 256 222
WRITE 1040128 256 222
WRITE 1040384 256 224
WRITE 1040640 256 224
WRITE 1040896 256 226
WRITE 1041152 256 226
WRITE 1041408 256 228
WRITE 1041664 256 228
WRITE 1041920 256 230
WRITE 1042176 256 230
WRITE 1042432 256 232
WRITE 1042688 256 232
WRITE 1042944 256 234
WRITE 1043200 256 234
WRITE 1043456 256 236
WRITE 1043712 256 236
WRITE 1043968 256 238
WRITE 1044224 256 238
WRITE 1044480 256 240
WRITE 1044736 256 240
WRITE 1044992 256 242
WRITE 1045248 256 242
WRITE 1045504 256 244
WRITE 1045760 256 244
WRITE 1046016 256 246
WRITE 1046272 256 246
WRITE 1046528 256 248
WRITE 1046784 256 248
WRITE 1047040 256 250
WRITE 1047296 256 250
WRITE 1047552 256 252
WRITE 1047808 256 252
WRITE 1048064 256 254
WRITE 1048320 256 254
READ 1040070 913 0
WRITE 871753 553 172
WRITE 967515 82 228
WRITE 630710 798 147
WRITE 974357 248 58
WRITE 108613 683 0
WRITE 301115 693 136
READ 327420 430 0
WRITE 615263 850 17
READ 604628 303 0
WRITE 911063 564 254
READ 176214 923 0
READ 228827 526 0
WRITE 92752 785 192
READ 781781 984 0
READ 929382 807 0
WRITE 321282 656 96
WRITE 129904 354 17
READ 615043 966 0
WRITE 866385 547 5
READ 842385 246 0
WRITE 404373 1019 63
WRITE 856337 1020 207
WRITE 359833 912 182
WRITE 640127 108 27
WRITE 300451 766 222
READ 737839 589 0
WRITE 13321 811 143
WRITE 166025 980 70
READ 279724 581 0
READ 943359 321 0
WRITE 596103 911 85
READ 355714 147 0
READ 643461 413 0
READ 631966 217 0
READ 565485 887 0
WRITE 43295 770 5
READ 148100 713 0
WRITE 520972 877 184
WRITE 864394 126 212
WRITE 346773 132 30
WRITE 133813 58 35
WRITE 692149 368 251
READ 521802 578 0
READ 959550 671 0
READ 261193 934 0
WRITE 763827 792 110
READ 400079 557 0
WRITE 498172 516 198
READ 148311 442 0
READ 671218 500 0
WRITE 506808 332 207
WRITE 465416 140 245
WRITE 210506 552 211
WRITE 811872 918 213
WRITE 538744 95 80
WRITE 302924 560 201
READ 168920 671 0
READ 848520 132 0
READ 390211 718 0
READ 468464 868 0
WRITE 124635 577 252
WRITE 144242 990 166
WRITE 851670 926 242
WRITE 218135 766 236
READ 720259 290 0
WRITE 941835 290 117
READ 512507 637 0
WRITE 809185 642 38
READ 774073 215 0
READ 93622 414 0
WRITE 17336 4 234
WRITE 662400 860 16
WRITE 1015795 966 90
READ 318551 375 0
WRITE 313810 365 18
WRITE 148783 899 88
READ 4730 306 0
WRITE 889888 870 252
WRITE 618017 183 92
WRITE 1046999 795 235
WRITE 869277 694 8
WRITE 283443 754 62
WRITE 936178 359 170
READ 794856 259 0
WRITE 1039291 267 116
WRITE 1005450 623 109
WRITE 125128 190 28
WRITE 760526 857 191
WRITE 850660 274 11
READ 818575 133 0
WRITE 286034 388 8
WRITE 254318 593 26
WRITE 755574 731 116
WRITE 709208 629 194
WRITE 667737 302 228
WRITE 444755 565 125
WRITE 732542 765 232
WRITE 162208 8 81
READ 377197 839 0
WRITE 13856 213 178
WRITE 198946 28 185
WRITE 331855 879 102
WRITE 1002203 152 190
WRITE 695212 598 9
WRITE 161733 453 171
READ 1041811 976 0
WRITE 800348 550 194
WRITE 193602 526 248
WRITE 989551 150 177
WRITE 792875 585 121
WRITE 201859 336 79
READ 23511 628 0
WRITE 954470 586 86
WRITE 244428 778 148
READ 871790 59 0
WRITE 390538 68 17
WRITE 448537 357 94
WRITE 29956 1012 198
WRITE 861734 580 208
WRITE 972576 116 172
WRITE 129834 154 200
WRITE 373917 457 43
WRITE 864097 729 212
WRITE 464499 172 203
READ 620616 277 0
WRITE 254043 549 196
WRITE 180599 767 38
WRITE 959859 511 221
WRITE 98341 135 103
WRITE 459543 996 202
READ 335417 936 0
WRITE 621712 475 60
READ 562979 507 0
READ 261911 188 0
READ 577954 621 0
WRITE 125731 633 245
WRITE 702010 494 212
READ 325148 272 0
READ 923045 810 0
WRITE 390079 673 233
WRITE 962935 854 197
WRITE 53910 214 71
WRITE 125334 1013 102
WRITE 131536 238 204
WRITE 431033 563 32
WRITE 776139 534 119
WRITE 668264 199 75
WRITE 422521 804 91
WRITE 336684 518 165
READ 827156 142 0
WRITE 556183 740 174
READ 473669 140 0
WRITE 441216 340 165
WRITE 795431 643 153
READ 529988 94 0
READ 543005 814 0
WRITE 269550 240 243
WRITE 155548 187 119
WRITE 145587 821 87
READ 215746 464 0
WRITE 274691 902 90
WRITE 939764 837 97
WRITE 1046341 157 114
WRITE 629283 182 127
WRITE 392025 409 17
READ 830441 875 0
READ 870243 151 0
WRITE 1007252 921 69
WRITE 371053 161 105
WRITE 73925 821 203
WRITE 481229 102 202
READ 295808 513 0
READ 394888 674 0
READ 815100 926 0
WRITE 78145 784 67
WRITE 665209 505 54
WRITE 257320 720 123
WRITE 631460 818 92
READ 665819 566 0
READ 354163 360 0
READ 1042908 895 0
WRITE 852871 375 47
WRITE 227883 61 69
WRITE 359784 360 159
WRITE 17304 813 104
WRITE 154236 776 220
WRITE 494146 722 222
READ 804789 29 0
READ 677825 250 0
WRITE 331911 390 128
WRITE 937066 188 254
WRITE 426043 194 168
WRITE 1015958 42 26
WRITE 147141 613 236
WRITE 726608 975 53
WRITE 325301 254 30
WRITE 312541 642 38
WRITE 191758 662 214
WRITE 101880 162 203
READ 876111 745 0
READ 534183 721 0
READ 542158 18 0
WRITE 973073 822 101
READ 863283 4 0
WRITE 730543 298 183
READ 625820 925 0
READ 515611 404 0
WRITE 191272 404 132
READ 209308 282 0
WRITE 565651 693 190
WRITE 220856 439 67
WRITE 81484 457 139
READ 527297 526 0
READ 987241 910 0
WRITE 796918 953 218
READ 774155 52 0
WRITE 1018481 289 47
WRITE 967158 439 172
READ 609332 521 0
READ 673156 885 0
WRITE 80227 558 148
WRITE 912227 613 212
WRITE 959296 390 81
WRITE 924482 103 64
WRITE 94328 909 92
READ 21921 147 0
WRITE 744395 944 0
WRITE 740446 435 25
WRITE 929006 474 78
WRITE 297761 749 177
WRITE 297841 829 149
READ 78712 1003 0
READ 428066 678 0
READ 930073 194 0
WRITE 920854 706 8
WRITE 518823 387 229
READ 874038 100 0
WRITE 944117 639 26
WRITE 362912 835 155
WRITE 192202 706 254
READ 116540 98 0
READ 1012366 713 0
WRITE 214102 101 149
WRITE 655398 530 224
WRITE 784188 633 190
WRITE 131572 679 250
WRITE 298742 594 83
READ 870691 152 0
WRITE 372211 88 164
WRITE 718561 58 198
WRITE 49368 877 218
WRITE 164724 743 238
READ 537964 39 0
WRITE 374431 865 79
WRITE 502628 258 126
READ 344396 474 0
WRITE 722005 741 18
WRITE 467229 749 70
WRITE 654283 392 12
WRITE 1005073 504 137
WRITE 754903 933 49
WRITE 504778 981 243
READ 771612 548 0
WRITE 528210 363 51
WRITE 113713 747 207
READ 734908 933 0
READ 724919 906 0
WRITE 24728 270 108
READ 82494 727 0
WRITE 1017858 880 125
READ 198909 435 0
WRITE 151435 510 64
READ 390406 816 0
WRITE 968567 414 51
WRITE 322975 739 139
WRITE 394507 330 253
READ 88543 450 0
WRITE 344525 258 78
WRITE 195601 706 66
WRITE 833627 901 174
READ 38299 220 0
WRITE 133392 655 88
READ 51452 325 0
WRITE 940080 119 155
WRITE 221146 48 17
WRITE 351968 325 220
READ 750178 911 0
WRITE 454309 334 24
WRITE 166985 345 231
WRITE 4147 280 1
WRITE 829178 635 95
READ 428043 963 0
WRITE 873152 174 124
WRITE 214668 739 140
READ 303985 919 0
WRITE 825741 711 254
WRITE 328483 958 46
READ 491034 461 0
WRITE 685975 645 97
WRITE 322191 48 188
READ 501643 791 0
READ 732559 485 0
WRITE 751622 196 212
WRITE 195328 998 4
READ 1002067 565 0
READ 553253 829 0
WRITE 934333 986 108
WRITE 259776 9 121
WRITE 461331 639 79
READ 242124 437 0
WRITE 363682 905 165
READ 224773 833 0
WRITE 261102 685 31
WRITE 546971 72 76
WRITE 97146 528 123
READ 690583 799 0
READ 510997 809 0
WRITE 66913 81 162
READ 548492 522 0
READ 604985 22 0
READ 1030428 720 0
WRITE 216817 916 154
READ 648718 630 0
READ 980616 988 0
WRITE 767395 240 49
WRITE 372025 837 121
READ 321605 210 0
READ 145828 684 0
WRITE 966939 140 130
READ 499476 726 0
WRITE 859579 776 1
WRITE 385102 516 114
WRITE 820224 292 59
READ 490128 977 0
WRITE 59253 6 99
WRITE 687324 817 133
READ 128202 459 0
WRITE 1012528 288 75
READ 543728 799 0
WRITE 993276 732 125
WRITE 603680 207 69
WRITE 244575 406 42
WRITE 551805 137 244
WRITE 110460 822 65
WRITE 786335 331 1
WRITE 530389 1016 65
WRITE 772924 64 128
WRITE 37450 322 55
WRITE 453730 621 35
WRITE 563119 875 197
WRITE 447382 123 152
READ 880651 533 0
READ 52614 670 0
WRITE 80205 925 57
WRITE 108208 549 18
READ 380455 290 0
WRITE 13867 303 11
WRITE 391349 385 106
WRITE 119406 415 65
READ 728194 205 0
WRITE 91528 804 89
WRITE 539072 367 43
WRITE 253423 282 241
WRITE 639047 300 6
READ 160349 440 0
WRITE 1009980 360 247
WRITE 629029 341 145
READ 333256 911 0
READ 839393 799 0
READ 123389 693 0
READ 294749 180 0
WRITE 178076 503 167
WRITE 7271 219 166
WRITE 873321 188 214
READ 68751 25 0
WRITE 524036 47 69
WRITE 487674 36 219
WRITE 564897 887 106
READ 196366 704 0
WRITE 954942 217 179
WRITE 832925 392 94
READ 222069 387 0
WRITE 867993 1002 83
READ 172800 534 0
WRITE 497612 537 188
WRITE 1043099 415 77
WRITE 333325 334 8
WRITE 806480 236 79
WRITE 132869 30 158
WRITE 535618 287 233
READ 858984 748 0
WRITE 218936 294 145
WRITE 473060 408 121
READ 775139 986 0
READ 515120 449 0
WRITE 882288 64 109
WRITE 1025391 398 147
WRITE 651880 109 37
WRITE 928372 896 118
WRITE 159382 168 60
WRITE 839731 618 127
READ 30986 143 0
WRITE 485690 471 58
WRITE 451052 634 122
WRITE 115995 942 37
READ 817359 450 0
WRITE 1025561 33 136
READ 736278 406 0
WRITE 315480 337 159
WRITE 102664 316 37
WRITE 352038 719 108
WRITE 734417 905 183
READ 294895 329 0
READ 58555 38 0
WRITE 42114 641 151
WRITE 257776 676 176
WRITE 127640 454 55
READ 819518 390 0
WRITE 57612 585 149
WRITE 153615 157 91
WRITE 269608 840 75
READ 16651 690 0
WRITE 763524 214 182
READ 255820 424 0
READ 332628 573 0
WRITE 932821 775 80
WRITE 728105 602 58
READ 183833 251 0
WRITE 528146 419 123
WRITE 165272 42 244
READ 932743 834 0
READ 805348 116 0
READ 8595 651 0
WRITE 50778 906 98
WRITE 565542 830 130
WRITE 614141 722 105
WRITE 231740 368 153
WRITE 180140 798 45
WRITE 212355 324 244
READ 281583 1019 0
WRITE 709858 547 245
READ 733499 635 0
WRITE 956495 667 36
WRITE 166676 93 85
WRITE 403447 923 152
WRITE 194609 525 204
READ 102596 495 0
READ 1044394 806 0
WRITE 332928 541 221
WRITE 200867 4 68
WRITE 231346 320 105
WRITE 769689 1022 173
WRITE 449249 178 10
READ 12206 298 0
READ 895866 173 0
READ 307824 82 0
READ 665817 909 0
WRITE 167180 220 182
WRITE 870663 605 110
WRITE 817383 112 229
READ 296452 2 0
WRITE 203528 286 113
WRITE 991167 831 46
WRITE 746043 185 99
WRITE 488326 840 187
WRITE 224979 738 186
WRITE 216354 650 80
WRITE 657219 631 19
WRITE 992117 334 168
READ 664313 513 0
WRITE 136911 1018 67
WRITE 770553 469 215
READ 286582 824 0
WRITE 357180 316 193
READ 869455 973 0
WRITE 590629 764 190
READ 615801 704 0
READ 588311 15 0
WRITE 213667 763 74
READ 588347 653 0
WRITE 763493 915 107
READ 824337 199 0
WRITE 626426 415 11
READ 889665 172 0
WRITE 35140 711 158
WRITE 992147 896 43
WRITE 118433 187 84
WRITE 769858 418 203
WRITE 933570 49 238
READ 638708 580 0
READ 586852 333 0
READ 699443 607 0
WRITE 677617 686 109
READ 598529 235 0
WRITE 872213 345 124
READ 871974 817 0
WRITE 162133 36 27
READ 317148 691 0
WRITE 362872 880 57
WRITE 363705 583 170
WRITE 237762 813 91
READ 723203 932 0
WRITE 276269 77 137
READ 300432 317 0
WRITE 96569 960 164
WRITE 470552 512 195
WRITE 207886 747 208
WRITE 140112 41 42
WRITE 526459 30 32
WRITE 997997 103 129
WRITE 911196 299 67
WRITE 1000227 725 94
WRITE 438126 953 206
READ 252971 244 0
READ 120599 720 0
WRITE 350199 812 41
READ 915269 149 0
WRITE 526625 169 33
READ 26404 586 0
WRITE 24297 478 174
WRITE 166897 881 210
WRITE 1006575 71 158
WRITE 496331 257 218
WRITE 567934 363 18
WRITE 548388 300 69
WRITE 863312 743 196
WRITE 72708 857 19
READ 10030 276 0
WRITE 909198 242 201
WRITE 390325 254 27
READ 763961 120 0
WRITE 175168 78 208
WRITE 302803 268 225
READ 67056 712 0
READ 1012152 826 0
READ 642234 944 0
WRITE 287296 595 242
WRITE 843555 970 150
WRITE 142825 289 25
WRITE 517883 518 22
READ 792548 869 0
WRITE 633221 385 72
WRITE 60022 503 113
WRITE 554195 166 178
READ 917909 983 0
WRITE 677197 367 67
WRITE 238459 308 187
READ 1440 423 0
WRITE 733239 72 60
WRITE 722534 36 152
READ 713684 978 0
READ 222833 782 0
WRITE 125419 68 197
READ 639236 410 0
WRITE 743047 975 128
READ 1045123 508 0
READ 220079 235 0
READ 71496 235 0
WRITE 593441 853 45
READ 564270 623 0
WRITE 506745 645 160
WRITE 881330 274 232
WRITE 673250 395 174
WRITE 142319 522 178
WRITE 406180 322 217
WRITE 734085 833 160
READ 711400 98 0
WRITE 396594 822 56
WRITE 277207 64 147
READ 375009 240 0
WRITE 301842 748 161
WRITE 473310 812 22
WRITE 800961 838 200
WRITE 804615 886 66
WRITE 971108 843 38
WRITE 823989 60 17
WRITE 1002319 324 132
WRITE 539107 102 52
WRITE 475958 937 233
WRITE 593590 60 88
WRITE 669424 227 193
READ 259190 178 0
READ 784404 706 0
WRITE 456091 895 186
WRITE 906555 478 181
WRITE 378899 180 241
READ 665242 220 0
READ 789983 331 0
WRITE 867364 336 66
WRITE 33139 670 24
WRITE 779462 550 112
WRITE 190407 816 160
WRITE 963888 496 196
WRITE 780643 406 68
WRITE 278902 138 65
WRITE 857069 318 23
WRITE 166572 44 251
WRITE 584575 615 222
WRITE 439470 914 38
WRITE 295898 413 153
WRITE 795283 424 11
WRITE 445591 626 120
WRITE 469648 399 196
WRITE 943648 268 195
WRITE 159719 319 182
READ 916315 268 0
WRITE 1012252 712 106
WRITE 310969 103 52
READ 131054 129 0
WRITE 615758 481 252
READ 576628 628 0
READ 725671 584 0
READ 706526 644 0
WRITE 910651 41 6
WRITE 496814 217 58
WRITE 825547 874 89
WRITE 675583 144 166
READ 429834 585 0
WRITE 421623 570 32
WRITE 373735 908 112
READ 965785 765 0
READ 826247 662 0
WRITE 856373 73 156
READ 718965 113 0
WRITE 356116 420 108
WRITE 704364 284 91
WRITE 747168 4 232
READ 347157 111 0
WRITE 488429 618 212
WRITE 488323 987 12
READ 60755 228 0
READ 879945 157 0
READ 448310 342 0
READ 206105 775 0
READ 891312 909 0
READ 346014 354 0
WRITE 632565 794 21
READ 821466 182 0
WRITE 858586 499 236
WRITE 773047 749 23
WRITE 156227 595 85
WRITE 905470 205 191
WRITE 140404 994 196
READ 424654 28 0
WRITE 23270 845 187
WRITE 1036859 912 202
WRITE 219080 828 144
WRITE 1003983 587 18
WRITE 391353 386 127
WRITE 871281 377 197
READ 672726 711 0
WRITE 519262 247 215
READ 597284 898 0
WRITE 509711 694 70
WRITE 436021 511 239
READ 166029 199 0
WRITE 117672 411 166
WRITE 324842 368 55
WRITE 948524 403 139
WRITE 508872 490 177
WRITE 693567 878 246
WRITE 352550 47 67
WRITE 879484 151 244
WRITE 1012830 388 217
READ 966683 295 0
WRITE 346977 468 19
WRITE 883792 465 166
WRITE 296278 886 219
WRITE 836350 734 61
WRITE 22970 937 117
WRITE 843696 957 86
READ 492353 131 0
WRITE 887601 562 191
READ 377651 597 0
WRITE 493248 204 75
WRITE 33134 448 38
WRITE 138194 44 72
WRITE 946087 659 24
WRITE 911899 57 12
READ 516722 389 0
WRITE 340277 272 217
READ 1008108 234 0
WRITE 917426 839 149
WRITE 745208 62 154
WRITE 206046 921 211
WRITE 39638 172 34
READ 319550 698 0
READ 111594 851 0
READ 737735 227 0
WRITE 774138 332 163
WRITE 370349 675 154
WRITE 528374 52 65
READ 250632 207 0
READ 565907 428 0
WRITE 836525 789 161
WRITE 1027439 632 69
WRITE 898293 473 52
WRITE 1011304 265 145
READ 118238 983 0
READ 540184 362 0
READ 669294 391 0
WRITE 294426 62 107
READ 98355 900 0
READ 701458 739 0
READ 725437 185 0
WRITE 819027 610 39
WRITE 280432 347 199
READ 389164 686 0
READ 103825 727 0
WRITE 835198 231 236
WRITE 775584 515 185
WRITE 14208 206 42
READ 270226 311 0
WRITE 712361 986 194
WRITE 227524 638 32
WRITE 266455 461 145
WRITE 168779 460 94
WRITE 359582 442 251
WRITE 805624 387 30
READ 53429 969 0
WRITE 1033029 326 46
WRITE 352067 612 220
READ 330775 830 0
READ 1632 194 0
WRITE 313647 321 186
WRITE 897519 587 59
WRITE 693048 988 192
WRITE 62356 132 110
READ 930228 213 0
WRITE 208745 5 174
READ 945086 156 0
WRITE 156613 55 229
READ 418801 919 0
WRITE 83963 687 50
WRITE 631981 700 0
WRITE 257270 112 41
WRITE 865324 60 243
READ 960806 877 0
WRITE 463110 408 108
WRITE 588117 460 6
WRITE 580676 7 75
READ 99499 161 0
WRITE 436252 349 109
READ 608219 131 0
READ 602159 491 0
READ 1028626 954 0
WRITE 175646 168 47
READ 2426 128 0
READ 243130 1009 0
WRITE 741895 678 234
WRITE 949913 176 72
WRITE 505498 342 41
WRITE 942002 336 58
READ 280960 573 0
READ 1020724 589 0
WRITE 1031621 827 69
READ 765707 912 0
WRITE 219431 858 5
WRITE 997644 308 19
WRITE 913323 668 63
WRITE 165275 388 203
READ 446443 264 0
READ 691822 647 0
WRITE 1002922 688 44
READ 1024427 570 0
READ 41950 245 0
WRITE 106088 243 188
WRITE 549405 452 252
WRITE 600116 686 135
WRITE 592997 3 134
READ 634143 776 0
READ 840780 1004 0
WRITE 429258 490 51
WRITE 161448 918 21
WRITE 239764 125 250
WRITE 707479 38 130
WRITE 60310 346 195
READ 140825 908 0
WRITE 25212 582 27
READ 710982 338 0
READ 798122 979 0
WRITE 335733 122 66
WRITE 432049 971 53
WRITE 723981 690 18
READ 765988 424 0
WRITE 911218 598 200
WRITE 1002579 91 57
READ 95365 727 0
WRITE 283733 213 117
READ 25188 682 0
WRITE 9426 386 145
READ 935487 518 0
WRITE 92426 268 218
WRITE 816838 770 217
WRITE 792488 973 176
READ 806396 304 0
WRITE 429542 473 134
WRITE 262705 8 124
WRITE 523227 93 180
WRITE 601339 822 86
WRITE 489192 922 36
WRITE 179178 280 231
WRITE 41534 740 109
READ 604278 3 0
WRITE 296926 606 123
READ 416088 356 0
READ 567959 173 0
WRITE 346951 980 100
READ 357450 728 0
READ 279717 372 0
WRITE 280298 294 44
WRITE 895972 200 16
WRITE 190029 250 183
WRITE 939059 540 197
READ 665496 917 0
READ 67477 142 0
WRITE 298267 741 31
WRITE 249129 838 77
READ 1033147 199 0
READ 621867 427 0
WRITE 425126 560 125
WRITE 353924 79 215
WRITE 913010 920 250
WRITE 267296 138 179
READ 290112 107 0
WRITE 270966 9 64
READ 363854 695 0
WRITE 884343 145 104
WRITE 65640 937 143
READ 22059 509 0
WRITE 522598 582 152
READ 178531 840 0
READ 552875 338 0
WRITE 757562 187 31
WRITE 337017 43 183
WRITE 526416 423 253
WRITE 1037099 609 151
WRITE 1043668 186 131
WRITE 332889 714 175
WRITE 483185 464 150
WRITE 535862 565 144
READ 972454 26 0
READ 19434 720 0
READ 983326 490 0
READ 962166 187 0
WRITE 301443 814 237
READ 673379 114 0
WRITE 575187 102 125
WRITE 608970 632 6
WRITE 72614 476 146
WRITE 703919 99 71
WRITE 335724 1020 150
WRITE 811330 689 106
WRITE 75010 330 13
WRITE 940593 872 41
WRITE 642267 761 131
WRITE 298010 834 27
WRITE 1040625 167 42
READ 458200 702 0
READ 796619 1023 0
WRITE 982888 348 188
READ 173994 693 0
WRITE 461687 730 185
WRITE 557907 251 164
WRITE 262151 992 15
READ 833602 225 0
WRITE 142075 61 151
READ 687435 78 0
WRITE 123260 380 94
WRITE 849733 317 195
READ 1015736 944 0
READ 43103 202 0
READ 189211 12 0
READ 735894 758 0
WRITE 76966 236 37
READ 432235 711 0
READ 998555 583 0
READ 178810 100 0
READ 395159 867 0
READ 565497 870 0
WRITE 230192 944 185
WRITE 906417 352 89
WRITE 1042915 545 244
READ 951348 385 0
WRITE 306682 258 114
WRITE 838027 978 72
WRITE 425644 385 220
WRITE 153686 849 208
WRITE 320387 281 224
READ 48380 881 0
READ 981373 662 0
WRITE 351562 227 96
WRITE 733154 810 168
WRITE 30103 282 35
READ 829180 938 0
WRITE 692138 450 232
READ 318603 520 0
READ 397273 888 0
WRITE 598143 487 117
WRITE 853372 852 226
READ 560961 279 0
READ 676994 6 0
WRITE 324986 981 126
READ 915881 451 0
WRITE 768541 437 38
READ 399187 1020 0
READ 456145 215 0
READ 106735 134 0
WRITE 874540 981 33
WRITE 892466 555 47
WRITE 334579 194 179
READ 881963 58 0
WRITE 615781 739 26
READ 905091 280 0
READ 524731 830 0
WRITE 10423 725 89
WRITE 1035545 429 174
READ 644484 234 0
READ 26257 76 0
WRITE 56228 21 49
WRITE 373364 839 136
WRITE 894387 294 240
READ 966978 948 0
WRITE 88427 348 185
WRITE 580740 510 132
READ 235996 895 0
READ 875230 653 0
WRITE 76632 845 196
READ 452459 776 0
WRITE 332810 40 126
WRITE 48689 128 157
WRITE 999329 719 235
WRITE 599739 911 165
WRITE 54043 493 248
READ 668787 195 0
WRITE 117329 37 45
WRITE 514322 887 205
READ 706820 1009 0
WRITE 195002 484 21
WRITE 500746 399 62
WRITE 306880 840 115
WRITE 67544 493 166
WRITE 509194 785 171
WRITE 727428 546 121
WRITE 496539 810 59
WRITE 261379 640 32
WRITE 622469 437 68
READ 649955 401 0
WRITE 45738 930 165
WRITE 577635 237 219
WRITE 416573 370 94
WRITE 144908 883 111
READ 218848 653 0
READ 890172 97 0
WRITE 17057 1023 219
WRITE 620267 914 63
WRITE 539133 922 142
WRITE 107288 329 13
READ 359646 595 0
READ 763512 330 0
WRITE 913801 611 201
READ 240117 724 0
READ 276033 26 0
WRITE 244788 440 64
WRITE 516698 189 67
WRITE 617316 120 45
READ 746201 391 0
READ 962354 947 0
WRITE 64709 252 50
WRITE 671252 787 150
READ 93961 854 0
WRITE 649724 650 90
WRITE 399138 257 245
WRITE 743369 645 117
WRITE 65284 349 202
WRITE 53833 694 181
WRITE 410375 708 185
WRITE 149219 543 189
WRITE 12578 419 99
WRITE 281781 580 49
WRITE 962457 704 151
WRITE 791424 701 137
WRITE 887090 720 139
READ 758393 821 0
WRITE 668280 801 225
READ 929441 228 0
READ 12231 533 0
WRITE 656159 655 132
WRITE 376862 34 116
WRITE 144315 117 62
WRITE 571957 972 52
WRITE 766067 22 149
READ 777832 783 0
READ 202053 746 0
WRITE 1010652 263 176
READ 597898 831 0
READ 903530 418 0
WRITE 935384 334 65
WRITE 859963 800 95
WRITE 308331 492 33
READ 840460 585 0
WRITE 892259 11 227
WRITE 654602 508 186
READ 207594 928 0
WRITE 843568 474 222
READ 762840 900 0
WRITE 176550 905 29
READ 115663 412 0
WRITE 485694 228 95
WRITE 919352 519 166
WRITE 424004 854 209
READ 302979 284 0
WRITE 978961 50 43
WRITE 714860 50 62
READ 703514 368 0
WRITE 845082 957 180
WRITE 900631 980 49
READ 967017 953 0
WRITE 753718 430 71
WRITE 777651 698 60
WRITE 932162 103 210
WRITE 705863 525 12
READ 46716 437 0
READ 295582 95 0
READ 434775 465 0
WRITE 230146 608 127
WRITE 191480 195 6
READ 716664 413 0
WRITE 23087 40 3
WRITE 837407 45 184
WRITE 419019 95 47
WRITE 675953 961 183
WRITE 191887 735 71
READ 717649 718 0
WRITE 77803 420 12
WRITE 686004 958 17
READ 938932 867 0
WRITE 824411 218 90
WRITE 396861 102 174
READ 359690 435 0
READ 296336 75 0
READ 710699 259 0
WRITE 386244 67 216
WRITE 1028616 186 150
WRITE 22161 2 107
WRITE 280113 534 130
WRITE 603325 640 12
READ 929471 841 0
WRITE 40302 625 238
READ 928005 571 0
WRITE 930610 740 201
READ 973202 377 0
WRITE 104450 508 230
WRITE 214627 904 228
WRITE 434631 883 122
READ 1024649 944 0
READ 333889 74 0
READ 289577 530 0
READ 654732 833 0
READ 533647 36 0
WRITE 163970 800 101
READ 1030568 256 0
READ 556466 387 0
READ 365484 89 0
READ 986916 46 0
WRITE 418758 10 185
READ 400284 946 0
WRITE 635433 235 120
READ 205172 443 0
WRITE 131696 748 207
READ 71552 323 0
READ 59465 175 0
WRITE 107631 316 226
WRITE 894668 875 108
WRITE 710324 245 40
WRITE 610642 623 210
WRITE 447174 848 76
READ 756330 868 0
WRITE 132600 93 158
READ 447 457 0
WRITE 545819 155 12
READ 875707 954 0
WRITE 78276 43 50
WRITE 922005 717 3
WRITE 655767 472 4
WRITE 361022 786 67
WRITE 722309 362 113
WRITE 838335 759 101
WRITE 1025656 425 76
READ 485006 242 0
READ 48312 553 0
WRITE 365177 610 89
WRITE 537563 761 117
READ 882694 855 0
WRITE 826749 462 0
WRITE 239800 151 39
READ 7144 95 0
WRITE 1002817 255 229
WRITE 918274 237 126
WRITE 605723 705 140
WRITE 188699 958 218
WRITE 359619 839 124
WRITE 316323 869 173
WRITE 158613 903 4
READ 779558 1003 0
READ 376344 40 0
READ 952769 246 0
READ 582243 655 0
WRITE 534397 384 236
READ 41697 81 0
READ 311134 407 0
WRITE 886140 705 231
WRITE 413781 959 77
READ 663860 623 0
WRITE 499671 326 191
READ 141460 406 0
READ 481347 983 0
WRITE 661385 445 241
READ 495525 265 0
READ 896850 839 0
WRITE 322514 402 109
READ 985107 690 0
WRITE 578919 990 203
WRITE 856812 216 90
READ 169156 920 0
WRITE 629207 607 36
WRITE 770061 1013 211
READ 948355 372 0
WRITE 304536 53 56
WRITE 872796 41 215
WRITE 6399 897 25
READ 257402 294 0
READ 938623 824 0
WRITE 874579 234 115
WRITE 29161 6 148
WRITE 947644 704 67
READ 301284 800 0
READ 899380 649 0
READ 129565 839 0
WRITE 1002951 267 205
WRITE 643154 835 169
READ 450644 101 0
WRITE 79824 394 6
READ 643679 269 0
WRITE 658297 574 145
WRITE 954553 134 124
READ 1030383 551 0
READ 698116 386 0
READ 261164 54 0
WRITE 166342 624 240
WRITE 250942 5 202
READ 982629 470 0
WRITE 159288 967 183
WRITE 597795 552 61
WRITE 566099 631 216
READ 740840 316 0
WRITE 333527 96 9
READ 538592 160 0
WRITE 477668 660 33
WRITE 466790 1001 20
WRITE 853139 292 56
WRITE 965828 848 109
WRITE 494000 1007 46
WRITE 122411 824 107
WRITE 231718 514 239
READ 527966 927 0
WRITE 902304 173 202
READ 120764 594 0
READ 557663 1000 0
WRITE 1038422 250 213
READ 448278 100 0
WRITE 860785 728 99
WRITE 916680 145 26
READ 270209 421 0
WRITE 875084 959 213
READ 397475 562 0
READ 641921 589 0
WRITE 964097 898 14
WRITE 98412 12 24
WRITE 568930 534 188
READ 458519 873 0
WRITE 618961 115 233
READ 430703 665 0
WRITE 929371 29 90
WRITE 74139 95 77
WRITE 77551 160 160
READ 863524 839 0
READ 569021 582 0
READ 616659 1022 0
WRITE 328234 179 243
READ 342118 518 0
WRITE 459936 602 200
WRITE 1008239 430 187
WRITE 304448 959 110
WRITE 990407 307 2
READ 441923 353 0
READ 888142 89 0
READ 932682 37 0
READ 899496 921 0
WRITE 586544 154 185
WRITE 385758 131 58
READ 874998 566 0
WRITE 459083 199 255
WRITE 926184 640 18
READ 550645 683 0
READ 67351 614 0
WRITE 432472 448 80
READ 917389 490 0
WRITE 541939 73 234
READ 542740 822 0
READ 711310 448 0
READ 711679 911 0
READ 511189 71 0
WRITE 678042 799 106
READ 689486 108 0
WRITE 848686 109 179
WRITE 808995 591 81
WRITE 483602 341 35
READ 407522 445 0
READ 6426 819 0
READ 647941 745 0
READ 715584 536 0
WRITE 358725 774 96
WRITE 582152 249 81
WRITE 67269 537 141
WRITE 667118 643 35
WRITE 275795 619 160
READ 971024 150 0
WRITE 990204 165 4
WRITE 447979 824 137
READ 417066 830 0
READ 301478 390 0
READ 454353 207 0
WRITE 986054 386 171
WRITE 971288 887 242
READ 985202 705 0
WRITE 164694 960 124
WRITE 564330 760 188
WRITE 624084 227 100
WRITE 787782 394 188
READ 559204 172 0
WRITE 354444 53 127
READ 777290 997 0
WRITE 234998 127 52
WRITE 148878 374 49
READ 772082 295 0
WRITE 484721 78 27
READ 394110 790 0
WRITE 66204 557 169
WRITE 384402 755 90
WRITE 995407 219 100
READ 457249 879 0
WRITE 152948 644 77
WRITE 691462 398 148
WRITE 951266 616 178
WRITE 485276 341 75
WRITE 830741 506 211
WRITE 980996 959 149
WRITE 241537 450 54
WRITE 836650 955 12
READ 322315 731 0
WRITE 584735 515 154
READ 733460 510 0
WRITE 84216 660 218
READ 314761 989 0
WRITE 914855 491 147
WRITE 177680 657 2
READ 881710 904 0
WRITE 161540 742 154
WRITE 145526 321 82
READ 5734 913 0
WRITE 973768 403 176
WRITE 342991 543 147
READ 1033787 102 0
WRITE 544056 137 73
WRITE 252529 1016 137
READ 644452 324 0
READ 623013 803 0
WRITE 732306 124 193
WRITE 827197 942 169
WRITE 96035 227 21
WRITE 650819 931 224
WRITE 611146 500 89
READ 679993 386 0
WRITE 49744 973 134
WRITE 911569 434 255
WRITE 526992 322 185
WRITE 198 233 79
READ 868057 60 0
WRITE 1030251 734 209
READ 8884 668 0
WRITE 218733 527 251
WRITE 724119 900 193
WRITE 317677 749 17
WRITE 588197 463 215
WRITE 491419 832 4
READ 459094 65 0
WRITE 439852 715 17
WRITE 968700 830 57
WRITE 707116 136 107
WRITE 49711 262 136
WRITE 1022424 534 175
WRITE 310237 482 102
READ 958672 823 0
READ 463177 717 0
WRITE 301090 404 17
WRITE 521140 94 42
WRITE 546922 158 233
WRITE 483886 621 22
READ 401502 227 0
WRITE 534725 262 246
READ 616639 630 0
WRITE 472170 451 56
WRITE 217103 210 138
WRITE 787398 777 34
READ 255997 152 0
READ 1012106 113 0
WRITE 115431 391 70
READ 745834 790 0
READ 105110 1023 0
READ 7175 625 0
WRITE 38473 996 144
READ 401497 754 0
READ 277273 897 0
WRITE 799049 741 6
WRITE 579558 903 126
WRITE 441938 252 116
WRITE 353767 809 113
READ 1036358 53 0
WRITE 67446 309 112
READ 887988 359 0
READ 880264 122 0
WRITE 868365 858 134
READ 1007398 971 0
WRITE 112882 967 25
READ 524557 261 0
WRITE 510303 213 18
READ 25290 90 0
WRITE 88681 539 105
WRITE 527322 734 229
READ 541641 331 0
WRITE 499960 389 72
WRITE 1007306 834 52
WRITE 134317 465 217
WRITE 416067 525 129
WRITE 291917 216 77
READ 601407 404 0
WRITE 70621 527 111
READ 400220 20 0
WRITE 130741 726 42
WRITE 524165 65 118
WRITE 32382 179 152
WRITE 947986 573 156
READ 629513 256 0
READ 134717 821 0
READ 422670 82 0
WRITE 936735 782 225
READ 326685 195 0
WRITE 458514 267 24
WRITE 322312 422 162
WRITE 332137 106 155
READ 391139 56 0
READ 777103 780 0
WRITE 13684 882 83
READ 215995 965 0
WRITE 811326 130 135
READ 819959 299 0
WRITE 574937 114 150
READ 956022 10 0
WRITE 547347 504 202
WRITE 168138 855 164
WRITE 39122 989 239
WRITE 278016 916 19
WRITE 255962 1020 161
READ 394883 886 0
WRITE 748381 351 187
READ 1035836 565 0
READ 526065 945 0
READ 809454 279 0
READ 914124 151 0
WRITE 354361 213 215
WRITE 623425 12 143
READ 754152 576 0
READ 189115 566 0
READ 780331 527 0
WRITE 988203 63 191
WRITE 329420 1021 109
READ 786700 540 0
WRITE 469587 795 8
READ 542651 84 0
WRITE 1483 441 97
WRITE 109016 327 17
READ 929050 835 0
WRITE 631585 470 191
WRITE 788841 378 201
READ 861906 819 0
WRITE 278968 372 118
WRITE 230630 596 52
WRITE 9411 1021 53
WRITE 120681 796 132
READ 972790 343 0
WRITE 161901 165 24
WRITE 121680 789 156
READ 113715 646 0
READ 775057 456 0
READ 1001401 704 0
READ 128081 687 0
WRITE 801463 90 171
WRITE 669498 696 227
WRITE 668409 42 108
WRITE 678763 850 204
WRITE 608708 836 162
WRITE 1034878 863 189
READ 72724 391 0
READ 819358 813 0
WRITE 342117 564 104
READ 648981 701 0
READ 524738 162 0
WRITE 335906 225 199
READ 133697 859 0
WRITE 23605 401 84
WRITE 343668 436 184
WRITE 1032299 1002 251
WRITE 917918 773 252
READ 354008 369 0
WRITE 361035 349 22
WRITE 767438 231 172
WRITE 362215 683 60
READ 583664 160 0
WRITE 245074 335 141
WRITE 804778 679 27
WRITE 537876 25 227
READ 839272 465 0
READ 910749 935 0
READ 942042 480 0
WRITE 649233 369 129
READ 62211 393 0
READ 508730 860 0
WRITE 320471 242 39
WRITE 577011 180 29
WRITE 577311 145 3
READ 248497 640 0
WRITE 491037 413 31
READ 358378 994 0
READ 48450 266 0
READ 823960 100 0
READ 524798 496 0
WRITE 1004232 7 112
WRITE 187064 257 104
WRITE 288882 886 79
READ 1024099 344 0
WRITE 1019439 997 85
READ 264186 911 0
WRITE 284415 464 105
READ 161487 433 0
READ 627618 412 0
WRITE 762065 735 71
WRITE 983924 987 30
WRITE 517184 58 93
WRITE 658055 948 235
WRITE 150620 763 191
WRITE 860750 772 180
READ 609255 893 0
WRITE 193412 521 143
WRITE 901735 657 244
WRITE 11919 865 194
WRITE 1029446 902 194
WRITE 704073 599 41
WRITE 879988 598 181
WRITE 994147 935 64
WRITE 61094 31 128
WRITE 669568 184 120
WRITE 183030 397 166
READ 419724 40 0
READ 639976 576 0
WRITE 216405 32 203
WRITE 462699 759 1
READ 1035146 283 0
READ 30551 742 0
WRITE 16405 285 55
WRITE 455063 812 213
WRITE 876474 414 86
WRITE 291319 939 230
READ 382541 241 0
WRITE 96936 954 156
READ 1005533 22 0
WRITE 277265 903 132
WRITE 681214 984 7
WRITE 180922 665 106
WRITE 281082 975 148
WRITE 22271 688 194
WRITE 835223 787 217
READ 827465 244 0
READ 145358 999 0
READ 807231 226 0
WRITE 149081 157 119
WRITE 876815 183 133
READ 256419 324 0
READ 778804 44 0
WRITE 334403 919 61
WRITE 359242 697 75
WRITE 292738 650 76
READ 677770 760 0
WRITE 117848 522 14
WRITE 100724 337 56
WRITE 876276 192 33
WRITE 1029729 441 23
WRITE 650278 180 141
WRITE 1043532 539 0
WRITE 900065 65 32
WRITE 944214 836 91
READ 89278 906 0
WRITE 516962 771 166
WRITE 1020787 225 110
READ 247507 870 0
WRITE 724570 375 83
READ 1043563 95 0
WRITE 928763 834 165
WRITE 175987 1023 167
READ 2607 568 0
WRITE 920196 95 34
WRITE 928279 372 158
READ 79155 164 0
WRITE 19202 345 215
WRITE 1022759 753 199
WRITE 129910 1015 46
WRITE 410862 452 161
WRITE 275365 506 31
READ 786703 922 0
WRITE 916947 649 89
WRITE 835929 1 253
WRITE 87272 540 120
WRITE 932866 562 157
READ 666053 432 0
WRITE 184408 516 19
WRITE 208282 527 177
READ 330240 592 0
WRITE 857470 396 247
READ 314508 141 0
READ 361182 820 0
READ 756972 919 0
READ 736312 555 0
WRITE 251261 508 209
WRITE 812499 893 105
READ 423650 134 0
READ 48415 37 0
WRITE 779780 862 23
READ 629948 527 0
WRITE 345837 462 95
READ 679774 253 0
WRITE 834857 186 183
WRITE 432597 23 31
READ 874657 761 0
WRITE 490246 728 215
WRITE 859802 400 29
WRITE 626798 659 154
WRITE 662524 991 204
WRITE 993176 44 164
WRITE 83980 352 188
WRITE 511482 154 222
WRITE 18641 881 27
WRITE 747329 526 159
READ 765048 1019 0
WRITE 972060 504 158
WRITE 495088 280 126
WRITE 486066 504 219
WRITE 958112 814 171
READ 719184 170 0
READ 172992 805 0
WRITE 1189 775 21
WRITE 700776 195 87
READ 100001 962 0
WRITE 447578 218 138
WRITE 930969 805 206
WRITE 969563 866 29
WRITE 587420 871 14
READ 762321 634 0
READ 184881 774 0
WRITE 1024418 713 244
WRITE 372826 468 35
WRITE 91021 1007 172
READ 430937 625 0
WRITE 776691 755 96
WRITE 261698 34 207
WRITE 678177 546 107
WRITE 682977 16 28
READ 59592 847 0
WRITE 591290 59 157
WRITE 881123 339 138
READ 829914 287 0
WRITE 1042603 526 251
WRITE 823592 141 229
READ 393745 443 0
READ 619675 262 0
READ 930304 972 0
WRITE 502392 287 198
WRITE 893471 917 28
WRITE 381019 905 4
READ 433959 252 0
WRITE 372334 546 54
WRITE 851237 546 51
WRITE 109625 949 135
READ 22259 162 0
WRITE 922551 328 128
WRITE 705980 594 45
WRITE 797629 913 97
WRITE 135818 294 94
WRITE 786426 303 195
WRITE 687145 729 117
WRITE 762589 419 197
READ 228263 967 0
WRITE 809719 968 85
WRITE 635099 543 104
WRITE 222182 867 192
WRITE 125668 655 106
READ 478967 558 0
READ 784186 370 0
READ 1043850 498 0
READ 623666 505 0
WRITE 551445 195 60
WRITE 591601 592 28
WRITE 287630 957 245
READ 245155 402 0
WRITE 929484 431 154
READ 287231 128 0
READ 442458 49 0
WRITE 861224 810 102
WRITE 920442 590 172
READ 485371 400 0
READ 876769 894 0
WRITE 183891 746 84
WRITE 278221 946 120
WRITE 861847 231 42
WRITE 1005767 2 179
READ 978319 654 0
READ 254597 753 0
WRITE 342741 810 22
WRITE 803833 71 33
WRITE 550656 401 56
WRITE 879819 798 93
WRITE 910280 609 120
READ 970256 2 0
READ 615521 384 0
READ 493734 312 0
WRITE 688140 780 170
READ 292856 665 0
READ 199196 596 0
WRITE 169985 726 114
READ 273914 237 0
WRITE 455893 204 96
WRITE 711598 544 152
WRITE 205754 506 202
WRITE 680478 931 147
WRITE 955384 449 106
READ 466947 29 0
WRITE 284187 941 39
WRITE 122849 681 6
WRITE 149554 545 162
READ 920653 805 0
READ 728138 134 0
READ 250082 146 0
WRITE 866832 111 63
WRITE 724046 467 113
WRITE 456779 274 132
WRITE 1024686 823 9
WRITE 945758 11 46
READ 772762 690 0
WRITE 538325 570 200
READ 829676 314 0
WRITE 1018994 150 110
READ 899547 900 0
READ 353855 375 0
WRITE 361904 892 28
WRITE 222649 674 75
WRITE 57702 386 13
WRITE 94089 939 172
WRITE 699999 731 18
WRITE 443168 891 79
WRITE 977942 502 251
READ 146943 400 0
WRITE 481610 303 32
WRITE 459331 686 245
WRITE 208626 931 253
WRITE 958655 701 189
WRITE 448122 990 189
WRITE 1011047 372 234
READ 887297 491 0
WRITE 744078 831 84
WRITE 285799 796 183
WRITE 35587 649 38
WRITE 302689 304 86
WRITE 695518 856 31
READ 990323 930 0
WRITE 34823 277 37
WRITE 1002364 1021 144
READ 593248 898 0
WRITE 214292 323 36
WRITE 1042086 485 178
WRITE 53923 657 184
READ 1046762 110 0
WRITE 274463 621 199
READ 816745 459 0
WRITE 612324 511 16
WRITE 74351 247 138
WRITE 319357 657 253
WRITE 231960 37 187
READ 103193 943 0
READ 333084 725 0
WRITE 612628 825 0
WRITE 847300 330 222
READ 1018977 291 0
READ 820366 649 0
WRITE 90257 650 214
WRITE 612543 455 191
READ 315370 360 0
WRITE 386529 319 156
READ 79872 160 0
WRITE 112761 125 228
WRITE 823608 70 100
READ 407576 47 0
WRITE 285453 979 172
READ 793373 679 0
READ 327817 764 0
WRITE 880898 144 234
WRITE 729603 387 25
WRITE 257641 882 43
READ 857727 367 0
WRITE 776987 568 50
WRITE 397262 565 96
WRITE 1033613 209 140
WRITE 998010 481 119
WRITE 136114 332 8
WRITE 393027 957 67
READ 716152 484 0
WRITE 378157 652 92
WRITE 31851 902 154
WRITE 68008 639 36
WRITE 300168 619 171
READ 136662 886 0
READ 439756 666 0
WRITE 461302 60 213
WRITE 606325 73 90
WRITE 665879 796 180
WRITE 120916 725 75
READ 290759 326 0
WRITE 516411 604 49
WRITE 922613 924 80
WRITE 526747 965 95
WRITE 996529 25 17
WRITE 692515 705 200
WRITE 737030 809 212
WRITE 641741 718 223
WRITE 1005969 495 90
READ 552503 562 0
WRITE 12084 810 189
WRITE 294280 338 87
READ 360849 377 0
WRITE 1036532 208 48
WRITE 519389 483 125
WRITE 495896 168 190
WRITE 700680 555 128
READ 583493 37 0
WRITE 685252 30 147
WRITE 494954 998 56
WRITE 377524 575 132
WRITE 558009 149 84
WRITE 604811 213 253
READ 865500 188 0
WRITE 52698 225 132
READ 358869 113 0
WRITE 445951 651 243
WRITE 546406 146 174
WRITE 898029 382 63
READ 28920 347 0
WRITE 331973 921 78
WRITE 692218 910 217
WRITE 560044 15 189
READ 356478 134 0
READ 361790 46 0
WRITE 265921 959 142
READ 954906 972 0
WRITE 716192 246 10
WRITE 273805 42 0
WRITE 595673 858 157
READ 287052 770 0
WRITE 382661 915 187
WRITE 600502 173 70
WRITE 330610 543 251
WRITE 47649 548 183
WRITE 769353 613 89
READ 392460 585 0
WRITE 589782 539 193
READ 139442 802 0
WRITE 542030 1023 75
WRITE 237191 216 196
WRITE 368379 335 69
WRITE 488962 595 67
WRITE 845740 232 34
WRITE 379285 934 112
READ 383385 899 0
WRITE 426726 874 187
READ 609431 986 0
WRITE 875386 249 142
WRITE 726393 296 101
WRITE 856260 389 134
READ 616589 63 0
READ 932368 385 0
WRITE 332394 638 190
WRITE 246548 601 198
WRITE 387234 686 198
WRITE 145001 177 41
WRITE 964453 30 143
READ 515027 461 0
READ 750983 989 0
WRITE 646754 398 152
READ 968894 821 0
WRITE 819855 158 218
READ 879812 633 0
WRITE 250861 134 154
WRITE 271751 848 206
WRITE 721026 55 119
WRITE 213234 772 167
READ 374146 169 0
READ 372111 59 0
WRITE 438636 338 37
READ 39237 660 0
WRITE 406665 855 61
WRITE 762932 803 6
WRITE 172758 578 61
READ 623320 126 0
WRITE 735884 704 21
WRITE 128263 724 71
WRITE 619406 828 117
READ 591011 570 0
WRITE 51060 674 194
READ 796654 704 0
WRITE 804096 875 245
WRITE 655636 258 81
READ 466226 979 0
READ 2750 560 0
WRITE 880509 551 253
WRITE 249020 341 228
READ 1018187 209 0
WRITE 55990 422 196
WRITE 23190 501 131
WRITE 541571 793 102
WRITE 514254 333 34
WRITE 704605 229 223
READ 811787 665 0
READ 411587 318 0
WRITE 43196 745 42
WRITE 46315 852 212
WRITE 316603 289 253
WRITE 614643 488 125
READ 693222 978 0
READ 752108 608 0
READ 355762 701 0
WRITE 749734 441 233
WRITE 630429 283 104
WRITE 782347 480 46
READ 557453 320 0
READ 851233 529 0
WRITE 812838 217 190
WRITE 787850 99 231
READ 328 55 0
READ 321309 354 0
WRITE 410365 767 22
READ 1023174 583 0
WRITE 840777 1011 165
WRITE 734052 621 102
WRITE 353387 457 94
READ 1008414 284 0
WRITE 928131 747 16
WRITE 938816 934 47
WRITE 198751 41 47
READ 665518 890 0
WRITE 866296 242 185
READ 288037 192 0
WRITE 626827 378 255
WRITE 1036616 944 207
READ 793953 3 0
WRITE 191660 128 248
WRITE 314962 938 196
READ 994229 698 0
WRITE 568168 583 170
WRITE 193271 213 236
WRITE 887024 141 252
READ 1000321 941 0
READ 124468 85 0
WRITE 99724 364 115
WRITE 272684 517 197
READ 893915 61 0
READ 602777 1013 0
READ 140326 744 0
WRITE 986863 423 123
WRITE 864511 610 177
WRITE 350160 801 90
READ 8534 758 0
READ 26322 329 0
WRITE 578865 460 60
READ 590425 334 0
WRITE 562150 417 71
WRITE 579615 675 242
READ 932005 717 0
READ 605581 219 0
WRITE 394245 64 229
WRITE 571840 570 109
WRITE 857556 299 184
READ 278719 219 0
WRITE 111171 624 49
WRITE 720788 198 63
WRITE 679937 404 88
WRITE 83889 298 173
WRITE 803061 453 79
READ 549519 46 0
READ 816351 937 0
WRITE 764181 605 114
WRITE 310730 436 98
WRITE 1039535 704 156
WRITE 884926 886 197
WRITE 607736 289 213
READ 76654 144 0
WRITE 168372 984 110
READ 298710 971 0
READ 751572 926 0
WRITE 249466 204 50
WRITE 407922 951 243
WRITE 759381 636 79
WRITE 531929 356 169
WRITE 35702 10 58
READ 161488 433 0
WRITE 582209 850 213
READ 213534 809 0
READ 332249 245 0
WRITE 266305 653 212
WRITE 765453 1001 1
WRITE 709968 882 248
WRITE 147347 811 69
WRITE 307079 220 44
WRITE 296999 392 119
READ 29578 668 0
READ 350514 276 0
WRITE 950868 313 168
WRITE 650572 356 215
WRITE 712576 32 99
READ 633026 179 0
READ 827832 854 0
READ 177436 274 0
READ 298702 539 0
WRITE 741246 930 217
WRITE 488757 993 124
WRITE 309000 1007 130
READ 705757 356 0
WRITE 365393 683 201
WRITE 988204 544 212
WRITE 1003510 418 105
READ 20564 875 0
WRITE 715920 927 107
READ 65475 348 0
WRITE 468521 248 58
WRITE 946303 46 98
READ 664446 257 0
WRITE 860561 796 202
WRITE 572134 100 88
WRITE 297094 391 9
READ 1032113 286 0
WRITE 573310 679 215
WRITE 737985 777 25
WRITE 900730 207 3
WRITE 303661 856 34
READ 408662 567 0
WRITE 732467 174 22
WRITE 76644 634 3
WRITE 624762 271 141
WRITE 34109 252 252
READ 602332 449 0
READ 932943 438 0
WRITE 278542 85 107
READ 590684 602 0
READ 252980 775 0
WRITE 257476 422 166
WRITE 414905 441 133
WRITE 471174 669 172
WRITE 565299 615 72
WRITE 318572 1023 231
WRITE 288470 595 130
READ 869866 723 0
WRITE 925295 975 136
WRITE 379812 258 101
WRITE 1040002 947 33
WRITE 809361 960 87
WRITE 1021106 411 76
WRITE 39999 432 185
WRITE 802515 780 35
WRITE 692639 231 100
WRITE 438534 8 3
WRITE 965090 619 125
WRITE 837248 598 255
WRITE 261173 82 26
READ 680639 39 0
READ 939591 140 0
READ 244662 521 0
READ 935929 399 0
READ 714843 606 0
WRITE 583991 681 14
READ 1021076 651 0
WRITE 806061 816 156
WRITE 398369 194 27
WRITE 750976 102 0
WRITE 189507 509 233
WRITE 894626 681 65
READ 303072 958 0
WRITE 274172 96 54
READ 215213 988 0
READ 1045669 541 0
WRITE 303500 104 167
WRITE 31895 793 103
WRITE 342980 312 129
WRITE 224742 103 103
READ 481800 269 0
READ 395843 223 0
WRITE 230378 895 139
WRITE 996237 493 193
WRITE 763351 754 188
WRITE 628711 275 74
WRITE 281266 783 34
WRITE 136312 308 70
WRITE 309354 698 44
WRITE 31257 975 193
READ 609821 22 0
WRITE 602657 655 66
WRITE 203900 911 21
WRITE 358096 979 183
READ 205214 240 0
WRITE 316504 260 74
READ 583416 823 0
WRITE 980787 773 113
READ 643343 303 0
WRITE 376136 413 181
WRITE 768804 125 138
WRITE 864691 2 18
READ 879796 590 0
READ 242298 935 0
WRITE 339272 422 76
WRITE 276326 791 39
WRITE 887790 866 27
READ 7307 928 0
WRITE 296779 518 9
WRITE 344450 197 204
WRITE 134577 862 5
WRITE 530666 943 232
WRITE 986506 440 185
WRITE 753712 938 199
WRITE 287731 172 246
WRITE 503714 551 120
WRITE 745623 605 153
READ 932807 545 0
WRITE 650593 757 154
WRITE 922182 250 73
WRITE 445364 833 12
READ 854782 479 0
WRITE 180597 300 58
WRITE 793510 769 184
READ 770133 140 0
WRITE 42682 100 3
WRITE 124408 604 108
WRITE 416259 215 121
WRITE 726361 43 2
WRITE 1039498 576 112
WRITE 314718 112 52
READ 329021 367 0
WRITE 468610 395 250
WRITE 344051 341 120
READ 335698 42 0
READ 248337 249 0
WRITE 606165 147 25
WRITE 825256 1000 51
WRITE 885067 601 242
WRITE 622541 767 201
WRITE 609912 604 72
WRITE 24015 653 110
WRITE 201677 1004 108
WRITE 246348 73 90
WRITE 806582 786 53
READ 813801 312 0
WRITE 477507 446 250
WRITE 996319 216 15
WRITE 946468 1023 157
WRITE 838877 26 50
READ 633304 330 0
WRITE 489340 513 209
READ 174218 424 0
WRITE 622239 161 149
WRITE 611153 114 21
WRITE 295514 671 62
WRITE 674049 819 231
WRITE 643294 366 245
READ 1003246 235 0
WRITE 646582 961 68
WRITE 641767 935 165
READ 662010 129 0
WRITE 1002201 132 45
WRITE 8159 404 10
READ 811304 359 0
READ 615848 329 0
READ 664182 268 0
READ 911675 996 0
READ 38807 672 0
WRITE 504154 993 141
WRITE 161202 370 54
WRITE 513626 20 224
WRITE 672732 764 53
WRITE 143964 924 13
WRITE 941608 656 245
READ 688885 419 0
WRITE 703546 671 221
WRITE 296349 983 86
READ 385895 112 0
READ 296401 995 0
READ 142103 428 0
READ 860858 792 0
READ 781666 599 0
WRITE 290922 304 91
WRITE 979646 844 89
READ 322506 98 0
WRITE 378744 284 9
READ 501345 622 0
WRITE 297124 482 123
READ 154193 760 0
READ 416055 135 0
WRITE 5764 647 192
WRITE 59615 742 111
READ 234563 505 0
READ 537739 944 0
READ 404435 278 0
WRITE 498159 186 152
WRITE 871687 116 37
READ 53657 769 0
WRITE 2800 87 185
WRITE 159115 618 224
WRITE 792185 151 15
WRITE 856346 76 249
WRITE 805660 37 88
WRITE 204273 135 162
WRITE 196563 774 9
WRITE 104337 699 91
WRITE 523799 692 43
WRITE 305557 679 16
WRITE 756258 159 195
READ 340103 558 0
READ 464545 364 0
READ 1019515 293 0
WRITE 315135 379 246
READ 969466 298 0
WRITE 407041 716 163
WRITE 863956 385 15
WRITE 780518 910 165
WRITE 625983 273 123
READ 143980 868 0
WRITE 528814 519 133
READ 226785 90 0
WRITE 281307 200 118
WRITE 493050 888 197
WRITE 798261 451 91
WRITE 748373 966 26
WRITE 379737 207 57
WRITE 361015 365 52
WRITE 524364 728 35
WRITE 558583 275 24
WRITE 18918 893 101
WRITE 768997 1024 129
WRITE 699994 497 246
WRITE 942697 707 232
WRITE 524688 36 16
READ 399300 257 0
WRITE 280294 65 60
READ 700211 87 0
WRITE 469231 126 186
WRITE 397592 92 13
WRITE 837311 228 16
WRITE 477424 820 184
READ 367599 768 0
WRITE 531857 243 0
WRITE 224261 1017 183
READ 654052 306 0
READ 298706 1011 0
WRITE 143154 602 240
WRITE 600481 1002 69
WRITE 934608 586 90
READ 191909 676 0
READ 992120 764 0
WRITE 801900 188 234
WRITE 321678 952 233
READ 810592 99 0
READ 52185 258 0
WRITE 557588 75 98
WRITE 761666 924 171
WRITE 495595 841 246
READ 801301 393 0
READ 811859 289 0
WRITE 939652 10 193
WRITE 633054 921 153
WRITE 134497 642 145
READ 982496 312 0
WRITE 276398 878 195
READ 554732 404 0
READ 119073 713 0
WRITE 473628 912 250
WRITE 333586 752 121
WRITE 964805 140 87
READ 744636 794 0
WRITE 997443 578 109
WRITE 703835 548 222
READ 232866 646 0
READ 294382 96 0
WRITE 10919 216 136
WRITE 642570 257 62
WRITE 571328 198 85
READ 513493 318 0
WRITE 920332 805 168
WRITE 824297 986 97
WRITE 843022 78 103
WRITE 824529 943 159
WRITE 684128 823 16
WRITE 304613 683 201
WRITE 605528 918 109
WRITE 857653 980 50
READ 961924 560 0
WRITE 276476 872 159
READ 764468 610 0
READ 87573 127 0
WRITE 39132 772 37
WRITE 1036879 543 253
READ 297123 853 0
WRITE 545529 769 141
WRITE 532185 840 30
WRITE 874040 1000 111
WRITE 434077 975 181
WRITE 879992 388 90
READ 620278 314 0
WRITE 776061 516 194
WRITE 547665 63 221
READ 168031 739 0
READ 878316 556 0
READ 549934 358 0
WRITE 1009104 843 30
READ 133969 672 0
WRITE 88904 827 163
WRITE 169445 402 18
WRITE 233135 290 145
READ 133019 606 0
WRITE 256818 1001 65
READ 833456 944 0
READ 357155 884 0
WRITE 798912 934 110
WRITE 284844 764 84
READ 70592 961 0
READ 27519 395 0
READ 423701 884 0
WRITE 347292 150 106
READ 544674 429 0
WRITE 57400 48 172
READ 782425 871 0
WRITE 773236 811 29
WRITE 873742 586 61
WRITE 950121 840 242
READ 169174 892 0
WRITE 916793 456 18
WRITE 406126 869 130
READ 895939 577 0
WRITE 721114 824 253
WRITE 833989 833 139
WRITE 940170 745 29
WRITE 468840 943 204
READ 873438 939 0
WRITE 809403 428 87
WRITE 436967 122 225
WRITE 947125 590 114
READ 720385 600 0
WRITE 187584 480 106
READ 1029646 149 0
WRITE 474445 954 191
WRITE 569483 740 33
WRITE 985005 982 83
READ 839546 966 0
READ 98885 782 0
WRITE 795413 270 98
WRITE 650173 631 9
WRITE 925526 414 152
READ 28788 845 0
READ 925548 117 0
WRITE 869721 369 124
READ 344390 825 0
READ 271021 971 0
WRITE 285766 927 199
WRITE 340649 561 218
READ 515365 56 0
WRITE 1011889 583 11
WRITE 367841 628 108
WRITE 837388 190 175
WRITE 291449 773 73
READ 949773 859 0
READ 1007017 368 0
READ 403073 573 0
WRITE 193765 842 135
WRITE 304540 137 84
WRITE 542824 552 17
READ 438225 100 0
WRITE 76749 329 93
WRITE 105220 563 206
WRITE 866400 310 52
WRITE 734192 223 96
READ 685016 352 0
WRITE 655996 293 91
READ 234137 885 0
WRITE 611419 123 235
READ 898502 907 0
WRITE 793854 554 209
WRITE 9601 50 234
READ 374629 568 0
WRITE 425025 838 90
READ 539116 133 0
WRITE 485208 546 28
READ 764078 590 0
WRITE 481197 17 154
WRITE 756689 6 178
WRITE 538122 765 164
WRITE 998927 548 73
WRITE 699944 832 65
WRITE 728243 643 104
WRITE 576624 282 248
WRITE 669346 434 92
READ 1039230 413 0
READ 533572 850 0
WRITE 199359 796 44
WRITE 724151 218 121
READ 470288 592 0
READ 383445 785 0
WRITE 498259 777 178
WRITE 58819 482 112
READ 825748 608 0
WRITE 690293 890 13
READ 188010 958 0
WRITE 378274 833 9
WRITE 198894 23 190
READ 305086 41 0
WRITE 233387 1024 107
READ 694777 66 0
READ 22931 361 0
WRITE 387010 875 183
WRITE 537967 192 241
WRITE 798935 263 193
READ 887510 441 0
WRITE 841652 440 155
READ 403537 646 0
WRITE 721998 289 22
WRITE 299500 583 94
WRITE 592851 39 66
READ 770059 841 0
WRITE 681004 610 166
WRITE 306692 511 152
READ 91429 37 0
WRITE 721969 824 221
READ 435113 516 0
READ 254754 570 0
WRITE 374096 9 193
WRITE 757010 790 95
READ 575786 555 0
WRITE 952861 689 168
READ 844741 762 0
READ 889726 324 0
WRITE 142595 851 177
WRITE 968489 97 46
READ 888437 815 0
READ 238149 910 0
WRITE 115464 538 80
WRITE 79707 35 184
READ 312686 119 0
WRITE 940818 83 94
READ 142519 658 0
WRITE 42277 461 241
READ 914235 648 0
READ 554626 50 0
WRITE 246198 506 0
WRITE 673472 817 105
WRITE 566462 1023 180
READ 469891 849 0
WRITE 86222 369 164
WRITE 967346 365 203
READ 709222 480 0
WRITE 884920 718 146
WRITE 150425 266 159
READ 177337 583 0
READ 707280 134 0
WRITE 394594 502 221
READ 734237 502 0
WRITE 171475 442 6
WRITE 845996 477 161
WRITE 674526 123 236
WRITE 431120 602 68
WRITE 348968 707 191
READ 441469 236 0
READ 948693 255 0
WRITE 922242 992 184
WRITE 555183 138 114
READ 529149 920 0
WRITE 80269 251 22
READ 653234 74 0
WRITE 351037 933 29
WRITE 620945 575 12
READ 649738 565 0
READ 314559 490 0
WRITE 199417 158 35
WRITE 575355 979 39
WRITE 1036336 699 20
WRITE 268988 217 174
READ 605711 230 0
WRITE 654568 724 167
WRITE 337219 647 224
READ 403628 603 0
WRITE 825686 650 86
WRITE 168042 240 185
READ 562329 450 0
WRITE 171509 423 13
WRITE 510392 61 78
WRITE 307694 492 49
READ 808910 271 0
WRITE 48354 534 145
WRITE 606064 63 162
WRITE 791343 404 130
WRITE 345647 927 111
WRITE 539436 708 243
WRITE 240953 978 215
READ 186371 883 0
WRITE 108584 983 251
WRITE 244427 634 176
WRITE 633126 961 169
WRITE 876064 13 114
WRITE 480837 66 93
WRITE 682550 195 102
WRITE 37662 987 120
READ 1042327 668 0
READ 387340 933 0
READ 160436 52 0
READ 568381 299 0
READ 284638 880 0
READ 494054 996 0
READ 891316 295 0
READ 598020 275 0
READ 954659 432 0
WRITE 554598 510 221
READ 717563 1021 0
READ 998737 569 0
WRITE 223318 277 109
READ 676349 223 0
WRITE 574196 822 106
WRITE 919299 537 128
WRITE 508160 365 231
READ 274510 257 0
WRITE 948686 376 165
WRITE 530235 703 86
READ 253223 412 0
WRITE 260968 883 230
WRITE 806858 208 42
READ 517427 212 0
READ 871991 74 0
READ 585020 674 0
READ 112935 1016 0
WRITE 830487 360 250
READ 55230 526 0
WRITE 1026752 960 77
READ 97187 611 0
READ 1029545 666 0
READ 610532 211 0
WRITE 653277 629 18
WRITE 245917 460 55
WRITE 1001980 846 162
WRITE 945655 39 143
WRITE 289685 830 127
READ 193805 1021 0
WRITE 686610 837 40
READ 370408 230 0
WRITE 647743 957 247
WRITE 87606 883 130
READ 435081 511 0
READ 485934 492 0
WRITE 914581 323 166
READ 446614 468 0
WRITE 277519 309 140
WRITE 124031 328 131
READ 640441 661 0
READ 845337 196 0
READ 132305 459 0
READ 210302 146 0
WRITE 102157 635 10
WRITE 101652 186 211
WRITE 812369 203 21
WRITE 712863 789 132
WRITE 75648 51 197
WRITE 926463 502 231
WRITE 953623 129 118
WRITE 221341 7 251
READ 854478 442 0
READ 849451 762 0
WRITE 804276 976 26
WRITE 1000350 465 98
READ 690090 785 0
READ 720284 693 0
WRITE 9907 664 208
READ 281723 735 0
WRITE 685273 118 51
READ 619804 492 0
WRITE 56198 86 213
READ 14220 392 0
WRITE 936013 79 31
READ 521850 644 0
WRITE 339497 505 81
READ 144110 396 0
WRITE 782624 31 162
READ 629104 971 0
WRITE 179050 532 184
WRITE 409775 815 212
WRITE 958457 280 171
READ 524523 1013 0
READ 334569 115 0
WRITE 229060 480 225
READ 416750 737 0
READ 845588 450 0
READ 359773 944 0
READ 71783 126 0
WRITE 438961 276 230
WRITE 929571 357 194
WRITE 813841 477 217
WRITE 779872 167 65
WRITE 127164 81 7
WRITE 319828 292 193
WRITE 155269 999 60
READ 741180 686 0
READ 329200 260 0
WRITE 783074 767 162
WRITE 37154 2 210
WRITE 223408 244 37
READ 709394 143 0
READ 483872 541 0
READ 771928 902 0
READ 287678 693 0
READ 2258 475 0
WRITE 202336 7 93
WRITE 548539 865 87
READ 499962 180 0
WRITE 182303 63 211
READ 640597 690 0
READ 925895 8 0
WRITE 329899 402 247
READ 24348 387 0
WRITE 358863 618 88
READ 641528 742 0
WRITE 2960 843 183
READ 938912 853 0
WRITE 65797 230 55
READ 181750 514 0
READ 515114 510 0
WRITE 236257 502 142
WRITE 90431 556 122
WRITE 324611 915 92
WRITE 242130 550 214
WRITE 502277 593 186
WRITE 407958 911 10
READ 993153 305 0
WRITE 459890 197 144
WRITE 490663 109 63
WRITE 77069 850 39
READ 1045561 820 0
WRITE 1047748 436 106
WRITE 85243 714 208
READ 363520 255 0
WRITE 616190 1017 208
READ 685380 189 0
WRITE 573766 594 54
WRITE 248047 934 217
WRITE 405046 619 144
WRITE 518816 391 148
WRITE 424112 726 25
WRITE 491773 902 228
WRITE 938670 613 81
WRITE 979709 891 79
READ 493865 759 0
READ 859881 998 0
READ 926368 775 0
WRITE 292914 630 214
WRITE 768792 664 142
WRITE 315114 431 111
WRITE 400042 670 231
READ 972266 45 0
READ 207030 1018 0
READ 60730 23 0
WRITE 706160 673 106
WRITE 892862 652 232
READ 540507 505 0
WRITE 212539 181 178
WRITE 133754 124 161
READ 182815 538 0
WRITE 733585 365 39
WRITE 250113 552 85
WRITE 822561 705 152
WRITE 96042 688 30
READ 232433 784 0
WRITE 702385 993 254
WRITE 138527 84 242
WRITE 999722 439 60
WRITE 518266 539 37
READ 883960 378 0
READ 952805 91 0
READ 311127 740 0
READ 626171 645 0
READ 823584 220 0
READ 174261 750 0
WRITE 901065 1013 58
READ 710308 965 0
READ 1040914 1006 0
READ 915912 892 0
WRITE 410825 862 223
WRITE 294627 7 87
WRITE 708964 732 146
READ 127406 575 0
WRITE 103783 166 236
WRITE 152815 763 8
WRITE 475671 967 83
READ 649575 8 0
WRITE 538596 146 126
WRITE 939836 859 134
WRITE 769032 938 170
READ 131139 127 0
WRITE 418897 557 40
WRITE 399031 826 207
WRITE 944496 148 163
WRITE 661700 591 57
READ 48872 404 0
WRITE 632282 780 53
WRITE 529618 653 169
READ 674616 580 0
WRITE 786681 1013 241
WRITE 956017 645 133
WRITE 891463 423 165
READ 652635 124 0
READ 338757 443 0
WRITE 360139 189 168
WRITE 853083 789 141
WRITE 480120 137 47
READ 358250 213 0
READ 752920 604 0
WRITE 436494 539 70
WRITE 82545 718 255
READ 559409 694 0
WRITE 761323 652 123
WRITE 758592 393 66
WRITE 910542 317 203
WRITE 107563 718 158
WRITE 718312 850 15
WRITE 923208 140 240
WRITE 132288 511 160
WRITE 399588 119 60
READ 431544 172 0
WRITE 179461 349 241
READ 622652 886 0
WRITE 869995 217 216
READ 712492 894 0
READ 19391 278 0
READ 495110 261 0
WRITE 432983 1014 155
READ 101472 105 0
READ 425692 935 0
WRITE 131066 845 192
WRITE 529425 692 68
READ 473869 973 0
WRITE 1035601 74 202
WRITE 762685 687 175
WRITE 975435 952 146
WRITE 415824 905 142
WRITE 591172 74 243
WRITE 330795 51 111
WRITE 913430 85 166
WRITE 588008 544 194
READ 363096 863 0
WRITE 49605 902 233
WRITE 107186 872 36
WRITE 185810 454 131
WRITE 388217 20 54
WRITE 782905 703 168
WRITE 590906 894 118
WRITE 510062 478 198
READ 1018362 561 0
READ 972421 216 0
WRITE 466020 235 231
READ 279481 660 0
READ 109807 135 0
READ 1031622 813 0
WRITE 265814 726 72
WRITE 106571 226 88
WRITE 373753 617 41
READ 316812 157 0
WRITE 189284 924 19
WRITE 1007063 746 238
WRITE 292023 980 236
READ 814736 736 0
READ 27782 659 0
READ 921376 908 0
WRITE 478744 829 74
WRITE 534065 381 33
READ 730889 678 0
WRITE 283346 473 101
READ 782426 897 0
WRITE 519990 777 33
WRITE 285972 667 21
WRITE 93202 317 236
WRITE 75215 986 99
READ 605244 971 0
WRITE 368105 572 116
READ 910815 613 0
WRITE 650609 33 152
WRITE 946247 915 236
WRITE 188596 680 189
WRITE 101017 938 237
WRITE 65622 752 214
WRITE 178584 796 82
WRITE 682109 203 127
WRITE 536063 188 151
READ 904903 135 0
WRITE 408435 540 211
READ 142795 1008 0
WRITE 584807 910 237
WRITE 400039 847 90
READ 849444 745 0
READ 256718 279 0
WRITE 932216 316 243
READ 5491 511 0
WRITE 163934 383 27
WRITE 440267 1018 4
WRITE 533767 161 117
WRITE 718313 347 55
READ 145072 246 0
WRITE 518737 357 158
WRITE 813888 76 77
READ 371443 225 0
READ 991347 158 0
WRITE 455277 542 158
READ 403378 434 0
READ 309782 581 0
WRITE 1024669 626 200
WRITE 357687 109 116
WRITE 200395 50 141
WRITE 524498 487 110
WRITE 380076 592 34
READ 733430 715 0
WRITE 603225 2 192
WRITE 868213 661 207
WRITE 599735 633 168
READ 583222 389 0
READ 987356 681 0
READ 47240 590 0
READ 623100 433 0
WRITE 657471 376 13
WRITE 895772 928 162
WRITE 187744 340 44
READ 925899 600 0
READ 202205 360 0
WRITE 442592 379 88
WRITE 854151 948 113
READ 942140 603 0
READ 916204 36 0
WRITE 886998 449 42
READ 351698 687 0
READ 950346 1020 0
READ 376075 947 0
WRITE 907061 51 164
WRITE 921701 712 24
WRITE 690522 55 162
READ 421175 913 0
WRITE 971481 638 33
READ 361535 317 0
WRITE 944466 691 26
WRITE 1036247 119 88
READ 952899 375 0
WRITE 22749 398 56
READ 526595 969 0
READ 499205 669 0
WRITE 665432 65 245
WRITE 117756 310 175
READ 924613 589 0
READ 60170 736 0
WRITE 413536 851 2
WRITE 642750 543 210
READ 98055 703 0
WRITE 290864 177 100
WRITE 115918 788 166
WRITE 951752 603 58
WRITE 107464 76 221
READ 102706 771 0
READ 559389 972 0
READ 247464 306 0
WRITE 59493 375 244
WRITE 265304 731 239
READ 481161 350 0
WRITE 298040 762 222
READ 878650 417 0
READ 157178 426 0
READ 387370 165 0
WRITE 520831 130 14
READ 555719 810 0
WRITE 627974 868 136
WRITE 602361 1015 238
READ 855641 859 0
WRITE 614575 327 83
READ 1015981 339 0
READ 607237 206 0
WRITE 738035 413 178
READ 699046 858 0
WRITE 10988 531 116
WRITE 67711 361 65
WRITE 150644 792 141
WRITE 186994 889 4
WRITE 402765 238 128
WRITE 961380 502 49
WRITE 704738 659 239
READ 744376 418 0
READ 959644 354 0
WRITE 679007 624 141
WRITE 399368 985 67
WRITE 287742 189 165
WRITE 579923 793 99
WRITE 437800 34 203
READ 49875 424 0
WRITE 839146 631 53
READ 14209 880 0
WRITE 448041 600 215
WRITE 793988 964 194
READ 448988 521 0
WRITE 228233 858 254
READ 199679 922 0
WRITE 15314 376 32
READ 44923 98 0
READ 828852 1008 0
WRITE 605378 693 80
WRITE 270607 438 153
READ 328480 111 0
WRITE 493120 176 163
READ 343068 440 0
READ 355074 183 0
WRITE 1020331 281 133
WRITE 333560 936 159
READ 554345 539 0
WRITE 754612 119 233
WRITE 131485 175 143
WRITE 805115 472 101
WRITE 629401 28 186
WRITE 329500 417 174
WRITE 390813 960 34
WRITE 525283 77 176
READ 238667 696 0
WRITE 915906 875 194
WRITE 800398 10 75
WRITE 909572 537 192
READ 302352 524 0
WRITE 154787 825 47
READ 546548 269 0
WRITE 160352 390 144
WRITE 273182 145 56
WRITE 286697 830 80
WRITE 259784 439 30
WRITE 377483 198 171
WRITE 443973 745 130
WRITE 431562 70 104
READ 797474 981 0
WRITE 383699 953 22
WRITE 836245 49 3
WRITE 943259 908 154
WRITE 361341 964 48
READ 765072 228 0
WRITE 404615 259 0
WRITE 547588 779 89
WRITE 386650 452 15
WRITE 668410 899 10
WRITE 703089 597 218
WRITE 337125 405 80
WRITE 720251 573 215
READ 345892 843 0
WRITE 456258 723 138
WRITE 691983 665 97
WRITE 639170 428 188
WRITE 555048 906 0
WRITE 365844 650 88
WRITE 909482 537 127
WRITE 305850 676 112
READ 770602 875 0
READ 323142 651 0
WRITE 133002 194 218
READ 369627 863 0
WRITE 659872 41 48
WRITE 1015291 356 195
WRITE 493004 685 46
READ 515722 677 0
READ 144709 259 0
WRITE 431695 638 245
WRITE 317702 265 97
READ 28785 339 0
WRITE 691519 281 219
WRITE 186676 576 19
READ 742890 987 0
WRITE 566709 776 111
WRITE 1007217 518 69
READ 255935 928 0
WRITE 748280 1001 181
READ 347192 950 0
WRITE 331685 1013 138
WRITE 586948 268 163
WRITE 625569 342 180
WRITE 82707 601 240
WRITE 607566 542 179
WRITE 304506 627 133
WRITE 88396 129 111
WRITE 267548 140 210
WRITE 355429 950 138
WRITE 227240 243 227
READ 723451 742 0
READ 752792 8 0
WRITE 803963 387 50
WRITE 591661 835 42
WRITE 505432 463 245
WRITE 1011057 464 156
READ 67983 98 0
WRITE 965985 172 39
WRITE 574462 703 123
READ 416328 730 0
WRITE 829980 216 187
WRITE 611946 625 100
WRITE 947543 712 179
READ 211355 361 0
WRITE 391617 846 200
WRITE 635410 675 202
WRITE 694763 1014 186
WRITE 468507 134 118
READ 67593 437 0
WRITE 177012 508 160
READ 729568 293 0
WRITE 866085 174 28
WRITE 492390 899 203
WRITE 899786 474 100
WRITE 250260 360 26
READ 707215 380 0
WRITE 392433 179 19
READ 565642 869 0
READ 449904 436 0
WRITE 611727 541 230
READ 1047001 857 0
READ 761901 800 0
READ 871979 976 0
WRITE 427150 173 175
READ 270327 645 0
WRITE 1013438 737 117
WRITE 793105 774 143
WRITE 760910 209 97
WRITE 511721 770 232
READ 144587 102 0
WRITE 737030 206 252
WRITE 242711 908 8
WRITE 975316 590 7
WRITE 810009 939 33
WRITE 376888 410 111
WRITE 518712 324 204
WRITE 279946 146 111
WRITE 951919 118 171
WRITE 830530 923 19
WRITE 356983 310 146
WRITE 292459 724 122
READ 479399 949 0
READ 171932 50 0
WRITE 280978 60 243
WRITE 943600 801 117
WRITE 430695 884 227
READ 325811 865 0
WRITE 928031 718 130
WRITE 75720 380 43
READ 598153 431 0
WRITE 1025705 827 88
READ 21509 441 0
WRITE 25523 886 23
WRITE 625125 400 37
WRITE 188428 932 236
WRITE 315817 336 247
WRITE 610224 676 211
READ 72613 468 0
WRITE 590964 517 125
WRITE 848500 224 254
WRITE 465530 78 84
READ 819990 625 0
READ 633421 821 0
WRITE 324475 381 115
READ 65118 932 0
WRITE 884038 384 29
WRITE 536575 40 14
READ 479864 1004 0
WRITE 382803 551 246
WRITE 336004 63 116
READ 719770 637 0
READ 406245 249 0
WRITE 366650 30 174
READ 316229 946 0
READ 423112 938 0
WRITE 654176 907 233
WRITE 413546 103 156
WRITE 355609 250 188
WRITE 268611 166 193
WRITE 790912 988 102
WRITE 406538 848 210
WRITE 701652 770 111
WRITE 543254 541 101
READ 862830 555 0
READ 807647 355 0
WRITE 835482 117 78
READ 544936 646 0
WRITE 334539 748 220
WRITE 488506 536 190
READ 655917 559 0
WRITE 409089 728 157
WRITE 1013833 903 113
WRITE 696434 140 65
READ 78245 503 0
WRITE 300081 52 121
WRITE 95400 674 150
WRITE 781038 691 123
WRITE 957474 556 59
WRITE 808958 724 242
WRITE 469949 377 249
WRITE 150170 611 160
WRITE 551434 958 37
READ 706254 733 0
READ 865072 726 0
WRITE 93509 44 172
READ 27695 307 0
READ 210282 784 0
WRITE 715113 633 116
READ 914448 726 0
READ 312084 567 0
READ 630418 647 0
WRITE 379303 123 90
READ 468199 8 0
WRITE 507790 805 7
WRITE 448884 687 175
WRITE 841233 651 106
WRITE 787452 719 243
READ 811548 505 0
WRITE 445887 167 245
WRITE 186180 603 127
READ 57248 89 0
WRITE 291665 1021 153
WRITE 851750 633 128
WRITE 230830 514 202
WRITE 853713 640 220
WRITE 873828 795 158
WRITE 350571 338 51
READ 1004442 915 0
READ 346359 993 0
READ 752508 572 0
WRITE 494862 1019 201
READ 206452 953 0
WRITE 568053 245 179
WRITE 192238 21 99
READ 205388 16 0
WRITE 391223 989 198
WRITE 392150 761 165
WRITE 761238 534 15
READ 858052 869 0
READ 866729 767 0
READ 689061 310 0
READ 643684 452 0
WRITE 347220 755 166
READ 964109 77 0
WRITE 849344 356 135
WRITE 40439 287 206
READ 952432 100 0
WRITE 997894 564 17
READ 326201 806 0
READ 762071 300 0
READ 587055 660 0
READ 422318 899 0
READ 815336 630 0
WRITE 168121 993 4
WRITE 35001 189 229
WRITE 265347 466 17
READ 302140 952 0
READ 935189 426 0
READ 392663 230 0
WRITE 554634 778 65
WRITE 119935 1018 132
WRITE 28543 787 88
READ 922779 819 0
WRITE 490064 85 114
READ 739029 723 0
WRITE 138161 889 90
READ 907560 895 0
READ 630918 895 0
WRITE 186880 301 153
WRITE 644156 787 227
WRITE 888656 914 16
WRITE 22767 619 85
READ 45300 649 0
READ 664750 198 0
WRITE 816647 948 9
WRITE 73965 194 167
READ 616935 970 0
WRITE 707430 770 35
WRITE 298696 157 233
WRITE 501937 512 41
WRITE 293959 668 29
WRITE 892717 106 82
READ 823454 260 0
READ 938771 415 0
WRITE 202006 602 160
WRITE 643615 356 25
READ 696139 292 0
WRITE 269344 139 20
READ 995170 178 0
READ 306322 99 0
READ 647109 870 0
WRITE 27899 686 180
READ 181717 864 0
WRITE 275283 595 79
WRITE 54609 771 219
WRITE 138986 967 162
READ 957016 54 0
WRITE 911938 959 144
WRITE 702672 348 92
READ 27039 537 0
WRITE 904326 672 211
WRITE 932779 184 118
WRITE 918874 848 82
READ 148259 562 0
WRITE 691376 79 7
READ 800323 575 0
WRITE 948449 448 217
WRITE 299195 621 178
WRITE 873915 808 247
WRITE 4014 181 254
WRITE 949021 1013 216
READ 405549 906 0
WRITE 150895 122 109
WRITE 681684 263 47
WRITE 1019068 569 156
READ 610289 689 0
READ 393327 144 0
READ 411795 554 0
WRITE 140877 314 167
WRITE 81621 491 48
READ 407026 769 0
WRITE 564025 161 48
WRITE 225875 962 121
WRITE 405066 873 46
WRITE 504466 809 172
WRITE 921551 794 240
WRITE 367342 72 29
READ 663908 359 0
WRITE 1028368 129 7
READ 860325 261 0
WRITE 974961 410 77
WRITE 308611 783 162
WRITE 783335 630 106
WRITE 424410 578 58
WRITE 677400 842 52
READ 82868 688 0
WRITE 549438 530 62
READ 799075 513 0
WRITE 423147 544 71
READ 73967 760 0
WRITE 639772 133 226
READ 709572 842 0
WRITE 837559 651 61
READ 163958 906 0
READ 350866 836 0
WRITE 706033 761 170
WRITE 618123 394 203
READ 550240 869 0
READ 71274 622 0
READ 239577 914 0
READ 169878 966 0
READ 294980 556 0
WRITE 120505 844 125
READ 248280 948 0
READ 473146 646 0
READ 316173 126 0
WRITE 1007328 438 104
WRITE 271981 121 35
WRITE 102869 830 14
WRITE 705307 3 16
WRITE 160946 674 204
WRITE 565067 961 169
READ 944803 581 0
WRITE 99684 597 84
WRITE 731722 975 81
WRITE 425777 674 143
READ 808741 908 0
READ 57284 148 0
READ 501477 800 0
READ 259390 377 0
WRITE 968258 273 206
WRITE 830263 480 227
WRITE 1032034 453 176
WRITE 529675 84 20
WRITE 1023209 142 255
WRITE 192887 716 46
WRITE 1023761 559 87
WRITE 90632 314 136
READ 508514 126 0
READ 512350 909 0
WRITE 894407 1023 103
WRITE 165026 376 188
READ 1018483 944 0
WRITE 16742 150 249
READ 502698 717 0
WRITE 615237 323 58
WRITE 715489 498 151
READ 497103 970 0
WRITE 296499 648 115
WRITE 295355 198 55
READ 221923 679 0
WRITE 100475 734 83
READ 125948 795 0
WRITE 232435 141 168
WRITE 568827 581 252
READ 87231 945 0
WRITE 894404 534 117
WRITE 648715 47 37
WRITE 137930 910 225
READ 680242 169 0
READ 424611 918 0
WRITE 433246 683 32
WRITE 786219 34 177
READ 772277 362 0
WRITE 194793 1008 109
WRITE 783321 501 113
READ 582794 235 0
WRITE 640965 254 248
READ 806608 299 0
WRITE 147114 756 234
READ 474658 17 0
WRITE 208700 555 134
WRITE 928865 945 78
WRITE 575039 953 10
READ 885560 156 0
WRITE 1001489 948 159
WRITE 614941 217 181
WRITE 981928 145 197
WRITE 79026 828 240
WRITE 762143 676 44
READ 120081 357 0
READ 244487 780 0
WRITE 670143 617 61
WRITE 337390 355 22
READ 902985 353 0
WRITE 916760 54 68
WRITE 944849 313 194
WRITE 415118 923 238
WRITE 555436 131 32
WRITE 326601 62 62
WRITE 135324 860 137
WRITE 960567 643 75
READ 775306 63 0
WRITE 560540 388 156
READ 171980 579 0
WRITE 1034665 956 193
READ 508753 689 0
WRITE 440665 946 119
WRITE 982401 260 106
READ 829371 744 0
READ 111253 931 0
READ 1027225 565 0
READ 170843 523 0
READ 448308 571 0
READ 517502 821 0
READ 142591 929 0
WRITE 1004752 497 140
WRITE 330907 980 166
READ 223117 848 0
WRITE 1034412 825 114
WRITE 137061 153 85
READ 561491 667 0
WRITE 236099 504 83
READ 735971 962 0
READ 352391 235 0
WRITE 175331 264 238
READ 400671 220 0
WRITE 385332 20 121
WRITE 542160 96 179
WRITE 249731 562 167
WRITE 638361 256 41
WRITE 189749 364 104
WRITE 670695 623 135
READ 1010957 111 0
WRITE 508343 769 22
READ 595045 544 0
READ 136097 859 0
WRITE 102509 820 54
WRITE 752141 546 41
WRITE 685351 105 220
WRITE 194164 814 137
READ 955391 844 0
READ 883162 309 0
WRITE 793941 658 171
WRITE 376874 637 9
WRITE 349690 870 201
WRITE 166621 246 158
READ 382808 161 0
WRITE 1021921 122 53
READ 951030 335 0
WRITE 844229 305 108
READ 264709 240 0
WRITE 913490 605 247
READ 518923 99 0
WRITE 177946 888 137
WRITE 162699 934 137
WRITE 382449 619 225
WRITE 449639 551 143
WRITE 255532 267 56
READ 706317 166 0
WRITE 563920 713 151
WRITE 358476 716 232
WRITE 42432 339 36
WRITE 1047441 714 90
WRITE 371 692 214
READ 403777 958 0
WRITE 946982 993 73
WRITE 425310 937 135
READ 444590 942 0
WRITE 478885 95 206
WRITE 886907 263 71
WRITE 654268 585 81
READ 548832 944 0
READ 166871 270 0
WRITE 389370 330 134
WRITE 1010613 462 182
READ 165159 401 0
READ 212999 50 0
WRITE 207472 11 214
READ 559050 97 0
WRITE 936398 984 37
READ 765636 982 0
WRITE 969233 192 205
WRITE 557005 50 61
WRITE 371996 624 50
WRITE 319751 610 50
WRITE 695580 579 31
WRITE 1042638 164 14
READ 794731 343 0
WRITE 298266 921 179
READ 635519 707 0
WRITE 441217 485 9
WRITE 793330 791 151
WRITE 807461 150 209
WRITE 1044364 18 131
READ 940066 323 0
READ 712912 715 0
WRITE 952079 94 170
WRITE 934877 846 193
READ 879417 673 0
WRITE 840250 812 50
WRITE 280036 983 200
READ 552244 976 0
WRITE 792834 373 231
WRITE 168543 457 3
WRITE 1010295 101 188
READ 500311 337 0
WRITE 720388 350 98
READ 367825 7 0
WRITE 385966 832 96
WRITE 531382 607 188
WRITE 418200 127 210
WRITE 89067 918 0
WRITE 443428 230 54
READ 874499 441 0
WRITE 142103 793 70
READ 260603 443 0
READ 740315 140 0
READ 676792 715 0
WRITE 1018384 582 246
READ 150816 397 0
READ 454638 613 0
WRITE 107576 531 79
WRITE 39235 429 208
WRITE 477781 727 243
WRITE 481922 371 7
WRITE 731880 446 80
WRITE 102060 307 208
WRITE 41617 902 218
WRITE 657705 961 31
WRITE 407454 254 246
WRITE 134290 514 146
WRITE 862954 256 34
WRITE 966977 171 75
READ 538016 47 0
READ 698722 844 0
READ 710705 110 0
WRITE 945132 394 85
WRITE 198523 227 186
WRITE 792102 670 113
WRITE 856629 604 18
WRITE 546969 706 126
WRITE 310156 1 29
WRITE 229816 31 16
READ 694097 757 0
READ 593584 888 0
WRITE 94283 217 144
WRITE 215367 769 169
WRITE 802607 963 219
READ 225357 298 0
READ 15028 416 0
WRITE 791979 434 120
WRITE 322533 719 59
READ 46250 574 0
WRITE 42315 511 12
WRITE 510266 290 160
READ 51826 285 0
READ 334165 107 0
WRITE 725908 485 123
WRITE 393382 272 93
READ 249739 74 0
WRITE 156405 850 116
WRITE 976404 39 199
READ 857654 290 0
WRITE 733511 624 224
WRITE 513866 230 241
WRITE 81777 165 230
WRITE 268603 8 253
READ 15811 749 0
READ 130544 733 0
READ 471013 451 0
WRITE 750672 338 36
WRITE 2247 200 240
WRITE 699365 782 158
WRITE 933821 42 249
READ 85586 221 0
WRITE 282113 432 150
WRITE 568039 645 196
WRITE 943855 220 122
WRITE 582701 30 254
WRITE 613896 305 24
WRITE 206852 733 198
WRITE 220590 2 161
READ 799039 454 0
WRITE 890290 795 34
READ 327487 314 0
WRITE 140816 526 224
READ 949256 742 0
READ 764376 362 0
WRITE 714653 967 78
WRITE 638823 233 162
WRITE 267926 988 167
WRITE 626623 127 55
WRITE 814770 326 253
WRITE 605985 525 159
READ 866114 597 0
WRITE 319471 405 244
WRITE 108590 269 218
READ 891722 566 0
READ 851672 925 0
WRITE 492483 113 164
WRITE 706642 796 140
READ 540700 263 0
WRITE 462488 178 232
READ 617778 539 0
READ 850427 957 0
WRITE 156495 743 41
WRITE 463571 517 92
WRITE 282082 932 67
READ 897177 879 0
READ 466706 626 0
WRITE 351020 890 81
WRITE 495971 709 188
WRITE 790150 61 68
READ 838585 486 0
READ 321558 835 0
READ 218422 591 0
READ 633431 215 0
READ 354352 185 0
READ 701415 496 0
READ 713453 447 0
WRITE 285107 922 183
WRITE 806046 185 171
READ 918346 29 0
WRITE 904918 118 187
WRITE 928906 678 87
WRITE 881123 471 218
WRITE 622984 736 38
READ 516658 345 0
READ 542489 211 0
WRITE 507814 212 78
READ 142612 191 0
WRITE 976022 591 31
WRITE 798355 140 42
READ 191438 984 0
WRITE 407297 456 222
WRITE 980513 232 63
WRITE 615017 104 156
WRITE 969348 529 183
READ 126405 200 0
WRITE 349075 343 1
WRITE 168750 657 223
READ 586327 68 0
WRITE 573686 930 212
WRITE 95649 988 45
READ 144737 557 0
WRITE 903352 339 237
WRITE 956530 338 2
WRITE 1002084 895 203
WRITE 178350 751 81
READ 886476 37 0
WRITE 489695 922 30
WRITE 360965 965 153
WRITE 946653 968 83
READ 66453 510 0
WRITE 659364 161 200
READ 194579 175 0
READ 135159 125 0
WRITE 6716 338 85
WRITE 714289 137 236
READ 390236 1014 0
WRITE 32031 50 78
WRITE 668278 325 56
WRITE 278318 381 220
WRITE 448106 947 237
READ 404002 123 0
WRITE 1037016 531 221
READ 133908 583 0
WRITE 700781 762 143
READ 46768 410 0
WRITE 903001 239 148
READ 1022721 854 0
WRITE 557676 99 98
WRITE 14632 584 38
WRITE 359505 640 152
WRITE 345023 495 233
WRITE 639218 125 2
READ 371965 164 0
READ 842691 904 0
WRITE 140187 1023 179
WRITE 1026243 194 10
WRITE 1022346 609 251
READ 439823 977 0
WRITE 845890 576 215
WRITE 303669 481 4
WRITE 225719 470 206
WRITE 539830 159 237
READ 530814 480 0
WRITE 907329 533 25
READ 393922 944 0
WRITE 1016626 766 241
READ 354318 566 0
WRITE 1040014 679 19
READ 820887 713 0
WRITE 206146 553 8
WRITE 1047780 166 163
READ 791444 695 0
WRITE 693083 778 164
WRITE 207690 229 130
WRITE 582719 874 65
WRITE 118860 917 148
WRITE 421760 202 104
WRITE 790436 427 120
WRITE 855213 1003 226
READ 365670 570 0
WRITE 531027 8 217
WRITE 1010634 171 84
READ 429366 853 0
READ 360500 315 0
READ 782771 358 0
WRITE 291601 301 4
READ 796705 947 0
WRITE 800951 99 224
READ 682243 141 0
WRITE 1012366 55 240
WRITE 525445 30 82
WRITE 781116 321 73
READ 661738 241 0
WRITE 566311 237 223
WRITE 192520 652 50
WRITE 983499 264 63
WRITE 73148 305 30
WRITE 223669 533 33
WRITE 708478 495 86
WRITE 602128 488 24
WRITE 934455 786 22
WRITE 732780 456 60
WRITE 289364 334 19
READ 186238 68 0
WRITE 137613 453 253
WRITE 28220 48 49
WRITE 827216 349 50
WRITE 443512 701 155
WRITE 749434 157 141
WRITE 717079 341 92
READ 855015 962 0
READ 252744 139 0
WRITE 659991 118 133
WRITE 712610 747 99
READ 868464 483 0
READ 782611 825 0
WRITE 951435 380 99
WRITE 1030606 556 48
WRITE 340110 885 30
READ 465542 450 0
READ 515636 680 0
WRITE 563509 717 89
WRITE 130149 84 233
WRITE 422577 998 64
WRITE 263860 993 141
WRITE 153628 903 128
READ 45396 822 0
READ 580551 222 0
WRITE 259648 834 30
WRITE 166578 469 88
READ 845896 269 0
WRITE 792684 838 106
WRITE 174595 583 242
READ 56455 816 0
READ 239977 559 0
READ 948830 794 0
WRITE 624030 158 57
WRITE 654448 228 232
WRITE 1021252 855 189
READ 879803 182 0
READ 226836 400 0
WRITE 673116 633 37
WRITE 564273 287 22
WRITE 798835 97 167
READ 44701 172 0
WRITE 313919 15 126
READ 13466 772 0
READ 188885 945 0
WRITE 800573 265 113
READ 666729 156 0
READ 985620 501 0
WRITE 10256 939 98
WRITE 969840 760 98
READ 178689 316 0
WRITE 253575 996 75
WRITE 824320 11 50
READ 2358 316 0
READ 167592 655 0
WRITE 769325 230 110
WRITE 534805 595 66
READ 623456 1003 0
READ 271711 692 0
WRITE 462694 564 114
WRITE 77039 60 56
WRITE 526981 670 164
READ 218477 517 0
READ 177533 27 0
WRITE 319486 584 26
READ 825924 625 0
READ 756448 159 0
WRITE 565473 511 41
READ 370675 171 0
WRITE 822029 683 217
WRITE 638280 165 139
WRITE 173909 137 202
WRITE 297236 267 67
WRITE 136679 246 125
READ 850025 283 0
WRITE 1005708 230 59
WRITE 554720 173 60
WRITE 432368 179 139
WRITE 20031 39 58
WRITE 491362 229 20
WRITE 186952 920 136
WRITE 838643 999 26
READ 94795 457 0
WRITE 502103 917 226
READ 835102 914 0
READ 767208 395 0
WRITE 792020 549 168
WRITE 709023 444 254
WRITE 422820 743 134
READ 551680 502 0
READ 409700 141 0
WRITE 518275 994 172
WRITE 886016 430 38
WRITE 407776 694 86
WRITE 29225 995 170
WRITE 38970 713 25
READ 937273 294 0
WRITE 60696 664 245
WRITE 667128 229 223
WRITE 362669 107 220
WRITE 792420 644 60
WRITE 110448 585 223
READ 168346 823 0
WRITE 450403 947 221
WRITE 114171 791 9
WRITE 353521 52 69
WRITE 324945 12 16
WRITE 884439 661 56
WRITE 356533 706 60
WRITE 904755 539 205
READ 197215 753 0
WRITE 728844 614 82
WRITE 221601 647 233
WRITE 197509 1019 98
READ 364231 729 0
WRITE 735935 31 99
WRITE 862928 271 146
WRITE 705398 766 53
WRITE 284787 395 3
WRITE 553699 728 113
WRITE 876677 539 226
WRITE 550725 249 220
WRITE 154737 412 226
WRITE 390291 817 155
READ 792519 598 0
READ 231401 74 0
WRITE 408149 374 141
WRITE 339858 544 223
READ 104699 206 0
WRITE 522028 435 19
WRITE 951616 120 27
WRITE 533649 817 109
WRITE 620847 94 215
WRITE 403781 459 60
READ 841793 857 0
READ 711265 496 0
WRITE 156016 345 179
READ 662356 380 0
WRITE 682618 347 122
WRITE 721551 985 173
WRITE 831684 119 28
WRITE 539686 149 144
READ 997740 83 0
WRITE 920835 600 20
READ 878606 259 0
WRITE 472972 436 235
WRITE 872034 322 73
WRITE 635951 489 56
WRITE 100878 442 150
READ 185627 595 0
WRITE 421144 648 149
READ 72814 408 0
READ 109622 15 0
READ 169538 904 0
READ 894032 638 0
WRITE 718941 617 207
WRITE 1014107 37 180
WRITE 656108 706 172
WRITE 135168 968 98
WRITE 300255 437 216
WRITE 632393 816 21
WRITE 493198 843 2
READ 29672 802 0
READ 543238 307 0
READ 321100 296 0
WRITE 30805 501 192
READ 409091 28 0
READ 403571 708 0
WRITE 629495 805 156
READ 838838 724 0
WRITE 882052 899 229
WRITE 456717 811 181
WRITE 330041 209 81
READ 713576 141 0
WRITE 989012 449 102
WRITE 655490 73 144
WRITE 586215 713 111
READ 539917 1013 0
WRITE 60798 263 160
WRITE 583418 810 56
READ 942177 1002 0
WRITE 578775 266 77
WRITE 382287 528 54
WRITE 468164 291 115
WRITE 630698 198 129
WRITE 148113 824 142
READ 93222 516 0
WRITE 807478 456 33
WRITE 510356 821 159
WRITE 626876 31 121
READ 439386 1008 0
WRITE 423446 245 82
WRITE 159859 538 137
WRITE 725384 236 23
READ 857446 64 0
WRITE 795317 234 10
WRITE 52935 115 227
WRITE 9999 155 224
WRITE 185979 608 156
READ 1013821 484 0
READ 832782 570 0
WRITE 967546 1019 175
READ 713651 755 0
WRITE 734606 617 142
READ 845538 835 0
WRITE 972589 154 185
WRITE 923214 388 180
READ 761320 618 0
WRITE 966078 632 72
WRITE 664060 1010 204
READ 744459 410 0
READ 554412 407 0
WRITE 318447 755 39
READ 421372 868 0
WRITE 766252 810 131
WRITE 34596 127 8
WRITE 836388 245 121
WRITE 490893 696 236
WRITE 619465 579 191
WRITE 59203 766 0
WRITE 740730 249 185
WRITE 502150 583 199
WRITE 147687 249 46
READ 200906 375 0
READ 377373 509 0
READ 819471 268 0
READ 275832 10 0
READ 921483 567 0
WRITE 524447 747 85
WRITE 624930 97 166
READ 70164 854 0
WRITE 517688 678 18
WRITE 675600 93 206
READ 16561 913 0
READ 361883 756 0
WRITE 1032189 582 137
WRITE 626018 728 127
READ 883509 431 0
WRITE 645131 928 108
WRITE 185489 262 93
WRITE 365181 226 233
READ 800573 1016 0
WRITE 597508 19 251
WRITE 884458 837 231
READ 209054 662 0
READ 822996 582 0
WRITE 982960 496 135
WRITE 749295 257 119
WRITE 896818 148 200
WRITE 712121 461 169
READ 1044042 927 0
WRITE 685327 444 13
READ 229882 569 0
WRITE 12751 271 239
WRITE 248720 487 133
READ 17993 192 0
WRITE 161558 593 132
READ 965551 9 0
WRITE 52858 872 30
READ 5641 807 0
WRITE 289605 102 84
WRITE 694601 685 237
WRITE 726536 564 108
WRITE 829729 666 40
WRITE 29205 855 251
READ 117027 534 0
WRITE 352273 570 196
WRITE 57506 691 132
WRITE 785021 1013 64
WRITE 941330 425 255
WRITE 879442 827 60
WRITE 456923 78 40
WRITE 540857 1009 170
READ 436377 661 0
READ 40734 279 0
READ 763650 890 0
READ 710314 355 0
WRITE 785823 977 14
WRITE 506557 945 206
WRITE 786878 352 45
WRITE 152976 707 20
READ 1042235 44 0
WRITE 817473 689 96
WRITE 1010006 305 105
WRITE 273153 617 57
WRITE 833848 472 215
READ 51499 285 0
READ 893551 426 0
WRITE 795335 973 139
WRITE 82208 793 160
WRITE 390847 411 241
READ 71168 122 0
READ 995843 467 0
WRITE 1024602 1013 61
WRITE 842770 464 115
READ 699877 245 0
WRITE 33107 10 145
WRITE 956130 633 202
WRITE 965407 139 74
READ 113920 908 0
READ 412805 469 0
WRITE 187959 110 146
WRITE 668140 666 240
READ 981505 395 0
WRITE 635184 587 223
WRITE 25127 140 154
READ 1044254 964 0
WRITE 384227 737 98
WRITE 704006 127 125
WRITE 1009850 530 160
READ 386956 603 0
WRITE 187796 698 45
READ 972815 242 0
WRITE 342595 23 192
WRITE 575323 372 37
READ 619505 485 0
WRITE 874218 898 45
WRITE 306089 635 31
READ 515243 28 0
READ 811178 651 0
WRITE 799236 662 192
WRITE 259903 43 66
WRITE 745375 774 200
WRITE 598421 762 13
WRITE 802309 250 53
READ 833043 473 0
WRITE 738953 147 188
WRITE 771450 882 147
WRITE 695471 857 44
WRITE 759266 427 131
WRITE 444626 603 209
WRITE 637818 718 206
READ 244344 833 0
WRITE 947133 319 73
READ 457022 945 0
WRITE 332242 396 233
READ 761409 147 0
READ 164828 102 0
WRITE 659846 751 192
WRITE 410854 125 213
WRITE 301227 335 176
READ 155346 405 0
WRITE 198555 256 59
READ 179861 520 0
READ 748027 628 0
WRITE 541708 725 188
READ 463085 152 0
WRITE 973907 834 212
READ 575022 633 0
WRITE 346277 443 37
READ 720497 722 0
WRITE 285194 861 51
WRITE 95640 451 86
WRITE 208420 880 176
READ 616156 498 0
READ 260207 131 0
WRITE 247445 157 144
READ 826806 396 0
READ 118594 375 0
WRITE 595024 271 148
READ 595936 610 0
WRITE 715433 968 3
WRITE 959731 975 185
WRITE 148811 779 239
WRITE 304279 994 16
WRITE 519086 304 128
WRITE 904000 184 42
WRITE 521041 388 224
WRITE 894882 621 31
WRITE 313203 597 96
WRITE 303226 848 51
WRITE 366929 987 96
WRITE 316147 69 28
READ 832163 534 0
READ 986834 203 0
WRITE 363857 244 244
WRITE 453052 84 101
READ 488845 190 0
WRITE 91126 609 211
WRITE 1082 188 238
WRITE 168716 602 84
WRITE 285649 21 78
WRITE 206416 492 81
WRITE 688571 297 221
WRITE 676056 24 54
WRITE 181926 320 131
READ 416189 783 0
WRITE 71756 923 168
READ 984766 757 0
WRITE 639227 167 48
WRITE 619749 246 202
WRITE 644156 628 170
WRITE 132741 305 163
WRITE 210609 464 174
WRITE 710622 500 23
READ 36924 213 0
WRITE 761012 922 97
WRITE 761332 83 201
WRITE 968097 409 175
WRITE 191585 1014 173
WRITE 169322 243 211
WRITE 1026139 692 54
WRITE 788386 954 162
WRITE 703648 548 77
WRITE 778841 942 17
WRITE 956005 207 157
WRITE 482715 793 72
WRITE 853231 607 94
WRITE 939162 581 140
WRITE 528216 624 53
READ 850074 602 0
WRITE 548525 312 190
WRITE 580212 913 141
WRITE 906240 17 168
WRITE 1042385 557 182
WRITE 783318 44 12
WRITE 426309 647 227
WRITE 570269 256 100
WRITE 128509 214 55
WRITE 19359 913 76
WRITE 386860 521 77
READ 145378 364 0
WRITE 827656 598 27
READ 103889 515 0
READ 705889 508 0
WRITE 80482 153 201
WRITE 751672 805 173
READ 790850 89 0
READ 99251 451 0
READ 729697 791 0
WRITE 178737 425 246
WRITE 382521 235 176
READ 32442 790 0
READ 154675 21 0
WRITE 429160 1020 23
WRITE 200130 585 103
WRITE 317313 709 10
READ 328966 914 0
WRITE 949954 785 214
WRITE 740541 865 76
WRITE 915518 437 178
WRITE 677824 49 255
WRITE 892105 758 227
WRITE 157446 752 113
WRITE 111255 240 192
READ 957788 320 0
WRITE 561991 355 193
WRITE 49736 435 5
READ 986984 358 0
READ 266505 273 0
WRITE 464960 571 199
WRITE 897150 656 242
WRITE 876191 264 35
WRITE 106851 620 132
READ 631814 803 0
READ 59510 184 0
WRITE 764964 225 44
WRITE 778164 318 161
WRITE 186777 246 239
WRITE 519841 16 85
READ 26784 69 0
WRITE 51677 727 56
WRITE 206881 944 25
READ 937928 892 0
WRITE 1043655 585 40
READ 423019 738 0
WRITE 30659 913 228
READ 1000364 123 0
READ 754425 526 0
WRITE 956273 949 167
READ 463562 568 0
READ 824585 236 0
READ 691211 949 0
WRITE 792872 136 5
WRITE 148042 698 206
WRITE 916164 738 192
WRITE 278477 198 63
WRITE 242580 216 159
WRITE 696190 877 231
READ 993200 939 0
WRITE 718531 636 77
WRITE 860533 221 19
WRITE 214157 827 60
WRITE 930425 455 16
WRITE 692159 148 160
READ 389498 994 0
WRITE 584125 617 230
WRITE 588107 812 59
WRITE 552442 435 226
WRITE 973247 994 21
WRITE 815174 779 136
READ 217728 957 0
WRITE 33946 275 158
WRITE 679534 6 130
WRITE 885260 200 24
WRITE 177638 835 126
WRITE 555651 121 65
READ 108468 526 0
WRITE 992520 847 71
WRITE 876878 207 38
WRITE 49474 754 116
READ 988552 979 0
WRITE 477383 343 4
WRITE 289574 621 70
WRITE 996869 394 185
READ 769816 221 0
WRITE 30129 230 253
WRITE 59856 555 204
WRITE 38045 988 194
READ 917576 433 0
WRITE 713807 158 84
WRITE 601756 487 71
WRITE 558104 357 169
WRITE 156442 906 139
WRITE 283862 551 135
WRITE 638056 983 62
READ 907973 588 0
READ 221075 167 0
WRITE 799110 504 220
WRITE 7981 430 74
READ 572067 654 0
WRITE 550737 1001 60
READ 750027 589 0
WRITE 863935 785 48
WRITE 566965 146 146
WRITE 275483 74 134
READ 916630 756 0
WRITE 283131 70 159
WRITE 461475 335 16
READ 923896 196 0
WRITE 868734 811 80
READ 81766 273 0
READ 80073 470 0
READ 919404 1024 0
READ 33874 529 0
READ 608765 703 0
WRITE 864895 417 47
WRITE 869367 674 111
WRITE 543948 870 223
WRITE 578746 15 48
READ 762779 177 0
WRITE 938207 979 55
WRITE 957454 753 156
WRITE 913372 89 48
WRITE 254466 265 239
WRITE 497597 483 192
WRITE 111087 111 64
READ 363141 306 0
READ 80191 688 0
WRITE 735938 493 5
WRITE 124552 359 23
WRITE 917704 223 151
WRITE 415531 521 167
WRITE 114010 907 246
WRITE 448162 114 184
READ 948551 318 0
WRITE 582092 841 49
READ 728590 188 0
WRITE 112885 950 114
READ 615227 233 0
READ 283030 79 0
WRITE 725818 525 158
WRITE 624714 204 2
WRITE 482264 283 169
WRITE 451015 442 56
WRITE 472725 1006 68
WRITE 724786 106 218
READ 519530 924 0
WRITE 325114 58 14
WRITE 184856 891 39
WRITE 624648 510 113
WRITE 620644 414 103
WRITE 273870 653 194
WRITE 221119 388 202
WRITE 410033 649 239
WRITE 329363 865 123
READ 667708 717 0
WRITE 778861 74 101
READ 872377 870 0
WRITE 416788 169 53
WRITE 565494 360 116
READ 801843 377 0
WRITE 27184 908 197
READ 860645 993 0
READ 508652 159 0
WRITE 963769 846 150
WRITE 870994 291 152
WRITE 355376 22 77
READ 785408 295 0
WRITE 27275 88 36
READ 186109 434 0
READ 234959 44 0
WRITE 778201 871 166
READ 542955 135 0
READ 165300 952 0
READ 469023 341 0
WRITE 224450 603 74
READ 701485 845 0
READ 779524 636 0
WRITE 10054 206 160
READ 316761 740 0
WRITE 43542 983 237
WRITE 886883 308 101
READ 366161 501 0
WRITE 79999 918 203
WRITE 777780 12 16
WRITE 890300 308 84
WRITE 293289 947 2
READ 565010 370 0
READ 157618 656 0
WRITE 324363 490 184
WRITE 82464 187 108
WRITE 175063 108 20
WRITE 592276 962 70
WRITE 482264 459 16
WRITE 198726 624 119
WRITE 262325 822 152
WRITE 427958 890 132
READ 480967 2 0
WRITE 61384 922 90
WRITE 471594 798 81
READ 1041030 128 0
READ 232077 417 0
WRITE 644675 875 42
WRITE 422565 858 122
WRITE 492919 207 189
WRITE 902475 498 79
READ 884711 889 0
WRITE 649122 399 10
WRITE 860749 706 124
READ 334112 739 0
WRITE 509588 1022 104
WRITE 857489 940 185
READ 218787 656 0
WRITE 274712 885 161
WRITE 956232 723 251
WRITE 390267 667 1
READ 775911 488 0
WRITE 699546 115 24
WRITE 1018017 307 232
READ 397703 442 0
WRITE 24434 156 225
WRITE 52928 311 86
WRITE 584349 798 115
WRITE 267189 990 37
READ 419488 977 0
READ 855953 324 0
WRITE 934274 828 210
WRITE 70097 319 225
WRITE 573115 693 80
WRITE 702231 481 78
WRITE 109589 465 187
WRITE 857058 523 229
WRITE 685976 422 171
WRITE 668712 451 236
WRITE 162447 661 207
READ 439992 560 0
WRITE 72691 207 98
READ 500356 755 0
WRITE 810057 37 53
WRITE 873037 278 171
WRITE 256997 1000 120
WRITE 486421 860 236
READ 582618 725 0
READ 683281 278 0
WRITE 220931 664 245
WRITE 1017490 12 121
WRITE 327273 1014 213
WRITE 161547 241 146
WRITE 618201 178 91
WRITE 503663 298 193
WRITE 1021574 448 6
READ 881140 887 0
WRITE 1005016 268 187
WRITE 180229 310 137
WRITE 941071 5 123
READ 774149 395 0
READ 553173 983 0
READ 142969 958 0
WRITE 485897 983 168
READ 803886 709 0
WRITE 739310 888 68
READ 342481 337 0
WRITE 79561 731 89
WRITE 572189 434 137
WRITE 890238 782 102
WRITE 134813 672 4
WRITE 253348 1017 255
READ 366734 392 0
READ 664185 705 0
WRITE 966222 375 51
READ 282803 126 0
READ 589472 631 0
WRITE 890371 282 249
READ 448189 520 0
WRITE 836307 321 17
WRITE 263026 676 87
WRITE 570160 608 91
READ 321288 779 0
WRITE 309686 876 152
WRITE 501485 980 48
READ 854264 680 0
WRITE 591981 303 190
WRITE 271920 758 57
READ 550911 895 0
READ 694846 132 0
READ 818479 252 0
WRITE 555240 611 239
WRITE 968759 844 251
READ 38562 366 0
WRITE 126631 919 144
WRITE 835712 585 95
READ 796256 317 0
READ 884077 275 0
READ 399413 974 0
READ 582871 746 0
WRITE 612520 120 154
WRITE 381645 831 212
READ 107721 223 0
READ 36428 623 0
WRITE 1017034 92 85
READ 405765 67 0
READ 832778 320 0
READ 1036725 419 0
WRITE 132755 1020 79
READ 794385 778 0
WRITE 999846 226 4
WRITE 91797 736 236
WRITE 958925 74 96
WRITE 164669 680 104
READ 965533 418 0
READ 286332 808 0
READ 356640 816 0
WRITE 274782 570 118
WRITE 361313 984 97
WRITE 62992 792 239
WRITE 604164 939 187
READ 661753 816 0
READ 2887 610 0
WRITE 1003775 842 88
READ 69504 1013 0
WRITE 603558 854 8
WRITE 549846 1008 233
WRITE 533248 761 51
READ 404382 214 0
WRITE 870124 218 62
READ 293743 859 0
READ 466846 451 0
WRITE 168551 648 236
WRITE 492231 882 85
READ 890444 271 0
WRITE 162991 753 126
WRITE 563171 903 34
WRITE 698441 783 212
WRITE 555524 841 236
WRITE 495060 659 69
WRITE 749100 208 209
READ 641734 716 0
READ 948714 571 0
WRITE 674023 29 51
READ 492812 1000 0
WRITE 60782 406 179
WRITE 41509 405 198
READ 731834 569 0
WRITE 195986 211 82
WRITE 273102 901 31
READ 493229 24 0
WRITE 327859 11 131
WRITE 526615 592 1
WRITE 64403 773 108
READ 772549 536 0
WRITE 186232 666 243
WRITE 774195 285 90
WRITE 413718 967 210
WRITE 255325 953 75
WRITE 869451 440 48
WRITE 970499 915 118
WRITE 413747 56 240
READ 928373 509 0
WRITE 547023 924 100
WRITE 124904 385 230
WRITE 808200 526 131
READ 572061 496 0
WRITE 279958 141 40
WRITE 994804 126 11
WRITE 701355 928 4
READ 694832 385 0
WRITE 1015764 47 243
WRITE 602087 690 97
WRITE 960622 901 74
WRITE 715852 509 207
WRITE 303308 181 191
READ 183910 977 0
WRITE 685769 218 175
WRITE 704827 417 101
READ 182168 270 0
WRITE 839477 328 225
WRITE 953199 941 185
READ 1021343 92 0
WRITE 297432 504 30
WRITE 556137 795 195
WRITE 665032 55 218
READ 273568 428 0
READ 292017 371 0
WRITE 972338 516 72
READ 315660 206 0
WRITE 725286 221 156
WRITE 633218 666 209
WRITE 217909 762 66
READ 756840 926 0
WRITE 219720 150 164
READ 489703 793 0
WRITE 300886 198 249
WRITE 439076 622 220
READ 395370 76 0
WRITE 469201 497 100
WRITE 967031 38 32
WRITE 933604 510 111
READ 668837 626 0
WRITE 35053 389 200
READ 140523 360 0
WRITE 890553 212 109
WRITE 401329 228 206
READ 460913 850 0
READ 174860 712 0
WRITE 633664 742 55
READ 469438 855 0
WRITE 138570 395 186
READ 809017 93 0
WRITE 940048 309 13
WRITE 508005 392 112
READ 512789 584 0
WRITE 713704 775 156
READ 250467 88 0
WRITE 669057 616 20
WRITE 391517 118 202
WRITE 798380 486 238
WRITE 1020052 348 136
WRITE 245708 277 50
WRITE 461513 663 121
WRITE 874989 867 217
READ 650458 695 0
WRITE 672465 149 232
WRITE 904356 55 36
WRITE 1008236 579 231
WRITE 113332 145 156
WRITE 198913 65 108
READ 637862 190 0
WRITE 110699 588 172
WRITE 799805 372 35
WRITE 827861 592 204
WRITE 209414 675 119
WRITE 520658 8 49
READ 853079 574 0
WRITE 523452 654 124
WRITE 479578 764 155
READ 716279 395 0
WRITE 181375 571 73
READ 49367 868 0
WRITE 253186 277 164
WRITE 307382 659 160
WRITE 407117 608 126
WRITE 1010022 47 216
WRITE 17889 418 240
WRITE 366633 339 179
READ 157028 637 0
READ 1036293 211 0
WRITE 132493 842 69
WRITE 750445 682 99
READ 98214 576 0
READ 361080 1007 0
WRITE 686025 11 59
WRITE 551384 577 36
WRITE 27293 846 73
WRITE 79112 313 171
READ 138679 368 0
WRITE 817933 998 88
WRITE 185377 947 25
WRITE 716738 571 77
WRITE 350787 640 22
WRITE 62718 961 150
WRITE 874843 221 81
READ 954056 72 0
WRITE 476994 291 23
WRITE 363354 115 196
WRITE 558853 811 60
WRITE 376718 11 109
READ 584307 949 0
WRITE 1015955 964 156
WRITE 667126 996 177
WRITE 389114 340 126
WRITE 329161 213 143
WRITE 493478 371 63
WRITE 791591 842 194
WRITE 905741 276 248
READ 15600 397 0
WRITE 780345 55 53
WRITE 490234 655 43
READ 982275 6 0
READ 883374 265 0
READ 892555 946 0
WRITE 553848 84 90
WRITE 767646 800 123
WRITE 323483 127 33
WRITE 358695 821 210
READ 995187 205 0
READ 246537 217 0
WRITE 366635 739 129
READ 183038 358 0
WRITE 405262 979 107
WRITE 834457 601 232
READ 615301 382 0
WRITE 959875 25 72
READ 798814 920 0
WRITE 501393 1024 147
READ 440879 930 0
WRITE 672957 224 182
WRITE 1013262 37 103
WRITE 777438 256 102
WRITE 890932 187 149
WRITE 927385 459 219
WRITE 825815 66 185
WRITE 221063 188 41
WRITE 830684 999 214
READ 215758 352 0
READ 762433 1 0
READ 163865 293 0
WRITE 695220 9 68
WRITE 555687 965 70
READ 241469 379 0
READ 520447 226 0
WRITE 938342 396 138
WRITE 445856 18 52
WRITE 597307 246 180
READ 774886 205 0
READ 351136 490 0
READ 618328 864 0
WRITE 295596 923 134
WRITE 487364 98 78
WRITE 92857 492 138
WRITE 292478 766 51
WRITE 33026 464 103
WRITE 245992 43 211
WRITE 251767 548 169
READ 735755 676 0
WRITE 930789 736 158
READ 438614 120 0
WRITE 559808 61 1
READ 556940 814 0
WRITE 229478 825 6
WRITE 462690 75 212
READ 65003 179 0
READ 635124 673 0
READ 196802 148 0
WRITE 587017 507 242
READ 219206 566 0
READ 811411 176 0
WRITE 470139 318 48
WRITE 794784 233 141
WRITE 395109 464 91
WRITE 222985 39 76
READ 850569 423 0
WRITE 787408 474 81
READ 411368 947 0
READ 46577 480 0
READ 474707 507 0
WRITE 545339 938 232
WRITE 164438 473 76
READ 704537 397 0
WRITE 1030965 937 238
WRITE 368797 594 74
WRITE 762718 849 148
WRITE 464875 1014 251
READ 1015043 869 0
WRITE 395351 815 248
WRITE 1001825 579 144
WRITE 820398 308 32
WRITE 271059 950 104
WRITE 135453 247 13
WRITE 431061 101 243
WRITE 232680 205 149
READ 1035070 126 0
WRITE 1041823 270 9
WRITE 681524 930 235
WRITE 688939 53 147
WRITE 227902 833 161
WRITE 409575 248 102
WRITE 877618 579 222
WRITE 115452 536 175
READ 431896 257 0
READ 576621 392 0
READ 31594 864 0
READ 215986 185 0
WRITE 974769 839 11
WRITE 333443 756 10
WRITE 139289 742 93
WRITE 763971 97 229
READ 733259 891 0
WRITE 160586 905 2
WRITE 1042530 226 162
WRITE 594122 292 141
WRITE 752891 731 235
WRITE 1035476 168 43
WRITE 761652 207 35
READ 585992 34 0
READ 320506 13 0
READ 706396 46 0
WRITE 865176 243 175
WRITE 144865 1011 212
WRITE 67427 134 111
WRITE 711401 720 46
WRITE 162850 373 182
READ 752002 473 0
WRITE 502329 50 41
WRITE 407683 126 223
READ 73505 635 0
WRITE 814448 725 41
WRITE 551687 448 221
WRITE 900243 201 58
WRITE 141616 664 63
WRITE 351618 17 227
WRITE 640059 554 31
WRITE 914834 915 148
READ 785590 717 0
READ 88976 387 0
WRITE 855577 517 174
READ 390433 316 0
WRITE 529750 300 167
WRITE 929922 558 207
READ 705491 494 0
READ 960139 620 0
WRITE 81191 391 135
READ 868118 415 0
READ 386853 212 0
READ 811348 397 0
WRITE 1872 270 148
WRITE 308012 911 112
WRITE 954828 494 67
WRITE 170070 607 115
WRITE 351952 149 127
WRITE 541873 125 183
WRITE 1011170 467 19
WRITE 45578 989 47
READ 131419 472 0
WRITE 379451 995 208
WRITE 854741 670 59
WRITE 359394 821 255
READ 747030 68 0
READ 415033 437 0
WRITE 388586 242 177
READ 359042 725 0
WRITE 697072 725 165
WRITE 577792 541 163
WRITE 551802 337 128
READ 409321 520 0
WRITE 413198 654 54
WRITE 829199 625 247
WRITE 697445 677 78
WRITE 58352 967 21
WRITE 327315 569 248
WRITE 608247 218 5
READ 937991 626 0
READ 257213 216 0
WRITE 911167 696 4
WRITE 511449 990 37
WRITE 897689 521 193
WRITE 171611 406 13
READ 951195 917 0
READ 494430 498 0
READ 963640 830 0
WRITE 510526 568 206
WRITE 604134 121 110
READ 174502 297 0
WRITE 223848 727 160
WRITE 778595 508 41
WRITE 105696 348 44
WRITE 254434 337 236
WRITE 385254 564 175
READ 339668 514 0
WRITE 506916 512 35
READ 163364 729 0
READ 951697 29 0
WRITE 381999 310 123
WRITE 975573 133 92
READ 181590 764 0
READ 738287 624 0
WRITE 21550 903 91
READ 483283 293 0
WRITE 284340 393 161
READ 288355 164 0
WRITE 812012 994 18
READ 476130 507 0
WRITE 371050 57 170
READ 488219 552 0
WRITE 852025 15 88
WRITE 193366 146 53
READ 207762 3 0
READ 501239 457 0
WRITE 79546 273 63
WRITE 793356 216 197
READ 846755 707 0
READ 228403 414 0
READ 93820 346 0
WRITE 559104 486 149
WRITE 953122 448 151
WRITE 672433 621 241
READ 314041 476 0
WRITE 326084 909 72
WRITE 163325 818 121
WRITE 960905 912 195
WRITE 667604 938 10
WRITE 259191 902 195
WRITE 28937 1023 135
WRITE 984894 176 196
READ 336597 507 0
READ 847813 70 0
WRITE 94631 399 91
WRITE 945839 864 65
WRITE 963715 459 135
READ 902076 211 0
WRITE 673817 88 229
READ 60237 811 0
READ 838790 979 0
WRITE 710324 809 178
WRITE 185926 953 149
WRITE 364046 377 134
READ 546890 118 0
READ 42756 947 0
WRITE 688754 945 195
WRITE 746676 785 18
WRITE 630308 766 15
WRITE 33165 398 150
WRITE 174100 438 57
WRITE 287247 88 212
READ 623844 230 0
WRITE 853235 132 66
WRITE 731923 543 135
READ 671403 218 0
WRITE 262845 1015 167
READ 796554 948 0
READ 157158 581 0
READ 337739 171 0
WRITE 536952 612 204
WRITE 792069 473 254
WRITE 791073 323 72
WRITE 616694 214 4
WRITE 322377 958 210
WRITE 836040 929 227
READ 607525 842 0
WRITE 986353 898 101
READ 710848 914 0
READ 784261 116 0
WRITE 619183 511 79
WRITE 632813 104 76
WRITE 596127 624 134
WRITE 776067 113 205
READ 128247 460 0
READ 114636 39 0
WRITE 407819 178 194
READ 933755 710 0
WRITE 99570 69 87
READ 288363 846 0
READ 1009852 881 0
READ 438503 700 0
WRITE 929979 655 181
WRITE 756768 624 187
READ 224769 412 0
WRITE 423496 500 203
WRITE 327022 373 154
WRITE 675370 242 184
READ 994177 844 0
READ 493921 421 0
WRITE 1034648 281 186
READ 857334 617 0
WRITE 202448 580 144
WRITE 987787 429 70
WRITE 67009 691 26
READ 849908 311 0
READ 477147 682 0
WRITE 769338 859 191
WRITE 860792 675 102
WRITE 917082 8 141
READ 133488 10 0
READ 873997 3 0
WRITE 318762 646 134
READ 687154 469 0
WRITE 741743 168 134
WRITE 380778 905 143
WRITE 468043 114 133
WRITE 804072 290 133
WRITE 387716 41 171
WRITE 619149 769 242
WRITE 741621 158 88
WRITE 169981 183 225
WRITE 798006 433 209
READ 529806 50 0
READ 709317 55 0
WRITE 718407 284 75
WRITE 1008150 451 14
READ 231698 701 0
WRITE 202130 899 113
READ 364656 33 0
WRITE 487136 326 117
WRITE 900117 141 131
WRITE 363925 323 178
READ 828006 462 0
WRITE 713239 424 122
READ 471070 629 0
READ 187339 474 0
READ 537434 525 0
READ 213027 457 0
READ 865037 744 0
WRITE 514195 642 151
WRITE 725177 924 178
WRITE 784728 288 193
WRITE 886557 134 39
WRITE 419188 358 249
WRITE 281759 941 19
READ 671004 637 0
WRITE 875187 308 104
WRITE 509241 178 35
READ 533760 983 0
READ 617955 835 0
WRITE 746299 266 17
WRITE 256066 595 47
READ 366485 620 0
WRITE 364229 963 173
WRITE 758472 924 62
WRITE 905329 15 226
WRITE 862072 443 175
READ 527756 816 0
WRITE 512630 894 143
WRITE 529349 892 182
READ 796416 366 0
READ 539919 182 0
READ 474675 244 0
READ 711918 651 0
WRITE 402364 440 74
WRITE 1007613 714 67
WRITE 684397 205 82
READ 145770 446 0
WRITE 653042 156 126
WRITE 493531 1023 213
WRITE 383683 593 189
READ 56732 854 0
WRITE 719873 307 138
READ 616614 698 0
WRITE 929859 1013 63
WRITE 973752 830 122
READ 844012 771 0
WRITE 195576 521 14
WRITE 231906 179 201
WRITE 140660 881 151
WRITE 674599 149 237
WRITE 303063 846 40
WRITE 136120 338 251
WRITE 473682 403 160
WRITE 1013224 325 11
READ 790560 334 0
WRITE 317518 21 3
READ 239165 349 0
WRITE 444641 851 78
READ 502341 332 0
READ 56060 180 0
READ 675300 20 0
READ 440851 326 0
WRITE 24777 545 50
READ 382034 740 0
WRITE 770877 667 74
WRITE 365615 349 183
READ 606805 915 0
WRITE 888917 322 133
WRITE 323234 402 42
WRITE 845298 920 79
READ 343853 427 0
WRITE 353383 387 248
READ 261315 196 0
READ 20290 694 0
WRITE 806905 837 239
WRITE 170008 70 169
READ 150443 144 0
READ 536519 436 0
WRITE 543197 584 55
READ 612690 634 0
READ 321341 652 0
WRITE 393022 734 154
WRITE 291349 825 199
READ 223820 247 0
WRITE 712606 475 67
READ 238576 1022 0
WRITE 307006 732 148
WRITE 747642 622 119
READ 373135 104 0
WRITE 158894 73 138
READ 628789 548 0
WRITE 208694 434 215
WRITE 786898 248 55
WRITE 305963 188 153
WRITE 854468 1022 184
WRITE 773126 524 29
WRITE 685989 404 140
WRITE 1042953 821 117
WRITE 705352 59 5
WRITE 976769 233 170
WRITE 796574 41 5
WRITE 935458 834 27
READ 591953 611 0
READ 268184 722 0
READ 768184 137 0
READ 296601 255 0
READ 822926 319 0
WRITE 949372 1017 98
WRITE 97535 789 99
WRITE 686614 192 170
WRITE 855150 918 22
READ 529391 500 0
WRITE 42063 389 212
WRITE 931079 1008 22
READ 184165 436 0
READ 552649 672 0
WRITE 325790 927 218
WRITE 870972 80 163
WRITE 598665 21 91
READ 105294 162 0
WRITE 455025 493 100
WRITE 312179 855 80
READ 190957 707 0
WRITE 614353 136 168
READ 259262 937 0
WRITE 567545 532 138
READ 320847 47 0
READ 241851 654 0
READ 770342 558 0
READ 743009 325 0
READ 452546 757 0
WRITE 162624 830 153
WRITE 263851 750 127
WRITE 961411 662 233
READ 19555 516 0
WRITE 471244 888 22
WRITE 99824 785 226
WRITE 388720 258 219
READ 143991 764 0
WRITE 480002 487 86
WRITE 898992 955 130
READ 12648 266 0
READ 210675 663 0
WRITE 339507 511 226
READ 125850 337 0
READ 927727 55 0
WRITE 865439 539 254
WRITE 358827 1007 47
READ 917941 166 0
WRITE 910396 737 167
WRITE 971344 388 179
WRITE 648799 92 99
WRITE 180867 420 197
WRITE 787830 109 131
WRITE 353266 992 152
WRITE 387539 424 19
READ 295903 322 0
WRITE 920815 40 97
WRITE 451154 518 135
WRITE 922011 604 157
READ 193069 280 0
WRITE 1005856 918 64
WRITE 675991 946 76
READ 962052 834 0
WRITE 332673 453 154
READ 555107 891 0
READ 98488 91 0
WRITE 521399 736 113
WRITE 474645 661 224
READ 200005 724 0
READ 138057 322 0
READ 854090 272 0
WRITE 734333 532 153
WRITE 220257 116 5
WRITE 65386 455 183
READ 658934 332 0
READ 271487 53 0
READ 80479 930 0
WRITE 20525 853 244
WRITE 405542 150 237
READ 216479 499 0
READ 859170 579 0
WRITE 546724 882 139
READ 889333 515 0
WRITE 475854 540 162
WRITE 690657 695 53
WRITE 926748 245 21
READ 225874 176 0
WRITE 752747 300 32
READ 1046126 212 0
READ 70576 487 0
WRITE 34169 163 168
WRITE 975239 873 102
READ 675844 739 0
WRITE 199514 38 61
WRITE 530565 795 116
WRITE 250616 282 44
WRITE 869865 188 127
WRITE 969936 117 155
WRITE 638603 420 41
WRITE 775400 606 189
READ 317380 607 0
READ 302652 507 0
READ 861535 376 0
READ 1001852 457 0
WRITE 481943 662 190
READ 91970 642 0
WRITE 511346 237 144
READ 390180 530 0
WRITE 955875 443 186
WRITE 988112 852 93
READ 42471 223 0
WRITE 793313 908 194
WRITE 765701 394 72
READ 34606 101 0
WRITE 967201 881 59
READ 110461 1020 0
WRITE 51642 112 69
WRITE 820964 366 201
READ 676963 38 0
WRITE 843070 62 4
WRITE 775048 612 31
WRITE 44249 576 215
READ 53299 320 0
WRITE 286080 726 86
READ 216003 236 0
READ 492258 49 0
WRITE 8900 728 174
READ 576354 337 0
READ 330864 686 0
WRITE 841115 825 50
WRITE 92996 449 233
WRITE 487419 65 232
READ 819808 495 0
WRITE 480480 967 21
WRITE 625370 737 81
WRITE 671259 210 205
WRITE 572470 210 130
WRITE 962562 106 41
WRITE 627181 352 12
READ 1001326 307 0
READ 584017 915 0
WRITE 580070 645 205
WRITE 980433 515 142
READ 898894 475 0
WRITE 614853 794 34
WRITE 653197 853 86
WRITE 710883 616 131
WRITE 663339 676 226
READ 363665 226 0
READ 412032 847 0
WRITE 668191 471 232
READ 996091 555 0
READ 502972 983 0
WRITE 104425 207 112
READ 540794 417 0
WRITE 148636 179 195
WRITE 997245 304 253
WRITE 222777 811 31
READ 136283 495 0
WRITE 112459 788 105
WRITE 979855 101 42
WRITE 978272 85 175
WRITE 466077 200 0
WRITE 780706 371 113
WRITE 93428 734 159
WRITE 989347 91 26
WRITE 274541 344 245
READ 158410 193 0
WRITE 269100 519 190
READ 751339 764 0
WRITE 16209 489 42
READ 250163 193 0
WRITE 873404 123 136
WRITE 860869 277 96
READ 168799 425 0
READ 956527 526 0
WRITE 219862 801 195
READ 722299 730 0
WRITE 909478 959 196
WRITE 575179 614 38
WRITE 623358 726 231
WRITE 55050 273 147
READ 789966 540 0
WRITE 414016 74 64
READ 40915 431 0
WRITE 889898 903 23
WRITE 864579 28 60
WRITE 298841 794 109
READ 1694 55 0
WRITE 519878 998 238
WRITE 279886 274 99
READ 219601 81 0
WRITE 268266 679 63
READ 853443 692 0
WRITE 341197 977 9
READ 640384 640 0
WRITE 856638 838 108
WRITE 94140 241 124
WRITE 485777 787 19
WRITE 574663 62 215
WRITE 1026195 583 73
WRITE 922702 321 184
WRITE 446014 943 73
READ 726260 24 0
WRITE 707562 267 120
READ 154312 108 0
READ 846423 689 0
READ 61734 216 0
READ 73121 336 0
READ 803199 1019 0
READ 157720 159 0
WRITE 287031 451 143
WRITE 795389 71 165
READ 837458 323 0
WRITE 629180 726 229
READ 64197 159 0
WRITE 283305 15 224
READ 954485 126 0
READ 189115 583 0
WRITE 432311 626 151
WRITE 694650 841 218
READ 233105 418 0
READ 296953 722 0
WRITE 708691 10 110
WRITE 850552 88 247
READ 911418 438 0
READ 249911 515 0
READ 38851 79 0
WRITE 536494 952 169
READ 935749 300 0
WRITE 261573 943 116
WRITE 913946 572 133
WRITE 716633 867 3
WRITE 769311 209 134
WRITE 883234 96 24
READ 660621 886 0
WRITE 15496 179 85
WRITE 747963 285 62
READ 1008421 35 0
WRITE 82660 838 148
WRITE 907004 139 205
WRITE 953942 424 148
WRITE 639778 521 91
WRITE 353633 735 9
WRITE 282275 786 251
WRITE 710854 949 253
READ 975102 958 0
WRITE 709852 68 177
WRITE 529167 158 43
READ 347066 243 0
READ 337115 531 0
WRITE 189398 487 124
READ 787795 93 0
READ 13582 671 0
WRITE 312772 529 13
WRITE 771831 888 221
READ 367242 41 0
WRITE 998249 148 133
READ 291045 967 0
READ 499086 287 0
READ 292055 478 0
READ 627615 516 0
WRITE 545807 433 134
WRITE 498667 113 50
WRITE 37641 494 250
WRITE 705354 788 26
READ 763819 859 0
WRITE 334791 722 136
WRITE 760804 841 218
WRITE 416939 231 105
WRITE 170829 721 33
READ 217011 861 0
READ 449248 89 0
WRITE 590915 933 52
WRITE 52831 559 174
WRITE 685448 184 84
WRITE 139278 709 116
READ 250992 369 0
READ 571376 952 0
READ 605669 133 0
WRITE 808493 447 165
WRITE 487034 419 229
READ 827538 131 0
WRITE 937638 227 249
READ 949260 964 0
WRITE 108009 250 79
READ 352606 599 0
WRITE 437626 338 185
WRITE 380959 160 23
WRITE 709361 318 76
READ 434060 373 0
READ 964456 816 0
WRITE 643406 910 81
READ 737549 647 0
WRITE 61382 307 48
WRITE 735979 834 111
WRITE 660849 736 175
WRITE 444042 458 237
READ 508253 138 0
WRITE 506070 385 40
READ 443116 913 0
READ 623009 899 0
READ 780224 501 0
WRITE 182323 851 161
READ 58816 484 0
READ 589474 704 0
READ 188548 482 0
WRITE 481269 467 244
READ 9230 939 0
READ 834385 144 0
READ 486017 326 0
WRITE 131448 206 122
WRITE 424316 842 231
WRITE 786074 672 58
WRITE 567224 524 254
WRITE 444837 887 253
WRITE 598431 86 146
READ 1014084 962 0
READ 185173 885 0
READ 621695 91 0
WRITE 145149 789 171
READ 925339 433 0
WRITE 334264 509 122
WRITE 473693 196 131
WRITE 619155 698 144
WRITE 297660 416 218
READ 891465 185 0
WRITE 582484 686 42
WRITE 558425 290 52
WRITE 869086 962 174
WRITE 85384 662 175
WRITE 302366 752 129
READ 313946 619 0
WRITE 303712 476 44
WRITE 698298 977 21
READ 1013054 509 0
WRITE 1005862 719 48
READ 28855 842 0
WRITE 876388 353 128
WRITE 99203 509 145
READ 870270 755 0
READ 63432 943 0
READ 311232 355 0
WRITE 696467 483 221
READ 484626 131 0
WRITE 667424 716 123
WRITE 760226 837 228
READ 446466 70 0
WRITE 1028019 557 237
READ 787506 145 0
WRITE 1009395 199 119
WRITE 623235 112 150
READ 484438 900 0
WRITE 188384 1012 198
WRITE 1012076 647 104
WRITE 102357 74 86
READ 726429 308 0
WRITE 160071 389 21
WRITE 64526 931 212
WRITE 879608 969 113
WRITE 831213 243 59
WRITE 821692 877 132
WRITE 110856 633 90
WRITE 974580 923 233
READ 623303 491 0
READ 860795 280 0
WRITE 137215 243 242
WRITE 407077 249 122
READ 148850 468 0
WRITE 531223 954 73
WRITE 740378 505 158
WRITE 789396 863 175
WRITE 382540 657 247
WRITE 932855 765 14
WRITE 913849 306 9
WRITE 1023212 327 50
WRITE 1000944 697 14
READ 72216 670 0
WRITE 516767 740 254
READ 665084 776 0
WRITE 254130 952 194
WRITE 365991 676 169
READ 21222 783 0
WRITE 137747 624 112
WRITE 583267 709 175
READ 31319 757 0
READ 1002294 97 0
WRITE 108777 276 145
WRITE 686611 139 34
WRITE 841821 71 48
READ 938264 368 0
WRITE 1001495 226 232
WRITE 401428 209 57
READ 892172 80 0
WRITE 516490 182 9
WRITE 572446 905 28
WRITE 447689 549 151
READ 673011 903 0
WRITE 854528 494 67
WRITE 67079 987 232
WRITE 918737 681 220
WRITE 673405 349 232
READ 818996 946 0
WRITE 707985 38 69
READ 833345 977 0
WRITE 279022 56 82
READ 901042 975 0
READ 980859 700 0
WRITE 869906 916 29
READ 1018617 292 0
READ 204045 742 0
WRITE 905259 315 70
WRITE 1008993 614 225
READ 761530 811 0
WRITE 791361 553 237
READ 532830 700 0
WRITE 858715 822 114
READ 817293 78 0
WRITE 432006 865 224
WRITE 962391 201 80
WRITE 511102 912 54
WRITE 202959 238 14
READ 1045879 455 0
WRITE 461182 566 25
READ 163618 386 0
READ 611857 226 0
WRITE 89770 326 148
WRITE 859145 994 104
WRITE 895488 671 186
READ 334948 72 0
WRITE 175981 180 110
WRITE 93335 613 162
READ 50624 131 0
READ 324282 1001 0
READ 187790 275 0
WRITE 475933 216 147
WRITE 135190 184 49
READ 402818 750 0
WRITE 675963 433 165
WRITE 395376 424 175
WRITE 356286 93 145
WRITE 548864 54 178
WRITE 271856 62 139
WRITE 388699 32 148
READ 386723 195 0
WRITE 633727 937 255
WRITE 464410 528 210
READ 619399 802 0
READ 475191 825 0
WRITE 246777 422 234
WRITE 229998 193 110
READ 468067 806 0
WRITE 556744 654 127
WRITE 937446 638 109
WRITE 415862 964 76
READ 639543 261 0
WRITE 242144 359 200
READ 166669 516 0
WRITE 774042 223 234
READ 293905 676 0
WRITE 414224 179 103
WRITE 272899 655 183
READ 226534 129 0
WRITE 184324 666 164
READ 617478 763 0
WRITE 408307 88 79
READ 493492 250 0
WRITE 529629 583 223
WRITE 545374 397 180
WRITE 768782 890 52
WRITE 237473 547 173
READ 499012 860 0
WRITE 686406 43 194
READ 30582 734 0
READ 411898 30 0
READ 313879 928 0
WRITE 607528 923 119
WRITE 714144 147 171
WRITE 461448 658 113
READ 14481 342 0
READ 446034 591 0
WRITE 3317 38 109
WRITE 779916 88 192
READ 936762 155 0
READ 400472 731 0
READ 934049 813 0
READ 380172 85 0
WRITE 404177 74 16
READ 675589 46 0
WRITE 6671 619 73
WRITE 531281 992 37
WRITE 380343 12 132
WRITE 1011941 822 231
READ 340761 213 0
WRITE 959995 557 197
WRITE 343196 1001 232
WRITE 799261 325 17
READ 322436 553 0
WRITE 667991 601 146
WRITE 611892 338 168
WRITE 653556 945 61
WRITE 236296 475 154
WRITE 183258 116 234
READ 269041 635 0
READ 707754 636 0
WRITE 384987 254 184
WRITE 360509 194 162
READ 34656 407 0
READ 138518 343 0
READ 1040790 538 0
WRITE 41045 85 221
WRITE 272252 924 170
READ 1044389 941 0
WRITE 246097 412 210
WRITE 688522 589 197
WRITE 186562 959 87
READ 166024 240 0
WRITE 877253 879 192
WRITE 851771 522 1
WRITE 668025 171 236
WRITE 1040972 300 242
READ 443010 124 0
READ 903072 20 0
WRITE 481597 393 12
WRITE 744167 262 82
WRITE 493871 715 221
WRITE 581469 970 255
WRITE 144072 303 61
WRITE 53646 209 121
WRITE 661661 840 156
READ 957236 945 0
READ 418361 931 0
WRITE 143026 346 35
WRITE 1016254 712 168
WRITE 28333 647 25
WRITE 94764 498 146
READ 366338 29 0
READ 822921 4 0
READ 600779 853 0
READ 21290 420 0
WRITE 208031 333 106
WRITE 265589 302 248
WRITE 17450 577 107
WRITE 220868 582 7
READ 535016 406 0
READ 932123 362 0
WRITE 964821 605 69
WRITE 206137 953 148
READ 96606 833 0
WRITE 246595 156 118
WRITE 130132 792 36
WRITE 905622 524 41
WRITE 135340 341 178
WRITE 946138 206 205
WRITE 220617 781 186
WRITE 933663 356 83
WRITE 272461 731 233
READ 448791 677 0
WRITE 620724 274 43
READ 420872 364 0
WRITE 288777 105 240
READ 12179 1023 0
WRITE 262666 900 127
WRITE 485268 758 142
READ 668379 181 0
READ 460246 628 0
WRITE 45468 526 121
WRITE 794461 881 238
WRITE 719921 392 40
READ 766031 598 0
READ 749387 944 0
READ 861738 300 0
WRITE 752026 502 23
READ 1108 890 0
READ 130652 619 0
WRITE 5074 253 230
WRITE 320007 897 241
READ 1035196 369 0
WRITE 69643 192 1
WRITE 215503 897 64
WRITE 28138 293 85
WRITE 708563 847 203
READ 307928 623 0
WRITE 403814 496 194
WRITE 464695 585 190
WRITE 282219 300 216
WRITE 548105 183 39
WRITE 433267 511 33
WRITE 63581 971 63
READ 856442 23 0
WRITE 433720 362 139
WRITE 597185 576 224
WRITE 272126 301 149
WRITE 365304 389 49
WRITE 436661 1021 109
READ 559158 893 0
READ 536230 538 0
WRITE 998412 546 102
WRITE 609057 190 64
WRITE 108778 566 33
READ 183306 562 0
WRITE 166434 270 47
WRITE 85069 423 159
READ 581519 986 0
WRITE 113296 282 50
READ 734260 219 0
READ 1030756 900 0
READ 40987 917 0
WRITE 436304 31 51
WRITE 322400 562 94
WRITE 622701 285 91
WRITE 407422 833 21
WRITE 822675 187 22
WRITE 786759 908 40
WRITE 213788 946 15
READ 540056 45 0
READ 858082 356 0
READ 969913 556 0
READ 872620 464 0
READ 188663 878 0
WRITE 206523 1019 122
READ 230480 11 0
WRITE 167297 581 4
WRITE 290528 747 105
WRITE 830530 961 128
WRITE 962326 972 233
READ 977881 259 0
WRITE 37234 303 43
WRITE 493734 712 229
WRITE 550406 272 83
WRITE 112471 197 167
READ 584299 125 0
WRITE 541099 972 97
WRITE 422447 882 105
READ 980315 149 0
WRITE 28332 379 135
WRITE 892456 282 178
WRITE 41971 889 252
WRITE 159096 880 189
WRITE 799266 557 57
READ 660628 901 0
WRITE 325573 833 57
READ 92290 51 0
WRITE 520420 609 7
WRITE 442866 265 169
READ 564187 290 0
WRITE 1007407 432 119
WRITE 527190 442 93
READ 817558 46 0
READ 522454 317 0
WRITE 825170 464 105
WRITE 870405 39 162
WRITE 739307 581 97
WRITE 355038 484 65
READ 1035481 900 0
READ 296462 350 0
WRITE 321713 806 252
WRITE 934753 97 55
READ 78033 5 0
READ 459255 299 0
READ 823414 178 0
READ 171116 559 0
WRITE 1021926 575 155
READ 1012046 449 0
WRITE 804516 852 230
WRITE 606129 376 242
WRITE 719510 406 129
WRITE 561453 1007 245
WRITE 402498 474 40
WRITE 503098 535 108
READ 729174 141 0
WRITE 995157 406 31
READ 774001 385 0
WRITE 508513 190 225
READ 541412 311 0
WRITE 445751 914 243
WRITE 680682 112 95
WRITE 368576 872 60
READ 204235 83 0
WRITE 504130 595 237
WRITE 830678 293 34
WRITE 424169 866 90
WRITE 867427 591 230
WRITE 300311 113 145
READ 854793 395 0
WRITE 77178 811 85
READ 647332 887 0
WRITE 686420 1024 22
READ 147722 409 0
READ 322019 932 0
WRITE 791032 674 16
WRITE 10495 711 98
WRITE 439773 660 18
READ 1023841 82 0
WRITE 268258 70 42
WRITE 850048 385 136
READ 512762 100 0
READ 1004262 349 0
READ 978544 215 0
WRITE 413677 457 69
READ 475379 872 0
WRITE 718458 167 62
WRITE 390554 889 71
READ 579074 1021 0
READ 1040966 923 0
READ 286445 550 0
READ 679639 217 0
WRITE 609403 778 126
WRITE 406937 494 53
WRITE 1029582 959 150
WRITE 845862 962 126
WRITE 812672 828 61
READ 280392 928 0
READ 504649 949 0
READ 748472 989 0
WRITE 277053 580 11
WRITE 740157 379 239
READ 324791 553 0
WRITE 933403 118 70
WRITE 652157 563 46
WRITE 160824 59 216
WRITE 173154 64 218
WRITE 821672 824 163
WRITE 826530 799 132
WRITE 661277 96 103
WRITE 551775 456 239
WRITE 184607 22 175
WRITE 7973 228 80
WRITE 108219 869 144
READ 597018 833 0
READ 452295 359 0
READ 3147 633 0
WRITE 87634 112 14
WRITE 68049 100 132
READ 127877 359 0
READ 589375 73 0
READ 16134 787 0
READ 6722 844 0
READ 171898 970 0
WRITE 322228 69 222
WRITE 478854 212 182
READ 325651 93 0
WRITE 237139 85 14
WRITE 786822 705 143
WRITE 599877 847 120
READ 838494 909 0
WRITE 271872 931 12
READ 1029733 773 0
READ 746292 648 0
WRITE 102782 352 49
READ 195092 504 0
READ 120290 661 0
WRITE 603203 1020 195
READ 690385 449 0
READ 684959 512 0
READ 708867 314 0
WRITE 367758 628 235
WRITE 870104 813 223
WRITE 26140 168 235
WRITE 974317 578 114
WRITE 274724 707 69
READ 247215 854 0
READ 227849 819 0
READ 1000040 276 0
WRITE 925279 859 38
WRITE 443135 207 165
READ 1000312 18 0
WRITE 326923 327 116
READ 573615 897 0
WRITE 616271 258 5
WRITE 402483 946 14
READ 87333 1017 0
WRITE 43064 986 128
WRITE 507814 66 225
WRITE 484495 276 16
READ 1004674 729 0
READ 412301 581 0
WRITE 507486 658 214
WRITE 376981 508 95
WRITE 4683 151 94
READ 397866 949 0
WRITE 519830 855 243
READ 604248 138 0
WRITE 87746 525 80
WRITE 357418 617 207
WRITE 4168 113 172
WRITE 993421 501 138
WRITE 37612 115 219
WRITE 37157 48 58
WRITE 253117 888 102
WRITE 444324 312 3
WRITE 242886 900 81
READ 689235 55 0
WRITE 941915 175 147
WRITE 845481 542 53
WRITE 887593 661 52
WRITE 336325 121 6
WRITE 477727 839 85
WRITE 428396 732 189
WRITE 635660 480 243
WRITE 533461 907 55
WRITE 894143 437 67
WRITE 441214 357 89
WRITE 1019909 719 242
READ 412697 758 0
WRITE 101255 580 95
READ 75813 643 0
READ 77466 822 0
WRITE 238229 325 178
READ 685105 652 0
WRITE 100423 139 18
READ 181352 937 0
WRITE 1002196 775 124
WRITE 34776 200 241
READ 740546 811 0
WRITE 562720 789 230
WRITE 163521 480 222
READ 135678 485 0
WRITE 753159 934 137
WRITE 15608 109 90
WRITE 526920 462 49
WRITE 563048 720 243
READ 571277 320 0
WRITE 312479 202 14
WRITE 138139 109 231
WRITE 1028005 90 78
WRITE 988890 108 163
WRITE 256425 49 109
WRITE 758646 1006 140
WRITE 827154 717 161
WRITE 872691 294 248
READ 203499 58 0
WRITE 1023266 188 37
WRITE 863116 152 151
READ 176722 783 0
WRITE 440622 923 194
WRITE 730141 157 121
WRITE 463799 18 144
WRITE 723965 392 251
WRITE 186001 132 45
READ 145662 303 0
WRITE 515240 552 134
READ 593465 403 0
READ 830861 899 0
WRITE 993606 309 3
READ 191902 475 0
WRITE 963389 719 236
WRITE 376120 678 162
READ 214469 998 0
READ 332160 743 0
WRITE 577801 738 167
WRITE 589603 975 34
WRITE 616294 1000 174
READ 770650 363 0
READ 894909 115 0
READ 833350 752 0
WRITE 718071 427 240
WRITE 412310 35 24
READ 644299 735 0
WRITE 536307 116 136
READ 653089 80 0
WRITE 779245 233 164
WRITE 95699 447 30
READ 278475 273 0
READ 6996 849 0
WRITE 511993 486 216
READ 69242 762 0
READ 900627 660 0
READ 261612 617 0
WRITE 292712 132 130
READ 120237 339 0
READ 108780 936 0
READ 815971 690 0
WRITE 779406 784 137
WRITE 146569 153 94
WRITE 608004 165 4
WRITE 299990 912 212
READ 936979 504 0
WRITE 575228 767 106
WRITE 992077 303 152
WRITE 1034936 352 135
WRITE 458252 849 222
WRITE 883012 971 160
READ 993341 1023 0
READ 98568 160 0
WRITE 967013 40 122
READ 376172 290 0
WRITE 974355 934 231
WRITE 126763 10 111
WRITE 890790 350 196
WRITE 562827 958 212
WRITE 492190 131 48
WRITE 698856 350 245
WRITE 523521 780 134
WRITE 216327 829 58
READ 860935 823 0
READ 668971 239 0
READ 868182 541 0
WRITE 302395 891 149
WRITE 781968 57 66
WRITE 290500 986 213
READ 562659 92 0
WRITE 274051 63 241
WRITE 199950 505 177
WRITE 370167 377 94
READ 803523 285 0
WRITE 746550 817 146
WRITE 94784 242 239
WRITE 733787 255 208
WRITE 797578 933 218
WRITE 380622 763 34
WRITE 264294 151 65
WRITE 582204 203 120
READ 3159 88 0
WRITE 25856 379 120
WRITE 615493 500 166
WRITE 26936 650 27
WRITE 882405 795 70
READ 299378 387 0
WRITE 850916 816 179
READ 431804 186 0
READ 46311 754 0
WRITE 573039 799 244
WRITE 559394 695 5
WRITE 861706 569 115
WRITE 976768 1006 247
WRITE 842526 739 33
WRITE 634805 879 38
WRITE 715984 932 194
READ 653750 110 0
WRITE 980530 2 130
READ 1016692 316 0
READ 304617 912 0
READ 693289 955 0
WRITE 115165 958 123
WRITE 625658 747 96
WRITE 75899 743 11
WRITE 736139 783 99
WRITE 678825 8 158
WRITE 464122 516 55
WRITE 701531 672 195
WRITE 912329 7 64
WRITE 735086 572 67
WRITE 413053 484 209
READ 712432 441 0
READ 603723 169 0
WRITE 47089 237 240
WRITE 934130 683 34
READ 176702 661 0
READ 1000692 164 0
READ 1044406 173 0
WRITE 198197 205 205
WRITE 817837 877 59
WRITE 708480 930 13
WRITE 618623 892 68
READ 306285 466 0
WRITE 1012981 571 197
READ 143053 1010 0
WRITE 31553 509 11
READ 383973 126 0
WRITE 71392 14 105
WRITE 432487 17 220
WRITE 816077 101 2
WRITE 772338 701 193
READ 535588 682 0
READ 218402 330 0
WRITE 823006 56 26
READ 837604 860 0
READ 894947 996 0
READ 469450 134 0
READ 599725 505 0
READ 474465 127 0
WRITE 916916 334 213
READ 886932 850 0
WRITE 694263 665 164
READ 675163 175 0
WRITE 839118 148 188
WRITE 345191 167 146
WRITE 297052 497 114
WRITE 643356 501 165
READ 986074 838 0
WRITE 706047 397 80
WRITE 159245 194 250
WRITE 747765 180 82
WRITE 417439 103 43
WRITE 629470 979 184
READ 576739 496 0
WRITE 121526 125 18
WRITE 76438 224 7
WRITE 446078 115 115
WRITE 373613 122 95
READ 798028 774 0
WRITE 545030 670 181
WRITE 477139 927 217
WRITE 355118 727 226
WRITE 809957 991 162
READ 457513 394 0
READ 654544 877 0
READ 411127 991 0
WRITE 330493 234 136
READ 857900 788 0
WRITE 141145 166 151
READ 793770 902 0
WRITE 244858 545 83
READ 816488 174 0
READ 655297 989 0
WRITE 259884 911 130
WRITE 333942 411 172
WRITE 704822 624 254
WRITE 107911 313 7
WRITE 714310 180 99
WRITE 193451 501 92
READ 191566 745 0
WRITE 952920 308 202
READ 1016 104 0
WRITE 531443 227 1
READ 362736 284 0
READ 1039353 208 0
WRITE 781583 663 17
WRITE 216913 561 56
WRITE 198924 715 42
WRITE 922919 885 139
WRITE 641160 108 18
WRITE 312665 531 108
READ 265818 746 0
WRITE 865705 743 244
WRITE 726888 358 173
READ 559733 17 0
WRITE 475477 463 190
READ 851742 758 0
READ 755735 626 0
WRITE 350380 916 95
READ 5013 605 0
WRITE 916655 470 101
WRITE 966637 499 174
WRITE 763818 1012 36
WRITE 743346 459 221
READ 196718 241 0
WRITE 658297 552 86
WRITE 311072 966 241
WRITE 6506 498 176
WRITE 777398 533 91
WRITE 691209 593 166
READ 172324 627 0
WRITE 161265 743 56
WRITE 472382 629 113
READ 835736 189 0
WRITE 280968 845 66
WRITE 373901 269 95
WRITE 428367 808 156
WRITE 713279 844 164
WRITE 546790 614 166
WRITE 182392 130 31
WRITE 523093 639 205
WRITE 52893 310 125
WRITE 198059 996 251
READ 803818 432 0
WRITE 845317 860 27
WRITE 652360 814 40
WRITE 358293 672 248
READ 765258 387 0
READ 862713 403 0
WRITE 940912 566 232
WRITE 312822 499 138
WRITE 404506 384 52
WRITE 364149 512 201
WRITE 202849 584 82
READ 482209 218 0
WRITE 907509 300 34
WRITE 334207 99 205
WRITE 172990 356 30
READ 770535 210 0
READ 1019718 928 0
READ 315088 550 0
READ 777612 758 0
WRITE 570406 493 55
WRITE 31781 322 21
READ 863438 45 0
READ 65149 34 0
WRITE 772744 408 223
READ 286259 81 0
WRITE 804739 525 151
WRITE 1009095 73 228
WRITE 297878 868 233
READ 832465 572 0
READ 36976 681 0
READ 171426 274 0
READ 936297 371 0
WRITE 1016782 267 83
WRITE 455560 818 55
READ 87798 188 0
READ 504292 778 0
WRITE 414084 895 44
WRITE 516770 942 233
READ 820770 682 0
WRITE 167523 149 5
READ 471490 331 0
READ 155770 127 0
READ 673218 286 0
WRITE 470542 114 27
WRITE 1020337 958 220
WRITE 464143 523 109
WRITE 409584 248 229
READ 691957 556 0
WRITE 21888 221 65
READ 336849 327 0
READ 499874 304 0
WRITE 995969 465 1
WRITE 577055 574 224
WRITE 944785 914 15
WRITE 760020 577 215
READ 123096 485 0
READ 369390 549 0
READ 201646 117 0
READ 1022498 460 0
WRITE 59662 678 49
WRITE 39330 716 220
READ 142848 480 0
READ 196097 343 0
WRITE 972949 354 253
WRITE 427968 287 173
WRITE 2927 525 73
WRITE 511143 110 210
WRITE 6965 766 200
WRITE 704308 389 250
WRITE 743970 665 42
WRITE 1028195 948 213
WRITE 1014344 671 207
WRITE 153946 485 67
WRITE 727867 456 113
WRITE 202821 744 175
WRITE 868595 232 228
WRITE 40130 104 114
WRITE 19117 723 242
WRITE 380060 57 41
READ 438152 486 0
WRITE 579271 158 124
WRITE 264715 26 119
WRITE 147946 1004 101
READ 837601 993 0
WRITE 580501 510 7
READ 218473 711 0
WRITE 437541 737 158
READ 252633 675 0
READ 306123 135 0
WRITE 959249 32 59
WRITE 157065 524 196
WRITE 906913 174 52
READ 676965 923 0
READ 133609 345 0
READ 911119 516 0
WRITE 164353 824 21
WRITE 777740 256 90
WRITE 925722 557 43
WRITE 652952 827 200
WRITE 375708 561 51
WRITE 646593 234 232
READ 629406 593 0
WRITE 465678 292 85
WRITE 73490 584 96
WRITE 1022427 625 21
WRITE 525514 34 71
WRITE 92485 874 242
WRITE 893778 217 225
READ 518906 58 0
WRITE 422762 947 23
WRITE 262971 167 12
WRITE 45872 93 182
WRITE 166439 357 50
READ 696994 869 0
WRITE 624519 718 94
WRITE 879261 379 134
WRITE 123833 756 61
READ 570704 963 0
READ 675552 928 0
WRITE 594177 513 221
WRITE 787956 603 156
WRITE 320120 947 78
WRITE 901867 25 186
READ 240096 699 0
READ 758569 979 0
READ 83084 372 0
READ 294189 398 0
READ 526813 960 0
READ 229352 833 0
WRITE 574934 1010 102
WRITE 313214 104 197
READ 148293 906 0
WRITE 683534 242 141
READ 462602 245 0
READ 312793 1018 0
WRITE 489638 160 157
READ 652162 833 0
WRITE 266562 158 228
WRITE 45807 319 186
READ 474989 1005 0
WRITE 749623 861 22
WRITE 176000 985 188
WRITE 896393 515 28
READ 25767 789 0
WRITE 928847 510 92
WRITE 174857 536 39
READ 970179 700 0
WRITE 466473 253 82
WRITE 260380 385 245
WRITE 892474 96 229
WRITE 477008 405 154
WRITE 188350 845 93
WRITE 290641 582 218
WRITE 861748 525 57
READ 90394 612 0
WRITE 677068 608 249
WRITE 997852 386 254
READ 761834 883 0
READ 1026811 603 0
WRITE 24669 357 89
WRITE 168007 209 16
WRITE 820523 34 54
WRITE 544192 574 94
WRITE 454935 532 27
READ 549556 471 0
READ 199642 765 0
WRITE 183858 614 234
WRITE 53863 95 138
READ 405570 284 0
WRITE 162847 124 61
WRITE 340132 309 211
READ 288293 226 0
WRITE 536343 313 100
WRITE 289101 272 226
WRITE 208449 835 142
WRITE 1015600 524 210
WRITE 372359 444 201
READ 265120 1013 0
WRITE 548132 563 255
WRITE 575605 604 155
WRITE 611175 42 79
READ 982520 272 0
READ 717346 214 0
READ 66599 406 0
WRITE 709224 328 156
WRITE 530629 226 36
WRITE 491480 177 74
READ 230096 713 0
WRITE 335123 614 82
WRITE 212216 934 212
WRITE 313731 722 156
WRITE 955371 761 85
WRITE 551017 25 4
WRITE 918058 391 31
WRITE 453779 601 2
READ 951651 918 0
WRITE 685258 97 126
WRITE 1019257 362 205
WRITE 266056 97 58
READ 112521 98 0
WRITE 195710 117 229
WRITE 247719 866 43
READ 442860 386 0
WRITE 99412 681 46
WRITE 94582 30 106
READ 207542 365 0
WRITE 582584 910 62
WRITE 814762 719 238
WRITE 215077 91 187
WRITE 980406 1015 21
WRITE 298844 545 57
READ 466271 802 0
READ 757139 18 0
WRITE 660677 52 228
WRITE 416873 34 206
WRITE 44782 619 139
WRITE 958375 43 19
WRITE 669831 520 105
WRITE 455935 541 249
WRITE 78688 931 218
READ 419924 274 0
READ 362191 530 0
READ 759475 8 0
READ 176819 566 0
WRITE 915831 329 81
WRITE 77466 808 238
WRITE 633812 991 37
READ 879647 40 0
WRITE 804652 823 210
READ 10223 895 0
WRITE 725047 777 136
WRITE 449300 133 185
READ 589224 477 0
WRITE 746989 751 126
WRITE 155963 998 205
READ 973874 562 0
READ 944000 76 0
WRITE 874526 660 88
READ 827635 43 0
WRITE 1031466 643 133
WRITE 535532 947 132
READ 385870 653 0
READ 107552 937 0
WRITE 310946 526 153
WRITE 536560 618 170
READ 482227 25 0
WRITE 226775 1024 223
WRITE 850364 394 245
READ 933468 300 0
WRITE 512196 889 235
WRITE 952059 901 141
READ 987511 169 0
READ 268609 533 0
WRITE 243824 517 7
WRITE 263657 392 183
WRITE 378378 492 126
WRITE 714113 471 15
WRITE 855160 558 141
READ 295880 365 0
WRITE 208098 531 31
READ 560202 55 0
WRITE 606398 190 43
WRITE 723117 523 214
WRITE 44998 772 139
READ 63381 834 0
READ 337069 393 0
WRITE 577578 803 151
WRITE 536187 145 68
READ 924078 1014 0
WRITE 136987 278 144
WRITE 129633 350 178
WRITE 207439 485 98
READ 759786 1000 0
WRITE 115367 863 212
WRITE 692749 322 50
WRITE 897438 229 142
WRITE 606403 539 169
READ 707599 566 0
WRITE 469979 739 212
WRITE 397378 691 59
READ 37616 206 0
WRITE 589746 869 94
READ 191467 858 0
WRITE 715670 33 222
WRITE 951690 510 12
READ 200604 2 0
WRITE 526099 552 194
WRITE 512139 121 72
WRITE 443305 268 73
WRITE 100522 780 77
WRITE 342212 661 238
WRITE 697713 605 157
WRITE 99590 733 131
WRITE 780662 666 112
WRITE 141729 854 187
WRITE 378294 606 65
WRITE 709251 401 46
READ 992165 503 0
WRITE 391948 33 36
WRITE 187834 394 141
WRITE 1045111 672 221
WRITE 38306 620 160
WRITE 683063 117 21
WRITE 682048 832 158
WRITE 84353 210 224
READ 1018427 718 0
WRITE 719180 505 238
WRITE 843049 514 82
WRITE 526814 310 46
WRITE 231893 918 230
WRITE 797321 830 176
READ 903055 193 0
READ 776518 798 0
WRITE 44833 228 57
WRITE 924153 275 228
READ 764764 196 0
WRITE 287007 1001 28
READ 316299 365 0
READ 228891 582 0
WRITE 681166 339 152
WRITE 78042 117 78
WRITE 360170 636 45
READ 800383 666 0
WRITE 546014 599 221
WRITE 731024 184 88
WRITE 114017 966 59
WRITE 690181 43 104
WRITE 396406 919 13
READ 33538 171 0
WRITE 844147 681 170
READ 786559 820 0
WRITE 172538 420 237
WRITE 373451 192 187
READ 760629 671 0
WRITE 371974 370 254
READ 1015403 905 0
WRITE 415802 613 53
READ 702757 469 0
READ 964753 166 0
READ 363432 142 0
READ 793274 147 0
WRITE 589473 406 136
WRITE 1016293 994 221
READ 804017 756 0
WRITE 656587 815 1
WRITE 698404 758 130
READ 174710 628 0
WRITE 139259 571 190
READ 483310 850 0
WRITE 415095 1004 97
WRITE 861757 101 7
WRITE 447360 959 204
WRITE 710266 937 75
READ 608994 82 0
WRITE 879502 275 0
WRITE 434108 543 91
READ 248747 475 0
READ 688952 697 0
WRITE 255154 804 124
READ 457241 1018 0
WRITE 334695 532 0
WRITE 456913 144 105
READ 769787 242 0
WRITE 241346 616 89
WRITE 298352 1022 84
WRITE 691195 887 15
WRITE 105466 767 228
WRITE 395177 854 176
WRITE 203316 424 64
WRITE 266172 767 235
WRITE 866349 488 132
READ 832814 734 0
READ 772817 160 0
READ 539783 116 0
WRITE 347587 999 12
WRITE 398871 453 31
WRITE 51790 437 213
READ 431189 718 0
WRITE 593983 929 196
WRITE 275388 945 54
READ 662780 611 0
WRITE 232401 138 71
WRITE 650788 794 228
WRITE 398891 549 174
WRITE 930571 331 7
WRITE 903904 240 107
WRITE 72755 610 75
WRITE 279978 78 3
READ 598251 977 0
READ 232141 82 0
WRITE 256698 164 35
WRITE 800185 969 193
READ 431288 4 0
WRITE 188963 297 37
WRITE 674423 491 230
READ 387669 721 0
WRITE 285985 54 11
WRITE 402415 326 166
WRITE 525508 937 159
READ 847414 237 0
WRITE 53710 852 40
WRITE 687000 683 212
WRITE 561568 300 117
WRITE 194094 926 187
WRITE 131223 854 251
WRITE 860510 392 130
READ 924782 758 0
WRITE 728030 357 97
WRITE 478363 653 196
WRITE 310256 114 233
WRITE 264791 491 169
READ 208560 681 0
WRITE 931227 254 179
READ 698111 628 0
READ 846495 1013 0
WRITE 773796 138 87
WRITE 300945 433 37
READ 988088 546 0
WRITE 1791 631 36
WRITE 805436 142 175
WRITE 454667 975 166
WRITE 783047 315 233
WRITE 328163 697 45
WRITE 820387 1014 81
WRITE 989259 456 135
WRITE 746257 473 191
WRITE 248231 679 133
WRITE 370372 631 124
READ 891361 466 0
READ 282811 497 0
WRITE 338374 168 205
WRITE 695162 231 25
READ 264027 950 0
WRITE 761951 255 195
READ 775867 58 0
WRITE 973346 147 60
WRITE 314045 413 252
READ 218754 166 0
READ 890029 574 0
WRITE 225848 394 122
WRITE 520135 680 49
WRITE 189055 454 243
WRITE 618530 865 24
WRITE 294301 651 15
READ 95271 796 0
READ 197777 296 0
READ 445957 977 0
WRITE 387694 1003 127
READ 656767 144 0
WRITE 204916 16 84
WRITE 230155 598 153
READ 899992 536 0
WRITE 206204 570 49
WRITE 618141 781 218
WRITE 287961 77 120
WRITE 177924 502 212
WRITE 549887 802 235
READ 487077 258 0
READ 491290 769 0
WRITE 8964 95 52
WRITE 49012 201 72
WRITE 494380 280 230
WRITE 837307 938 157
READ 372301 396 0
READ 593877 434 0
WRITE 503973 642 195
READ 585845 8 0
WRITE 705514 845 26
READ 457530 367 0
WRITE 243404 955 181
READ 66665 919 0
READ 63567 696 0
WRITE 288675 518 16
READ 186625 1008 0
READ 74751 312 0
WRITE 254852 923 172
WRITE 92183 514 167
WRITE 615517 487 116
WRITE 996420 1020 120
READ 851115 12 0
WRITE 1026910 157 63
WRITE 825898 17 205
READ 25786 922 0
WRITE 970923 43 112
WRITE 512633 392 175
WRITE 660668 54 112
WRITE 704095 777 36
WRITE 367557 131 0
WRITE 754496 966 204
READ 337931 508 0
WRITE 1032690 88 60
WRITE 941726 43 39
WRITE 741134 337 219
READ 665942 42 0
WRITE 22305 586 130
WRITE 25700 758 39
READ 721070 763 0
READ 193141 974 0
WRITE 483666 691 109
WRITE 838910 513 167
WRITE 658885 209 190
WRITE 636092 999 158
READ 674291 633 0
WRITE 505648 786 54
READ 443086 918 0
READ 543996 249 0
READ 473883 323 0
WRITE 215666 275 158
WRITE 839148 81 24
READ 419779 454 0
WRITE 884527 840 97
READ 1040570 577 0
WRITE 889956 980 158
WRITE 237461 90 46
WRITE 964904 912 210
READ 71178 666 0
WRITE 512320 96 5
READ 520878 279 0
WRITE 262419 262 212
WRITE 352945 837 162
READ 774777 562 0
WRITE 286018 839 126
READ 167205 541 0
READ 538028 1009 0
WRITE 444608 799 111
READ 867712 484 0
READ 630809 442 0
WRITE 625647 46 45
WRITE 598474 317 65
WRITE 383280 212 218
WRITE 147968 156 62
WRITE 404732 254 10
WRITE 210279 475 252
READ 52687 822 0
WRITE 1003616 996 10
WRITE 256269 130 118
WRITE 914693 590 248
WRITE 738381 490 243
WRITE 513738 100 249
WRITE 759500 271 144
WRITE 685921 916 108
WRITE 232849 577 240
WRITE 826548 541 182
WRITE 198260 74 134
WRITE 462191 732 129
READ 584215 689 0
READ 343233 559 0
WRITE 901597 171 0
WRITE 713463 155 186
WRITE 503010 864 159
WRITE 623361 743 159
WRITE 302322 110 14
WRITE 178509 263 23
WRITE 566017 799 48
WRITE 443275 76 20
READ 448695 898 0
READ 530773 749 0
READ 1023485 816 0
WRITE 2543 502 2
READ 272431 628 0
READ 945262 253 0
READ 899998 190 0
WRITE 195439 799 199
WRITE 992996 150 142
WRITE 612284 770 175
READ 1006502 289 0
WRITE 223156 839 40
READ 360329 539 0
WRITE 496483 712 192
READ 642331 843 0
READ 996188 7 0
WRITE 699632 214 125
READ 497128 138 0
READ 535499 639 0
WRITE 428521 498 3
WRITE 904094 397 141
WRITE 465777 501 46
WRITE 274718 703 244
WRITE 421529 1007 6
READ 6096 801 0
WRITE 496699 712 169
WRITE 734257 915 238
WRITE 923985 195 236
WRITE 525670 40 28
WRITE 611663 806 13
WRITE 1005369 582 126
WRITE 677024 197 34
READ 973430 801 0
WRITE 792950 33 195
READ 779782 244 0
WRITE 119231 265 79
READ 980601 731 0
WRITE 722313 661 198
READ 982191 643 0
WRITE 356209 912 113
WRITE 503246 145 70
READ 210153 608 0
READ 478213 334 0
WRITE 852156 689 228
WRITE 287213 880 242
WRITE 627059 795 199
WRITE 752405 719 149
READ 194161 524 0
WRITE 395811 327 7
READ 1005333 189 0
WRITE 903993 181 115
READ 545980 32 0
READ 686524 624 0
WRITE 141020 27 228
WRITE 680069 375 153
READ 1016577 759 0
WRITE 545802 393 108
WRITE 899015 693 87
WRITE 223274 681 31
READ 243860 679 0
WRITE 17217 25 73
WRITE 435292 470 250
WRITE 72029 767 72
WRITE 336722 811 46
WRITE 507445 901 40
WRITE 833568 415 188
READ 784756 314 0
WRITE 802798 553 148
WRITE 35737 595 182
WRITE 35902 686 86
WRITE 887568 477 188
READ 635731 159 0
WRITE 156145 468 7
WRITE 551792 981 239
READ 716105 606 0
WRITE 292714 385 57
WRITE 966313 162 4
WRITE 391710 52 199
WRITE 307785 199 255
READ 13242 594 0
WRITE 934149 224 190
READ 176851 981 0
WRITE 974085 731 27
READ 639563 485 0
WRITE 26778 377 254
WRITE 599211 182 39
WRITE 986426 839 198
READ 280952 294 0
WRITE 353250 246 188
WRITE 968707 805 56
WRITE 988534 424 86
WRITE 240858 898 174
READ 340627 916 0
WRITE 613759 514 255
WRITE 334425 556 152
WRITE 348031 1005 139
WRITE 584806 824 207
WRITE 665306 555 114
WRITE 696513 157 20
READ 493483 7 0
WRITE 629791 28 50
WRITE 547083 131 0
WRITE 780919 277 74
WRITE 981322 390 177
WRITE 934105 475 190
READ 638692 751 0
READ 491589 58 0
WRITE 171267 450 33
READ 404211 958 0
WRITE 961710 583 146
READ 512397 647 0
READ 925006 114 0
WRITE 239281 115 121
WRITE 757614 876 220
WRITE 40229 218 107
WRITE 492241 230 184
WRITE 417197 263 108
WRITE 43958 587 98
READ 693742 286 0
READ 24080 870 0
WRITE 410727 270 15
WRITE 999246 522 253
WRITE 91695 738 176
WRITE 560226 699 96
WRITE 523101 859 197
READ 792782 36 0
WRITE 677078 541 58
WRITE 567248 325 73
READ 546009 279 0
READ 443565 21 0
WRITE 549064 265 191
READ 23730 263 0
WRITE 719814 33 17
WRITE 868349 561 186
READ 872910 257 0
READ 266555 80 0
WRITE 676701 995 123
READ 220887 981 0
WRITE 60703 897 90
WRITE 360279 396 216
READ 582529 250 0
WRITE 941257 6 55
WRITE 355215 289 158
READ 426107 364 0
WRITE 938662 135 48
WRITE 938311 497 97
WRITE 503067 19 120
WRITE 303522 179 61
WRITE 382116 237 55
WRITE 527044 86 25
WRITE 913065 722 171
READ 910540 593 0
WRITE 756938 756 18
WRITE 240136 1007 142
WRITE 418926 370 201
READ 124574 289 0
WRITE 878999 21 35
READ 391021 654 0
WRITE 709673 603 64
WRITE 449466 120 235
READ 735528 83 0
READ 572318 151 0
WRITE 643074 880 113
WRITE 888029 438 27
WRITE 67376 604 94
READ 604015 319 0
WRITE 4234 710 213
WRITE 422314 389 67
READ 580374 119 0
WRITE 854285 364 32
READ 876622 549 0
WRITE 343713 104 125
WRITE 856883 330 229
WRITE 458688 546 253
WRITE 608625 322 244
READ 384392 162 0
WRITE 140924 455 246
WRITE 483118 91 144
WRITE 678003 973 149
WRITE 906267 210 52
WRITE 317453 211 170
WRITE 738416 141 74
WRITE 6200 139 172
WRITE 9520 301 11
READ 955861 378 0
READ 101067 1011 0
READ 670276 449 0
WRITE 670774 959 205
WRITE 577178 155 198
WRITE 1039109 583 53
READ 842035 1024 0
WRITE 88929 520 246
READ 442968 442 0
WRITE 390153 334 28
READ 268308 524 0
READ 249998 631 0
WRITE 497051 50 224
WRITE 392124 234 224
WRITE 28765 664 120
WRITE 375243 668 242
WRITE 718346 942 53
WRITE 184371 925 95
WRITE 152328 232 201
WRITE 247442 131 136
WRITE 584259 72 16
WRITE 1025616 194 124
WRITE 968258 953 253
WRITE 656413 767 46
WRITE 940459 346 233
WRITE 72731 17 35
WRITE 612422 397 158
WRITE 944541 617 152
WRITE 975699 503 86
WRITE 53432 858 138
WRITE 472644 650 159
READ 556347 3 0
WRITE 248860 512 55
WRITE 380690 879 95
WRITE 142597 221 181
WRITE 14234 155 17
WRITE 786980 178 85
WRITE 494485 284 76
WRITE 917764 236 54
WRITE 656459 591 57
READ 807467 634 0
READ 387651 734 0
READ 484430 150 0
READ 366787 661 0
WRITE 369826 840 14
READ 309267 409 0
WRITE 787855 553 95
WRITE 199598 407 181
WRITE 94851 474 148
WRITE 800725 398 186
READ 775887 360 0
READ 727859 276 0
WRITE 12633 1024 56
WRITE 865976 371 141
READ 457699 755 0
WRITE 440719 255 93
READ 63584 980 0
WRITE 924685 693 18
READ 552053 462 0
READ 146362 243 0
READ 511845 404 0
READ 957322 999 0
READ 375165 330 0
READ 1042479 354 0
WRITE 1040992 234 255
READ 638675 805 0
WRITE 135619 365 148
WRITE 303816 401 19
READ 898805 658 0
WRITE 514123 416 216
WRITE 537652 78 128
READ 813416 630 0
READ 435511 351 0
WRITE 696901 891 101
WRITE 583295 1003 47
WRITE 597766 1009 163
WRITE 373022 751 38
WRITE 992107 469 243
WRITE 541402 836 232
READ 168716 805 0
WRITE 633042 15 183
WRITE 399434 399 201
WRITE 660951 388 201
WRITE 686112 945 5
READ 865726 694 0
WRITE 411064 166 225
WRITE 720524 1023 191
WRITE 83507 179 25
READ 956603 293 0
WRITE 547159 329 118
WRITE 533223 612 65
READ 137118 714 0
READ 453349 738 0
WRITE 774825 365 132
WRITE 561632 268 252
WRITE 858943 51 197
WRITE 998751 769 206
READ 134923 906 0
READ 926335 58 0
WRITE 135084 814 88
READ 92345 908 0
WRITE 730521 773 132
WRITE 793842 79 66
WRITE 128845 148 11
READ 462271 389 0
READ 834347 899 0
WRITE 699828 130 22
WRITE 314199 160 255
READ 960619 569 0
WRITE 133447 647 5
WRITE 202012 651 105
WRITE 1033072 857 150
WRITE 748560 920 241
WRITE 1043706 216 141
READ 1040509 112 0
WRITE 899212 1012 156
WRITE 362947 70 235
READ 959496 54 0
WRITE 705979 440 83
WRITE 262051 482 21
WRITE 25490 951 209
READ 599204 337 0
WRITE 466040 611 13
WRITE 15591 136 105
READ 22250 18 0
READ 1040628 71 0
READ 492485 559 0
READ 827922 364 0
WRITE 735855 838 11
WRITE 164345 609 234
READ 84435 329 0
WRITE 561446 265 63
WRITE 973548 886 62
READ 313516 543 0
WRITE 751700 857 96
WRITE 605833 521 181
WRITE 293292 271 96
WRITE 268372 401 187
WRITE 321969 14 112
READ 522303 897 0
WRITE 145354 763 254
WRITE 571001 397 192
READ 679597 573 0
WRITE 417253 382 219
WRITE 803948 605 107
WRITE 809215 721 170
WRITE 341578 444 3
READ 590177 395 0
READ 1046250 678 0
WRITE 105800 829 196
READ 902201 498 0
WRITE 829999 525 231
WRITE 60562 531 203
WRITE 62198 966 95
READ 323842 61 0
READ 507506 372 0
WRITE 882352 116 157
WRITE 144604 866 40
WRITE 22678 301 153
WRITE 555496 583 64
WRITE 325818 830 31
WRITE 243158 268 139
WRITE 696150 315 36
READ 451764 594 0
READ 654477 97 0
READ 342975 735 0
WRITE 506083 672 48
READ 61240 301 0
WRITE 632783 819 75
WRITE 717393 336 212
WRITE 106114 147 233
WRITE 991925 855 27
READ 908193 285 0
WRITE 150043 756 245
WRITE 731888 440 91
WRITE 8238 695 200
WRITE 43750 569 87
READ 760257 180 0
WRITE 694203 52 183
WRITE 719740 680 30
WRITE 462577 482 56
READ 704380 756 0
WRITE 1012448 578 176
WRITE 624043 188 79
WRITE 428671 30 95
WRITE 830441 485 122
WRITE 124158 190 192
WRITE 366934 628 190
READ 399546 840 0
WRITE 986799 241 122
WRITE 846709 537 45
WRITE 675105 802 26
WRITE 408183 719 157
WRITE 412438 635 63
WRITE 221855 545 107
WRITE 82493 631 253
WRITE 190827 935 35
READ 603158 205 0
WRITE 433699 506 27
WRITE 650217 99 35
WRITE 742416 869 213
READ 120312 323 0
WRITE 252680 709 140
WRITE 57866 656 153
WRITE 964956 631 77
WRITE 932288 125 170
WRITE 746328 995 26
WRITE 61616 788 174
READ 334564 916 0
WRITE 284739 793 210
READ 977167 150 0
READ 635675 614 0
WRITE 492759 285 33
WRITE 505246 750 249
WRITE 1038379 577 246
WRITE 736024 1004 229
READ 410911 150 0
WRITE 284954 478 253
WRITE 781265 632 220
WRITE 636815 818 16
READ 85658 309 0
READ 412618 840 0
WRITE 191686 623 253
WRITE 437338 686 77
WRITE 131228 801 58
READ 1034057 131 0
WRITE 699988 623 120
WRITE 949174 57 25
READ 597182 336 0
WRITE 225273 177 79
WRITE 851633 641 45
WRITE 940036 686 213
READ 506927 825 0
WRITE 480908 276 109
WRITE 96834 677 196
WRITE 935330 580 65
WRITE 262154 291 224
READ 186058 602 0
WRITE 243933 920 44
READ 105822 289 0
READ 280261 958 0
WRITE 971129 397 93
WRITE 115032 215 159
WRITE 15 128 191
READ 495211 982 0
WRITE 768054 969 123
READ 632726 120 0
WRITE 860583 243 72
WRITE 369646 494 48
WRITE 245575 849 105
READ 860502 147 0
READ 123987 199 0
WRITE 155992 828 166
WRITE 881059 97 72
WRITE 80720 648 182
WRITE 179332 221 224
WRITE 207260 404 61
WRITE 744287 623 25
WRITE 530742 170 4
READ 59295 1006 0
WRITE 218318 840 90
WRITE 683804 514 18
WRITE 872045 780 64
READ 1044221 836 0
READ 176578 934 0
WRITE 959897 302 145
READ 838937 159 0
WRITE 346856 232 37
READ 736686 421 0
READ 185247 714 0
WRITE 274739 343 15
WRITE 417022 476 188
WRITE 1033138 128 35
WRITE 223147 846 121
WRITE 517295 453 176
WRITE 33696 407 200
READ 808448 651 0
WRITE 88325 681 15
WRITE 546643 551 114
READ 52218 918 0
WRITE 147508 405 159
READ 199547 367 0
WRITE 586141 619 250
READ 701432 444 0
WRITE 609920 353 131
READ 76687 76 0
WRITE 873873 304 39
WRITE 273377 73 50
WRITE 742639 555 72
WRITE 268773 201 175
READ 109468 54 0
WRITE 874520 226 110
WRITE 610578 492 192
READ 746417 499 0
WRITE 787892 679 192
READ 218613 617 0
WRITE 190730 375 40
READ 687679 878 0
WRITE 339733 457 53
READ 890413 393 0
READ 676279 778 0
WRITE 943248 266 77
READ 700449 162 0
WRITE 315365 828 128
WRITE 1026408 175 117
WRITE 329383 291 118
WRITE 639275 551 224
WRITE 1039253 555 149
WRITE 822189 712 193
WRITE 631225 52 41
WRITE 33560 806 226
WRITE 1008887 192 87
WRITE 5647 660 44
WRITE 421608 865 60
READ 920862 291 0
READ 202058 812 0
READ 21951 892 0
WRITE 623992 459 202
WRITE 579501 245 6
WRITE 95691 930 52
WRITE 782664 285 138
WRITE 921797 735 101
WRITE 416459 180 86
WRITE 845810 24 183
WRITE 1009517 471 230
WRITE 577785 845 150
WRITE 585032 1002 218
WRITE 97873 193 132
READ 180685 232 0
WRITE 15202 896 147
WRITE 539926 996 146
WRITE 714468 513 211
WRITE 836086 288 128
WRITE 235431 400 41
WRITE 512340 685 216
WRITE 122129 447 50
READ 236566 276 0
WRITE 807575 448 73
WRITE 107827 217 51
READ 760151 440 0
READ 451549 879 0
WRITE 978819 898 59
WRITE 778186 150 59
READ 632342 576 0
WRITE 947146 17 24
WRITE 8042 251 136
WRITE 1038803 513 238
WRITE 959589 701 21
READ 236163 399 0
READ 582470 651 0
WRITE 529663 78 178
WRITE 34508 434 221
WRITE 572870 709 24
WRITE 512544 893 108
READ 181699 268 0
READ 59382 235 0
READ 50926 608 0
WRITE 208900 75 16
WRITE 244358 96 185
WRITE 764108 862 24
WRITE 1034962 673 44
WRITE 826031 573 111
WRITE 828902 964 169
WRITE 117799 860 242
WRITE 739300 993 137
WRITE 910782 616 131
READ 392045 107 0
WRITE 459660 208 91
WRITE 590281 580 35
WRITE 712999 546 102
WRITE 391278 155 34
READ 168439 747 0
READ 929438 577 0
WRITE 919195 61 156
WRITE 841998 985 153
WRITE 780464 492 36
WRITE 12784 433 238
READ 821487 65 0
WRITE 76419 984 246
WRITE 846145 1017 211
WRITE 54548 952 72
READ 315431 809 0
READ 813403 971 0
READ 285012 695 0
WRITE 893749 117 167
WRITE 662892 1010 116
WRITE 1030374 679 232
WRITE 255030 127 129
READ 600925 166 0
READ 86406 458 0
WRITE 17694 664 169
READ 156881 654 0
WRITE 675222 481 212
WRITE 115490 651 13
READ 960665 562 0
READ 325712 283 0
WRITE 501033 737 185
WRITE 533851 800 170
WRITE 71373 139 124
WRITE 1017696 863 65
WRITE 150925 946 56
WRITE 283563 613 203
WRITE 522590 16 201
WRITE 983327 807 117
WRITE 260361 228 8
READ 652889 582 0
WRITE 717969 805 96
READ 322440 941 0
READ 795565 127 0
READ 295724 342 0
READ 199816 862 0
READ 490927 738 0
WRITE 442911 862 147
WRITE 694712 169 252
WRITE 507158 188 10
READ 537704 544 0
WRITE 811818 218 239
READ 414672 577 0
READ 510954 357 0
READ 26957 315 0
READ 939940 834 0
WRITE 337078 400 43
READ 895758 53 0
WRITE 980706 834 246
READ 410603 598 0
WRITE 166088 786 60
WRITE 230220 917 182
READ 497892 903 0
WRITE 97714 132 44
READ 555408 754 0
READ 155287 265 0
READ 832380 679 0
WRITE 359690 680 156
READ 936517 1009 0
WRITE 636572 155 238
READ 735006 217 0
WRITE 686900 142 224
WRITE 997365 341 42
WRITE 923518 486 23
WRITE 381224 959 18
WRITE 355295 859 68
WRITE 615081 792 250
WRITE 364946 74 21
READ 531478 591 0
WRITE 922031 299 229
WRITE 758729 879 102
WRITE 961007 242 64
READ 1009506 419 0
READ 369575 1000 0
READ 204857 432 0
WRITE 353809 988 60
READ 595288 333 0
WRITE 373170 527 196
WRITE 795641 451 5
READ 193852 726 0
READ 404133 1006 0
READ 837050 833 0
WRITE 319405 1005 49
WRITE 577208 98 12
READ 716668 448 0
READ 553328 350 0
READ 756069 723 0
READ 663359 178 0
WRITE 81510 171 100
WRITE 517267 866 215
WRITE 992966 422 82
WRITE 129278 955 237
WRITE 789221 19 167
WRITE 625601 661 160
WRITE 823923 856 234
WRITE 190956 802 142
READ 758331 468 0
WRITE 252385 134 225
WRITE 310744 820 160
READ 237505 212 0
WRITE 773575 644 214
READ 791813 918 0
READ 329073 476 0
WRITE 566398 576 158
READ 567702 481 0
WRITE 818809 165 155
WRITE 233877 458 106
READ 690821 171 0
READ 920492 660 0
WRITE 714866 830 149
WRITE 925119 963 246
WRITE 578061 346 205
READ 674623 722 0
READ 384132 1006 0
READ 271258 985 0
READ 934759 510 0
READ 601433 941 0
READ 928799 323 0
WRITE 148317 257 164
WRITE 919474 503 28
WRITE 23378 457 169
WRITE 958065 567 163
READ 854363 35 0
WRITE 317134 814 219
WRITE 39727 40 32
WRITE 237261 128 12
WRITE 196955 335 1
WRITE 764734 871 87
READ 386820 123 0
READ 855889 853 0
WRITE 916780 586 222
READ 1007676 179 0
WRITE 1013525 233 52
READ 161446 218 0
READ 873643 42 0
WRITE 485184 749 225
WRITE 548483 42 246
WRITE 194486 445 193
WRITE 183943 759 145
READ 1011767 495 0
READ 470727 572 0
WRITE 117850 523 2
WRITE 398555 910 78
WRITE 332810 971 188
WRITE 482338 837 165
WRITE 691745 546 184
WRITE 541550 762 180
WRITE 418711 73 61
WRITE 881197 524 19
WRITE 351901 876 197
WRITE 355608 101 232
READ 949198 382 0
READ 41902 455 0
WRITE 969120 475 151
WRITE 753765 913 165
WRITE 1035252 273 231
WRITE 817243 146 19
WRITE 291885 778 134
WRITE 396398 544 176
WRITE 268462 766 204
WRITE 533472 179 248
WRITE 902547 442 226
WRITE 510785 495 153
WRITE 389159 647 221
READ 964176 653 0
WRITE 228814 755 199
WRITE 185363 728 115
READ 939903 839 0
READ 940492 689 0
WRITE 728516 346 235
WRITE 508105 723 153
WRITE 20518 146 104
WRITE 355891 433 147
WRITE 1034033 519 195
READ 980629 144 0
WRITE 563463 994 239
READ 670463 209 0
WRITE 975825 949 20
WRITE 70277 731 5
WRITE 119795 751 116
WRITE 74426 966 130
WRITE 797669 244 156
READ 302316 517 0
READ 161627 359 0
WRITE 736755 965 88
WRITE 490853 449 9
WRITE 416976 961 8
READ 42989 162 0
WRITE 448727 530 164
WRITE 607664 172 92
WRITE 20142 674 8
READ 378204 615 0
WRITE 832535 822 157
READ 660192 293 0
READ 726313 118 0
WRITE 101971 329 132
WRITE 363873 15 142
WRITE 1012363 711 63
WRITE 697771 738 233
WRITE 929937 501 46
READ 753585 623 0
WRITE 65912 946 173
WRITE 546372 225 210
WRITE 308100 37 149
WRITE 368692 176 243
WRITE 300768 697 6
WRITE 874690 145 204
READ 310849 152 0
WRITE 737101 600 123
READ 540703 305 0
WRITE 115101 639 240
WRITE 830230 58 191
WRITE 432508 376 166
READ 380100 506 0
READ 611076 624 0
WRITE 707278 998 217
WRITE 877368 437 240
WRITE 900383 394 51
WRITE 706747 993 236
READ 7900 445 0
WRITE 879501 641 223
WRITE 166226 986 32
READ 520207 62 0
WRITE 921077 285 108
READ 240462 790 0
WRITE 741369 210 36
WRITE 614306 833 4
WRITE 746940 157 241
WRITE 632907 101 94
WRITE 780201 842 58
WRITE 335226 206 168
WRITE 416856 360 31
WRITE 882563 882 122
READ 15577 42 0
WRITE 292332 984 141
READ 254635 370 0
WRITE 535057 708 114
READ 773985 735 0
WRITE 438021 519 87
WRITE 56107 733 82
READ 120427 905 0
WRITE 250215 457 184
READ 785134 70 0
WRITE 1027164 121 131
READ 423054 421 0
WRITE 859210 869 120
READ 803059 136 0
WRITE 356128 487 229
READ 900385 284 0
READ 1037982 409 0
WRITE 948284 944 81
WRITE 5747 451 181
WRITE 821143 962 35
WRITE 368790 828 175
WRITE 332876 769 12
WRITE 493732 8 151
READ 323473 371 0
WRITE 883260 842 77
WRITE 562099 32 76
WRITE 974488 878 230
WRITE 363019 853 210
WRITE 639679 187 196
READ 953899 965 0
READ 272830 24 0
WRITE 523425 865 160
WRITE 759133 248 37
READ 104843 420 0
WRITE 967165 803 133
READ 412720 920 0
WRITE 412761 553 184
WRITE 626541 707 56
WRITE 92784 413 81
WRITE 537900 431 119
READ 686407 225 0
READ 504681 105 0
WRITE 410181 601 202
READ 131526 879 0
READ 210775 416 0
WRITE 994422 594 137
READ 337643 37 0
READ 456164 456 0
WRITE 76470 68 112
WRITE 846242 553 30
READ 934845 954 0
WRITE 42650 540 129
READ 716709 984 0
WRITE 156567 21 36
WRITE 898439 380 147
READ 961997 342 0
READ 623761 658 0
WRITE 28753 74 19
WRITE 369535 855 197
WRITE 348890 467 70
READ 783186 615 0
READ 981602 252 0
WRITE 120631 685 200
WRITE 488641 37 182
WRITE 193714 113 232
READ 903634 678 0
WRITE 208437 866 33
WRITE 612850 1018 115
WRITE 875825 947 220
WRITE 200158 417 60
WRITE 17709 457 235
WRITE 358759 798 90
WRITE 757867 667 190
READ 138782 546 0
WRITE 759785 430 26
WRITE 167383 52 27
WRITE 238482 650 61
WRITE 265380 998 54
READ 178373 249 0
WRITE 978113 159 34
WRITE 689913 349 246
READ 125011 169 0
WRITE 85205 270 108
WRITE 465026 75 233
WRITE 748648 699 100
WRITE 368390 931 57
READ 214418 309 0
WRITE 757318 529 202
WRITE 172764 311 195
WRITE 215125 595 102
READ 97336 135 0
READ 963526 330 0
READ 672844 908 0
READ 735462 217 0
READ 912324 203 0
WRITE 508059 370 20
WRITE 173689 169 171
READ 511349 775 0
WRITE 72391 899 100
WRITE 302457 313 73
WRITE 973416 617 61
WRITE 828342 413 229
WRITE 803234 659 76
READ 1002892 336 0
READ 366743 211 0
READ 790670 749 0
READ 468183 753 0
WRITE 41041 824 135
READ 420570 942 0
WRITE 198305 18 144
WRITE 356337 666 42
WRITE 1031065 76 160
WRITE 583794 1021 13
WRITE 423189 52 43
WRITE 552045 493 138
READ 910678 539 0
WRITE 511627 748 38
READ 891638 559 0
WRITE 776239 821 74
WRITE 758830 890 67
READ 187457 767 0
WRITE 833360 267 162
WRITE 282183 593 215
READ 20718 334 0
READ 862240 686 0
WRITE 967841 726 224
WRITE 723167 852 132
READ 514355 102 0
WRITE 202131 789 107
WRITE 914945 596 207
READ 121039 320 0
WRITE 232812 738 147
WRITE 563369 656 117
READ 619890 367 0
WRITE 804527 13 39
WRITE 790693 221 180
READ 373774 983 0
READ 291146 238 0
WRITE 749465 967 130
WRITE 923686 986 11
READ 901696 584 0
WRITE 3908 460 213
WRITE 382426 912 20
WRITE 419661 829 245
WRITE 466895 638 13
WRITE 994333 634 170
READ 1047121 910 0
WRITE 363475 836 22
WRITE 262139 434 165
READ 955702 412 0
WRITE 643952 27 218
WRITE 636327 939 45
READ 346196 80 0
READ 834759 677 0
READ 328259 590 0
READ 104474 553 0
WRITE 553111 668 175
READ 123429 477 0
WRITE 916105 676 232
READ 347449 627 0
READ 736513 40 0
WRITE 170020 321 116
WRITE 836977 607 107
WRITE 917743 606 203
WRITE 99257 423 206
READ 503506 689 0
READ 468966 495 0
READ 590494 297 0
WRITE 446885 92 143
READ 1037774 432 0
WRITE 880519 37 226
WRITE 590569 312 76
WRITE 878838 450 160
WRITE 43722 707 246
WRITE 423540 940 168
WRITE 386601 18 200
READ 131715 453 0
READ 354974 236 0
READ 989249 541 0
READ 127274 663 0
WRITE 1010343 199 133
READ 741747 13 0
READ 552849 838 0
WRITE 241411 523 84
READ 609693 102 0
READ 171354 406 0
WRITE 151860 252 44
WRITE 204116 220 92
WRITE 315553 821 46
WRITE 914959 241 49
READ 277006 167 0
WRITE 501916 549 19
READ 773897 563 0
WRITE 249664 427 131
WRITE 991179 427 207
READ 907847 1024 0
READ 461706 607 0
WRITE 620579 25 114
READ 672202 496 0
WRITE 172005 93 71
WRITE 764242 574 218
WRITE 1037016 126 61
READ 906779 328 0
WRITE 445184 150 240
READ 543191 468 0
READ 389892 474 0
WRITE 312113 336 7
READ 547529 668 0
WRITE 428765 389 131
READ 978900 58 0
WRITE 221656 930 41
READ 680473 892 0
WRITE 630656 899 248
WRITE 625719 59 117
WRITE 439141 842 225
READ 224403 272 0
WRITE 713391 863 8
WRITE 367281 815 245
READ 965554 829 0
WRITE 1007298 802 107
READ 45241 419 0
READ 362184 673 0
READ 777580 693 0
WRITE 611206 434 79
WRITE 936521 343 65
WRITE 409790 308 105
WRITE 51200 869 195
READ 476858 755 0
WRITE 747500 417 96
READ 167858 271 0
READ 647760 691 0
READ 219790 228 0
WRITE 1011599 926 249
READ 998119 90 0
WRITE 770957 496 195
WRITE 236028 902 122
WRITE 825699 750 216
WRITE 304956 188 215
WRITE 967052 519 225
READ 2978 889 0
READ 10249 120 0
WRITE 63686 95 176
WRITE 838466 146 40
WRITE 625662 40 102
READ 52073 629 0
WRITE 983736 32 95
WRITE 916491 733 205
READ 136608 14 0
WRITE 572685 866 48
WRITE 257423 678 201
READ 83017 694 0
WRITE 773005 229 252
WRITE 172226 377 137
WRITE 692131 873 100
WRITE 148954 197 120
WRITE 448052 465 247
READ 278706 196 0
WRITE 634738 881 137
READ 582190 476 0
WRITE 1018122 718 160
WRITE 1006416 23 212
READ 507582 782 0
READ 380494 893 0
WRITE 1031959 604 136
WRITE 1020760 826 207
READ 268869 396 0
WRITE 584960 683 222
WRITE 1006034 868 78
WRITE 826118 803 135
WRITE 709560 379 217
WRITE 359304 951 205
WRITE 341269 17 107
WRITE 730121 138 59
WRITE 707605 141 128
WRITE 614587 625 4
READ 328798 572 0
READ 493442 536 0
WRITE 522069 282 117
WRITE 419226 357 38
WRITE 1045139 278 166
WRITE 538645 944 148
READ 45916 843 0
READ 832641 698 0
WRITE 38239 376 170
WRITE 88146 933 79
WRITE 88068 95 39
READ 44725 596 0
WRITE 908198 754 101
READ 62986 590 0
WRITE 553835 482 180
WRITE 857970 867 116
READ 126952 991 0
WRITE 1001705 15 175
WRITE 865538 360 6
READ 950532 210 0
WRITE 340027 85 18
WRITE 767520 646 251
WRITE 838483 571 21
READ 13595 566 0
READ 591687 104 0
READ 563101 1012 0
WRITE 452165 650 2
READ 620568 366 0
READ 577463 256 0
READ 64829 108 0
WRITE 578572 729 81
WRITE 626376 399 122
WRITE 965277 328 201
WRITE 313800 232 134
WRITE 765304 551 112
READ 524845 714 0
READ 891928 942 0
WRITE 1042589 913 118
WRITE 631881 411 192
WRITE 562583 690 211
WRITE 898993 73 171
WRITE 118875 193 199
WRITE 1036716 32 12
WRITE 1019588 878 21
WRITE 261501 835 35
WRITE 679022 896 56
WRITE 388299 820 112
WRITE 60143 703 17
READ 162286 177 0
READ 583872 556 0
WRITE 181799 607 20
WRITE 476409 488 41
WRITE 59612 649 15
WRITE 97998 818 178
WRITE 768226 725 68
WRITE 716510 807 144
WRITE 75683 185 136
READ 833240 310 0
READ 889911 322 0
WRITE 524786 825 27
WRITE 161145 240 240
WRITE 1039471 847 224
WRITE 533543 469 133
READ 337337 858 0
WRITE 949086 353 210
WRITE 897246 934 148
WRITE 94575 948 110
WRITE 666888 786 30
READ 390987 631 0
WRITE 602706 680 95
WRITE 17552 358 94
READ 876190 167 0
WRITE 831549 363 204
READ 577564 1024 0
WRITE 15381 219 85
WRITE 906689 136 125
WRITE 217520 820 131
WRITE 1029586 175 240
WRITE 333882 9 165
READ 205101 780 0
WRITE 870028 284 163
READ 313334 713 0
READ 497576 61 0
READ 633335 99 0
READ 587487 456 0
WRITE 37381 524 218
READ 699982 44 0
WRITE 693051 278 57
READ 299107 838 0
WRITE 250568 792 24
WRITE 42786 275 170
READ 344505 207 0
WRITE 960115 155 96
WRITE 264797 147 144
WRITE 314420 47 99
WRITE 759319 699 211
WRITE 757785 48 155
WRITE 251245 88 116
WRITE 701778 499 128
WRITE 431560 407 90
WRITE 654184 234 224
WRITE 134868 844 52
WRITE 923898 649 16
WRITE 477681 264 252
WRITE 400153 625 182
READ 92625 883 0
WRITE 519460 801 184
WRITE 242874 392 254
WRITE 490923 123 210
WRITE 731137 16 75
READ 149830 23 0
READ 849122 429 0
WRITE 640632 209 144
WRITE 198392 397 132
WRITE 739639 640 19
WRITE 711239 424 160
READ 112551 905 0
READ 323889 338 0
READ 148988 603 0
WRITE 485244 453 18
WRITE 917831 158 76
WRITE 926182 416 37
WRITE 1037265 14 124
READ 924104 795 0
WRITE 497727 395 238
WRITE 360900 783 172
WRITE 736808 299 142
WRITE 1022899 203 22
WRITE 44781 904 1
WRITE 739685 813 218
WRITE 582154 31 108
WRITE 455975 785 13
WRITE 413397 521 224
READ 53078 122 0
READ 706595 194 0
READ 251668 637 0
WRITE 502586 422 101
WRITE 204043 218 224
READ 722010 901 0
WRITE 171563 460 64
READ 896330 79 0
READ 272619 458 0
READ 278262 617 0
WRITE 909461 577 93
WRITE 257409 284 196
READ 760467 75 0
WRITE 138089 31 164
WRITE 853070 972 112
WRITE 79454 471 123
WRITE 609867 581 70
READ 593062 642 0
WRITE 751065 764 80
READ 218797 763 0
WRITE 568447 150 22
WRITE 953788 133 57
WRITE 1013713 723 192
WRITE 738061 237 105
READ 960123 276 0
WRITE 658445 475 252
READ 682644 412 0
WRITE 954295 246 81
READ 237909 906 0
WRITE 563128 248 146
READ 242937 283 0
WRITE 842332 880 69
WRITE 40661 912 177
WRITE 866158 746 38
WRITE 915274 392 89
WRITE 684938 463 1
READ 566266 116 0
WRITE 730001 185 251
WRITE 654260 277 184
WRITE 233015 36 206
READ 694775 391 0
READ 546712 986 0
WRITE 131903 984 211
WRITE 468780 453 165
WRITE 673531 960 41
WRITE 98013 897 35
READ 587825 805 0
WRITE 367064 1001 224
READ 979013 1000 0
WRITE 360879 950 95
WRITE 570207 423 23
WRITE 734734 593 65
READ 511373 1004 0
READ 499239 848 0
READ 227367 233 0
WRITE 452706 651 107
WRITE 574951 229 190
READ 243127 258 0
READ 559712 683 0
WRITE 640332 78 77
READ 601780 734 0
WRITE 337931 621 62
READ 489905 379 0
WRITE 943073 306 18
WRITE 688353 826 162
READ 712522 564 0
WRITE 761945 538 158
READ 601768 263 0
READ 520364 375 0
WRITE 604721 274 224
WRITE 1004157 458 236
WRITE 920623 666 79
WRITE 220278 560 32
READ 181764 111 0
WRITE 831435 773 16
WRITE 683223 141 25
READ 457025 699 0
WRITE 649347 887 175
WRITE 664441 338 165
WRITE 670848 356 47
READ 906114 458 0
READ 838538 963 0
WRITE 674569 137 116
READ 727257 904 0
READ 230053 612 0
WRITE 449230 840 112
WRITE 358895 62 193
WRITE 196164 394 4
READ 936464 815 0
WRITE 597509 189 144
READ 432761 891 0
WRITE 558492 686 54
WRITE 1030703 630 8
WRITE 351333 451 102
READ 216686 260 0
WRITE 308358 924 208
WRITE 353446 988 221
WRITE 241234 880 76
READ 599890 644 0
WRITE 462344 758 149
READ 778653 885 0
READ 450290 639 0
READ 26719 776 0
WRITE 282406 136 180
READ 610030 9 0
WRITE 21145 506 145
WRITE 771566 75 26
WRITE 816642 214 209
READ 527600 706 0
READ 710887 174 0
WRITE 987397 762 33
READ 51247 892 0
READ 675076 158 0
READ 1020769 940 0
WRITE 625023 965 7
WRITE 690598 807 41
READ 259504 150 0
READ 15755 5 0
READ 58207 600 0
READ 489086 413 0
WRITE 557262 495 147
READ 662391 600 0
READ 753994 415 0
READ 723077 605 0
WRITE 438558 997 111
READ 595331 31 0
WRITE 306374 642 110
WRITE 684294 160 124
WRITE 479905 818 202
READ 364366 990 0
WRITE 313160 354 240
READ 802127 368 0
READ 857960 641 0
WRITE 705546 541 97
READ 405476 93 0
WRITE 693888 245 128
WRITE 824934 63 110
READ 738540 401 0
READ 448497 733 0
WRITE 238871 446 122
READ 847880 354 0
WRITE 635006 555 102
WRITE 178565 37 20
READ 432377 850 0
WRITE 721109 307 240
READ 597012 759 0
WRITE 1015316 974 232
WRITE 289853 703 153
WRITE 727092 785 45
WRITE 597079 666 6
WRITE 700626 395 191
WRITE 984576 295 70
READ 184539 969 0
READ 923813 394 0
WRITE 844722 1017 118
WRITE 264805 807 172
READ 1008140 113 0
WRITE 477683 917 92
WRITE 158386 468 235
WRITE 306805 839 59
WRITE 784991 95 92
WRITE 365038 973 135
READ 635297 95 0
WRITE 788826 134 63
WRITE 1034291 397 217
WRITE 555863 74 211
READ 595136 382 0
WRITE 225708 93 198
READ 328015 839 0
WRITE 394516 277 212
WRITE 976570 729 58
READ 848470 915 0
READ 77798 730 0
READ 573925 365 0
WRITE 775462 329 108
READ 150440 471 0
READ 188347 674 0
WRITE 1017085 684 217
READ 1039474 443 0
WRITE 196449 10 78
WRITE 224800 684 44
WRITE 634692 841 131
WRITE 152071 634 87
WRITE 373603 217 251
WRITE 714238 865 211
READ 339736 355 0
READ 527274 383 0
READ 513863 896 0
WRITE 507994 1016 104
WRITE 430974 936 204
READ 339626 94 0
WRITE 132926 640 134
WRITE 270319 298 204
READ 154515 670 0
READ 375670 608 0
READ 474868 10 0
READ 720643 373 0
WRITE 734326 570 50
READ 14712 609 0
READ 489519 279 0
WRITE 473190 523 227
WRITE 602595 702 173
WRITE 1010303 334 249
WRITE 324291 855 36
WRITE 46072 36 143
WRITE 788273 341 163
WRITE 440606 907 85
READ 486176 231 0
READ 965621 54 0
WRITE 928032 200 178
WRITE 244919 450 62
READ 378165 143 0
WRITE 828857 947 176
WRITE 69043 688 4
WRITE 937181 529 220
READ 1045509 690 0
WRITE 600080 226 19
WRITE 448778 907 82
READ 663259 367 0
READ 942874 308 0
WRITE 723938 849 96
WRITE 865947 933 101
READ 2805 515 0
WRITE 37753 894 18
READ 799020 191 0
WRITE 524158 531 125
WRITE 746008 958 0
WRITE 502439 12 23
WRITE 533103 335 11
WRITE 894909 963 34
WRITE 16377 677 237
WRITE 543862 243 89
READ 912488 430 0
WRITE 435010 977 36
WRITE 430693 393 125
WRITE 510115 592 144
READ 221893 554 0
READ 198336 10 0
WRITE 791343 712 128
WRITE 94222 774 168
WRITE 1032782 705 53
WRITE 739013 961 80
WRITE 858703 497 150
READ 447773 360 0
WRITE 858221 496 144
READ 137536 384 0
READ 188497 977 0
WRITE 541000 496 35
WRITE 3101 860 103
WRITE 111476 106 123
READ 312115 260 0
READ 814148 221 0
WRITE 449235 832 13
WRITE 923876 741 201
READ 592134 760 0
WRITE 860788 29 90
WRITE 588944 952 20
WRITE 609273 605 87
WRITE 807841 664 62
WRITE 303392 574 19
WRITE 974871 13 183
WRITE 478575 4 130
WRITE 611298 514 217
WRITE 418799 312 209
WRITE 770363 663 86
READ 692965 147 0
WRITE 410157 242 167
WRITE 261304 7 223
READ 739927 110 0
WRITE 857569 329 244
WRITE 61479 494 254
WRITE 722878 860 203
WRITE 232835 206 130
READ 428356 428 0
READ 245591 149 0
WRITE 546722 508 34
WRITE 123039 426 197
WRITE 108996 879 5
WRITE 978962 319 30
WRITE 113794 967 232
READ 879085 601 0
WRITE 891263 240 134
WRITE 930415 640 190
WRITE 169796 423 77
WRITE 632805 690 148
WRITE 186652 997 212
WRITE 676991 226 102
WRITE 681677 955 84
READ 489197 883 0
WRITE 929290 713 15
WRITE 405084 874 4
WRITE 1010681 57 238
WRITE 38418 377 181
READ 237287 45 0
WRITE 838492 852 239
READ 985062 534 0
WRITE 1007840 962 4
WRITE 156291 19 16
READ 595295 552 0
WRITE 87089 613 225
WRITE 166662 410 11
WRITE 785157 110 44
WRITE 129718 376 152
READ 586175 241 0
WRITE 509039 642 170
READ 302875 692 0
WRITE 888540 965 97
WRITE 537416 756 70
READ 898958 216 0
WRITE 123474 1004 228
WRITE 779669 273 99
WRITE 79794 782 76
READ 96750 69 0
WRITE 166476 330 127
WRITE 560670 63 49
WRITE 330469 737 103
READ 365202 136 0
READ 976581 249 0
READ 902691 425 0
READ 752532 196 0
WRITE 558827 934 138
WRITE 618626 248 94
READ 505332 460 0
READ 20059 254 0
READ 376903 588 0
WRITE 997847 671 51
READ 208863 473 0
WRITE 331358 353 236
WRITE 457297 807 104
WRITE 373576 426 68
READ 244942 1011 0
WRITE 915761 989 62
READ 966721 486 0
WRITE 853499 944 7
READ 502357 1007 0
WRITE 508865 175 54
WRITE 965091 954 112
WRITE 209575 442 145
READ 336923 269 0
WRITE 97857 534 248
WRITE 585837 301 189
WRITE 462179 407 139
READ 612870 54 0
WRITE 678078 831 251
READ 645443 826 0
WRITE 775575 42 199
READ 762493 967 0
WRITE 964991 600 244
WRITE 531346 347 195
READ 315264 782 0
READ 484419 108 0
WRITE 881697 828 1
WRITE 673806 908 165
WRITE 292023 721 237
READ 527883 142 0
READ 48676 351 0
WRITE 739284 651 240
WRITE 723528 281 127
WRITE 969109 387 130
WRITE 839239 819 30
READ 595660 177 0
WRITE 616498 56 231
WRITE 400716 323 171
WRITE 294078 376 125
READ 166979 674 0
WRITE 441067 980 244
WRITE 267070 201 167
WRITE 603226 412 129
READ 391841 819 0
READ 93559 183 0
READ 737774 1002 0
WRITE 766543 493 152
READ 814377 784 0
READ 956883 317 0
WRITE 362076 350 52
WRITE 286341 315 88
WRITE 502392 130 253
READ 949724 105 0
READ 350031 913 0
WRITE 264565 1013 173
READ 474543 93 0
WRITE 331062 863 99
READ 405486 176 0
WRITE 1029611 109 87
WRITE 190377 179 6
WRITE 165896 364 8
WRITE 865706 667 215
READ 148419 23 0
WRITE 856771 419 103
WRITE 623993 120 203
WRITE 784631 56 8
WRITE 326018 572 23
WRITE 864195 578 8
READ 294631 428 0
WRITE 134828 414 38
WRITE 98561 685 91
WRITE 6171 963 185
WRITE 32867 963 36
WRITE 842081 330 93
WRITE 919133 644 52
WRITE 193661 799 195
READ 806923 760 0
WRITE 738116 195 184
WRITE 583173 280 48
WRITE 424267 520 112
READ 553955 795 0
WRITE 824146 80 175
WRITE 1011696 988 94
WRITE 584088 577 115
WRITE 420294 365 32
WRITE 512603 367 237
READ 701005 225 0
WRITE 504776 111 173
WRITE 381886 455 246
WRITE 748712 277 110
WRITE 232978 44 119
WRITE 586387 406 28
WRITE 551255 237 163
WRITE 87634 297 166
READ 535247 597 0
WRITE 266186 40 93
WRITE 757991 389 119
WRITE 120463 651 247
WRITE 223170 128 135
WRITE 583716 507 2
WRITE 242162 196 169
WRITE 1001189 262 238
READ 1014512 755 0
READ 127966 261 0
READ 599495 766 0
WRITE 399829 295 199
WRITE 643019 187 114
WRITE 878425 824 247
WRITE 12748 267 128
WRITE 548274 490 244
WRITE 951769 760 202
WRITE 304984 635 51
READ 699896 698 0
READ 337397 479 0
WRITE 549710 733 204
WRITE 724156 1 191
WRITE 551654 424 175
WRITE 573462 314 156
WRITE 237316 978 37
READ 646086 258 0
WRITE 256098 748 38
READ 867462 331 0
WRITE 210279 727 26
READ 426480 689 0
WRITE 958721 863 130
WRITE 804819 710 29
WRITE 17439 481 180
WRITE 186791 1013 222
WRITE 924381 635 24
WRITE 326700 785 135
READ 125399 817 0
READ 1001976 601 0
READ 670464 726 0
WRITE 983246 780 73
WRITE 894752 987 180
READ 615410 820 0
READ 201960 656 0
WRITE 727443 828 176
READ 994362 903 0
WRITE 564825 748 42
WRITE 494940 771 246
READ 743124 753 0
WRITE 1000405 181 196
READ 152093 4 0
WRITE 339393 192 121
READ 75603 456 0
READ 368581 586 0
WRITE 84719 524 191
READ 186440 828 0
WRITE 626232 143 250
WRITE 949128 84 236
WRITE 1007415 232 11
WRITE 55611 646 207
READ 336713 452 0
WRITE 586762 233 105
WRITE 519322 747 188
WRITE 803680 226 214
READ 761835 357 0
READ 653327 473 0
WRITE 390316 452 179
WRITE 501755 220 240
WRITE 24297 912 145
READ 111628 421 0
WRITE 209687 714 166
READ 330553 934 0
WRITE 1015829 46 152
WRITE 304023 927 56
WRITE 232171 968 15
WRITE 380849 492 233
READ 486647 140 0
READ 510257 552 0
WRITE 3724 871 146
WRITE 807944 257 20
WRITE 721970 282 208
READ 64454 968 0
READ 978643 963 0
WRITE 502230 157 17
WRITE 119409 151 69
READ 559024 866 0
WRITE 15295 191 211
WRITE 1003369 584 5
READ 265377 566 0
WRITE 800725 98 75
READ 146334 176 0
READ 643139 612 0
WRITE 660215 459 253
READ 225643 6 0
READ 229077 31 0
READ 820053 172 0
READ 943132 175 0
READ 819579 882 0
WRITE 799961 103 52
READ 765648 584 0
WRITE 405298 1007 112
WRITE 809272 266 99
READ 726269 411 0
WRITE 783923 313 46
READ 97084 899 0
WRITE 51156 240 146
WRITE 220140 103 230
READ 168655 308 0
READ 729665 520 0
READ 405290 833 0
READ 939796 385 0
WRITE 44519 734 228
WRITE 270822 536 119
READ 811282 546 0
WRITE 177944 427 206
WRITE 822561 847 58
WRITE 432345 452 57
WRITE 327134 1001 2
READ 579612 743 0
WRITE 464091 163 11
WRITE 6594 479 189
READ 930368 667 0
READ 979669 787 0
READ 507112 958 0
READ 478087 130 0
WRITE 32211 832 45
WRITE 349770 287 102
WRITE 588733 1005 62
READ 32789 747 0
READ 482212 643 0
READ 946195 566 0
WRITE 408793 689 228
READ 397621 40 0
READ 475350 80 0
WRITE 954571 139 152
WRITE 822302 296 141
READ 48508 38 0
WRITE 343505 708 253
WRITE 674906 962 193
READ 928829 889 0
WRITE 518773 585 220
READ 797162 595 0
WRITE 586706 28 4
READ 723408 55 0
READ 434934 813 0
WRITE 274519 417 159
WRITE 911425 8 36
WRITE 79215 844 195
WRITE 866874 803 205
WRITE 798412 191 40
WRITE 528268 908 141
WRITE 852673 797 184
WRITE 820495 88 74
READ 963173 334 0
READ 198451 374 0
READ 991520 846 0
READ 884295 687 0
READ 130647 232 0
WRITE 1008054 399 28
WRITE 198845 381 234
READ 494427 814 0
WRITE 852197 729 87
READ 456980 882 0
WRITE 619876 172 255
READ 777022 785 0
WRITE 639123 838 93
WRITE 338885 415 204
WRITE 691439 666 139
WRITE 404305 460 60
WRITE 795432 904 99
WRITE 754072 371 59
READ 42425 803 0
WRITE 267230 620 145
WRITE 32200 254 100
WRITE 469044 321 131
WRITE 626005 260 19
READ 499401 98 0
WRITE 814039 95 74
WRITE 841625 867 185
WRITE 737161 845 75
READ 274705 638 0
WRITE 195936 612 46
READ 573537 266 0
WRITE 74686 965 240
WRITE 948776 402 34
READ 696095 752 0
WRITE 1004001 490 56
WRITE 433672 152 199
WRITE 460671 440 75
WRITE 987756 185 219
READ 155855 776 0
WRITE 241695 610 55
WRITE 517581 596 61
READ 129444 825 0
WRITE 850597 700 69
READ 297038 540 0
WRITE 1013486 875 17
WRITE 237783 524 155
READ 79222 203 0
WRITE 155063 531 134
WRITE 946414 37 161
READ 824598 789 0
WRITE 287212 66 21
READ 664756 155 0
WRITE 226100 328 117
READ 760522 8 0
WRITE 1017956 617 75
READ 846463 821 0
READ 104635 184 0
READ 931738 89 0
WRITE 281912 629 44
READ 606598 1010 0
WRITE 108206 938 156
READ 462032 874 0
READ 682613 281 0
READ 527147 422 0
READ 9947 647 0
WRITE 188178 394 217
WRITE 244930 160 95
WRITE 953118 248 251
WRITE 671677 374 72
WRITE 558059 19 156
READ 27392 807 0
READ 98049 762 0
WRITE 302546 911 68
WRITE 381026 256 187
WRITE 839291 755 167
READ 612543 992 0
READ 87372 869 0
WRITE 313479 658 1
WRITE 19109 633 178
WRITE 617714 897 32
WRITE 110522 889 199
READ 937026 738 0
READ 276487 908 0
WRITE 457544 141 128
READ 854056 378 0
WRITE 469231 732 102
WRITE 563159 801 215
WRITE 413113 988 78
READ 517792 478 0
READ 140160 630 0
READ 485254 818 0
WRITE 81771 913 197
READ 588912 658 0
READ 20529 577 0
WRITE 18197 452 140
READ 245627 79 0
WRITE 1013477 71 90
READ 495167 527 0
WRITE 841024 25 147
READ 747855 659 0
WRITE 907520 494 197
READ 908109 36 0
WRITE 274903 441 64
WRITE 467907 472 235
READ 245251 391 0
WRITE 719933 65 249
READ 252341 614 0
WRITE 926605 1018 206
WRITE 635510 621 235
READ 551306 180 0
WRITE 427989 877 120
READ 414215 736 0
WRITE 263852 278 73
READ 650840 777 0
WRITE 669987 711 1
WRITE 257973 35 72
WRITE 244210 446 230
WRITE 1033252 918 154
WRITE 860751 730 95
WRITE 24661 70 170
WRITE 669660 995 28
WRITE 86928 962 209
WRITE 6131 462 101
READ 719099 233 0
WRITE 828265 631 160
WRITE 134684 125 129
WRITE 999729 253 109
WRITE 556162 145 12
WRITE 540239 730 187
WRITE 748828 287 242
WRITE 575222 816 27
READ 125531 998 0
WRITE 186276 222 16
WRITE 31239 161 200
READ 120350 436 0
WRITE 515259 677 10
READ 13672 286 0
WRITE 782556 318 53
READ 675849 298 0
WRITE 542668 714 55
READ 440501 486 0
READ 84246 632 0
READ 418389 44 0
WRITE 5379 517 84
READ 190880 76 0
WRITE 1005126 220 156
WRITE 532007 979 160
READ 897950 566 0
READ 636999 783 0
WRITE 790361 382 244
WRITE 426324 1015 38
WRITE 879243 255 58
READ 216738 727 0
WRITE 569026 866 240
WRITE 237800 154 79
WRITE 309325 803 25
READ 296796 1001 0
WRITE 347429 457 3
READ 390502 981 0
WRITE 382214 889 129
READ 969763 431 0
WRITE 78221 368 189
READ 241315 598 0
READ 65361 197 0
WRITE 545336 36 155
READ 310084 441 0
READ 63002 756 0
WRITE 259764 978 104
WRITE 459511 725 120
WRITE 630069 191 130
WRITE 850158 351 59
READ 876381 701 0
READ 184575 426 0
WRITE 360854 860 191
WRITE 339364 679 98
WRITE 774129 405 43
READ 396483 102 0
WRITE 950168 25 81
WRITE 187017 694 60
READ 630520 659 0
WRITE 203132 636 194
READ 838354 687 0
READ 799818 290 0
READ 463988 94 0
WRITE 251248 573 118
WRITE 559189 52 16
READ 763545 722 0
READ 809005 905 0
READ 986397 835 0
WRITE 478502 184 75
READ 946200 563 0
READ 81735 102 0
WRITE 609032 119 164
WRITE 369505 624 9
WRITE 10658 209 204
READ 452244 922 0
WRITE 38809 601 247
WRITE 718715 134 242
READ 296468 800 0
WRITE 798653 473 226
WRITE 231154 881 129
WRITE 953681 651 51
READ 646546 294 0
READ 32702 641 0
READ 726649 71 0
WRITE 136744 812 93
WRITE 809390 469 106
WRITE 82125 947 229
READ 228314 637 0
WRITE 995557 78 156
READ 200179 940 0
READ 874665 174 0
READ 87619 741 0
WRITE 721939 886 87
READ 289535 845 0
READ 885391 336 0
READ 19882 416 0
WRITE 331929 464 57
WRITE 136397 102 85
WRITE 384648 50 169
WRITE 467165 546 101
WRITE 856630 73 251
WRITE 863067 935 53
WRITE 1046276 531 230
WRITE 496481 920 107
WRITE 685249 93 5
READ 222331 509 0
READ 756280 461 0
WRITE 383846 696 198
WRITE 498049 494 158
WRITE 664924 579 219
WRITE 960766 404 134
READ 46907 829 0
WRITE 640534 209 102
READ 864529 613 0
WRITE 754586 541 103
WRITE 997554 180 129
WRITE 303702 712 124
READ 228537 75 0
READ 483216 180 0
WRITE 874966 866 68
WRITE 56788 184 224
WRITE 18828 855 50
READ 938321 663 0
READ 478246 684 0
WRITE 817113 905 25
WRITE 474844 432 237
READ 701649 724 0
WRITE 584228 187 46
READ 874711 243 0
WRITE 761672 286 18
WRITE 496250 109 113
WRITE 231523 663 218
WRITE 804987 696 117
WRITE 306466 325 113
WRITE 625080 1020 29
WRITE 19426 328 216
WRITE 565944 946 23
WRITE 238627 467 156
READ 855158 967 0
WRITE 865602 57 79
WRITE 222078 590 27
WRITE 991722 834 118
WRITE 349856 264 243
WRITE 560339 196 174
WRITE 122240 98 30
WRITE 127098 338 49
READ 496697 189 0
READ 515557 1008 0
READ 190736 983 0
WRITE 49674 341 190
WRITE 345540 553 37
WRITE 160924 243 34
WRITE 904925 268 69
WRITE 931616 180 183
WRITE 570743 743 213
WRITE 247630 664 252
WRITE 130336 639 25
READ 33239 682 0
WRITE 988419 977 239
READ 499984 519 0
WRITE 402640 739 197
WRITE 281655 49 191
WRITE 573961 515 253
WRITE 545892 671 176
READ 966827 363 0
READ 585981 22 0
READ 675520 77 0
WRITE 40477 961 164
READ 879620 446 0
READ 208475 714 0
WRITE 339720 424 177
WRITE 138948 889 54
READ 578204 987 0
READ 154163 546 0
WRITE 1027809 1012 213
WRITE 825526 196 218
WRITE 1038293 826 138
WRITE 658433 867 234
READ 271518 818 0
WRITE 88682 971 45
WRITE 256914 294 126
WRITE 417103 506 90
WRITE 899177 790 20
READ 882303 568 0
WRITE 374911 1017 0
READ 314808 259 0
WRITE 613337 417 125
WRITE 91778 39 103
WRITE 936147 899 110
READ 589415 79 0
WRITE 426143 669 117
WRITE 958964 873 210
READ 549372 670 0
WRITE 952678 981 228
WRITE 768790 1 58
READ 465580 428 0
WRITE 703807 260 75
WRITE 493976 567 57
WRITE 810093 243 249
READ 975190 702 0
READ 918969 787 0
READ 617917 424 0
WRITE 7517 893 72
WRITE 404755 793 103
WRITE 1003733 577 143
WRITE 254571 194 16
WRITE 206357 722 176
READ 304232 574 0
READ 1017972 936 0
WRITE 467513 139 233
WRITE 392905 358 143
READ 957463 355 0
WRITE 763799 734 29
WRITE 114291 145 240
WRITE 131405 988 181
READ 745330 168 0
READ 1037779 242 0
WRITE 134975 412 52
WRITE 765929 762 109
WRITE 404778 18 87
WRITE 989049 511 9
READ 418534 888 0
READ 840392 1022 0
READ 590189 156 0
WRITE 187785 956 157
WRITE 847086 390 126
WRITE 935096 718 112
WRITE 328325 937 78
WRITE 636207 981 22
READ 318950 231 0
READ 218067 504 0
WRITE 558253 963 117
WRITE 655385 195 36
WRITE 257129 281 75
WRITE 845843 676 218
WRITE 358923 269 208
WRITE 858349 852 235
WRITE 403050 879 199
READ 356963 313 0
WRITE 522402 361 213
READ 647429 797 0
READ 927784 553 0
WRITE 90041 282 179
WRITE 66986 709 14
WRITE 576184 441 115
WRITE 617999 387 153
WRITE 189043 332 76
WRITE 795994 526 138
WRITE 567053 73 21
READ 86695 943 0
WRITE 216176 795 59
READ 552043 58 0
WRITE 593999 55 100
WRITE 1004995 539 194
READ 385398 42 0
WRITE 908239 359 89
WRITE 532205 225 215
WRITE 100314 804 135
WRITE 974503 895 179
WRITE 430133 766 173
WRITE 639500 375 171
WRITE 425759 766 82
READ 666782 862 0
READ 866224 175 0
READ 543033 678 0
READ 764518 396 0
WRITE 1011624 951 134
READ 836773 309 0
READ 396955 987 0
WRITE 1004104 261 79
READ 745125 492 0
READ 802874 405 0
WRITE 119923 293 215
WRITE 784912 697 16
READ 430557 563 0
WRITE 435944 104 74
READ 185852 252 0
READ 741880 279 0
WRITE 211567 926 29
WRITE 612011 1014 49
WRITE 297735 413 46
WRITE 139369 731 46
WRITE 848078 430 219
READ 599781 249 0
WRITE 810680 944 175
WRITE 757435 527 170
WRITE 671409 494 247
READ 595257 563 0
READ 33956 928 0
WRITE 332758 614 3
READ 947264 489 0
WRITE 523620 993 112
WRITE 257362 331 234
READ 954042 570 0
READ 308603 53 0
WRITE 458565 151 107
WRITE 143735 70 171
WRITE 350300 286 1
WRITE 977240 964 130
WRITE 614699 61 19
READ 839275 66 0
READ 634165 362 0
WRITE 843989 972 112
WRITE 645144 289 208
READ 6439 780 0
READ 28287 898 0
READ 352663 163 0
WRITE 789628 516 115
WRITE 715151 925 136
READ 432738 814 0
WRITE 244233 810 241
READ 55622 291 0
READ 115618 386 0
WRITE 97285 983 46
WRITE 149580 88 97
WRITE 61765 977 46
READ 362407 405 0
WRITE 673313 255 71
READ 577383 484 0
WRITE 376571 440 135
WRITE 120564 419 51
WRITE 492462 447 16
READ 170442 919 0
READ 40348 181 0
READ 676038 731 0
WRITE 775438 879 116
WRITE 719824 758 246
WRITE 617885 887 174
WRITE 708434 252 174
WRITE 862936 190 29
READ 460697 838 0
WRITE 403120 568 123
WRITE 185798 104 147
WRITE 71163 741 52
WRITE 507509 954 103
WRITE 1032353 505 220
WRITE 807365 861 161
READ 527011 125 0
READ 712423 1019 0
READ 764844 293 0
WRITE 719740 180 83
WRITE 102524 578 176
WRITE 121196 694 233
WRITE 297790 423 90
WRITE 605396 570 196
READ 1030842 291 0
READ 831846 92 0
WRITE 559400 842 64
WRITE 409598 300 224
READ 230350 305 0
READ 151673 841 0
WRITE 214958 623 159
WRITE 395679 19 104
WRITE 1002993 624 161
WRITE 143703 240 4
WRITE 928593 108 156
WRITE 519957 468 170
WRITE 734262 162 152
WRITE 912128 701 118
WRITE 82348 749 200
WRITE 707879 73 224
WRITE 983355 876 252
WRITE 220799 1007 157
WRITE 94839 565 181
WRITE 339532 707 202
WRITE 1034697 549 134
READ 464879 946 0
WRITE 268434 43 166
WRITE 774630 135 154
WRITE 207682 502 7
WRITE 838008 933 47
READ 756774 831 0
READ 595062 293 0
WRITE 74033 661 57
WRITE 243349 434 116
WRITE 150328 734 212
WRITE 412732 958 241
READ 185744 539 0
WRITE 303456 503 191
READ 163784 434 0
WRITE 677582 320 19
WRITE 144170 653 231
WRITE 282444 271 171
READ 621112 45 0
READ 439758 680 0
WRITE 628834 86 228
WRITE 81646 468 157
READ 354887 529 0
WRITE 770599 197 41
WRITE 948138 23 241
WRITE 655857 43 251
WRITE 39248 836 114
READ 729949 371 0
WRITE 743967 534 172
READ 72125 638 0
READ 1012224 644 0
WRITE 130598 602 219
READ 574489 229 0
READ 144935 685 0
READ 602975 646 0
READ 87251 261 0
READ 221070 38 0
WRITE 1016138 670 131
WRITE 574837 202 244
READ 719938 421 0
WRITE 711604 359 5
WRITE 728531 866 245
READ 585817 461 0
WRITE 132117 377 221
WRITE 739234 116 148
WRITE 334239 512 223
READ 800544 940 0
WRITE 1959 636 253
WRITE 485671 987 189
WRITE 227476 795 159
WRITE 1004992 705 178
WRITE 928144 259 198
WRITE 162732 970 60
READ 402147 415 0
READ 465608 280 0
READ 744571 383 0
WRITE 1018412 289 118
WRITE 856174 672 233
READ 89814 967 0
READ 13081 508 0
READ 952467 511 0
WRITE 462261 415 151
READ 499620 352 0
READ 948599 190 0
WRITE 984418 457 107
WRITE 981893 952 195
READ 635090 485 0
WRITE 672245 630 79
READ 717551 725 0
READ 238062 756 0
WRITE 1006154 679 210
WRITE 173023 297 192
WRITE 330573 703 227
READ 311943 371 0
WRITE 194808 298 183
READ 789223 159 0
WRITE 343864 608 218
READ 432728 651 0
READ 428503 427 0
WRITE 557507 644 101
WRITE 11863 1023 66
READ 36791 117 0
WRITE 888838 498 56
READ 735276 734 0
WRITE 42062 95 209
WRITE 795217 129 170
WRITE 642274 913 6
WRITE 519319 511 67
WRITE 756446 963 134
WRITE 856937 891 221
WRITE 561208 956 195
WRITE 187433 24 100
WRITE 1014524 134 177
WRITE 583428 945 216
WRITE 107647 159 200
WRITE 699266 474 231
WRITE 534095 200 240
READ 656952 288 0
WRITE 24460 161 180
WRITE 308911 379 182
READ 643133 1023 0
WRITE 517419 593 235
READ 199644 781 0
WRITE 129753 247 153
WRITE 783079 18 161
READ 182763 574 0
WRITE 227233 845 7
WRITE 983146 227 53
WRITE 1017522 356 91
WRITE 869222 823 172
WRITE 966942 871 182
WRITE 671552 112 232
READ 70759 169 0
READ 319326 175 0
WRITE 181530 593 111
WRITE 819150 195 200
WRITE 1035584 489 42
WRITE 169977 728 91
WRITE 1002368 55 126
READ 45576 619 0
WRITE 1014018 990 151
WRITE 199213 749 66
WRITE 899456 397 193
READ 159231 960 0
READ 1043105 280 0
READ 66578 204 0
WRITE 660958 690 16
WRITE 287626 413 107
WRITE 582390 80 250
WRITE 270934 573 98
READ 200823 995 0
WRITE 708648 290 42
READ 154619 512 0
WRITE 227802 126 34
WRITE 719183 237 65
WRITE 373888 800 31
WRITE 768126 396 254
READ 923068 284 0
READ 146024 64 0
READ 283424 581 0
WRITE 915985 894 22
WRITE 127154 135 254
READ 431074 460 0
READ 199436 646 0
READ 416027 689 0
WRITE 698916 579 58
READ 830232 971 0
WRITE 709371 14 206
READ 142798 698 0
WRITE 639683 314 201
WRITE 814762 781 97
READ 421119 291 0
WRITE 867131 224 193
WRITE 424463 998 10
WRITE 948357 724 193
WRITE 483322 855 117
WRITE 957414 928 144
WRITE 49064 21 191
WRITE 505304 136 143
WRITE 826813 292 198
WRITE 715175 272 231
WRITE 132044 503 228
READ 1010598 735 0
READ 846678 467 0
WRITE 94531 168 216
READ 17425 845 0
WRITE 163060 705 33
READ 624947 198 0
WRITE 139288 889 198
READ 206311 132 0
WRITE 983047 467 84
WRITE 991418 834 88
WRITE 677055 530 2
WRITE 119343 155 207
READ 224241 585 0
WRITE 233500 975 253
WRITE 608735 825 151
WRITE 693704 607 137
WRITE 357961 487 91
WRITE 908302 410 157
WRITE 837784 249 3
WRITE 579613 293 237
READ 939179 337 0
WRITE 306895 414 229
WRITE 144040 91 195
WRITE 400306 623 168
WRITE 420844 368 96
WRITE 321126 644 235
WRITE 497138 885 226
WRITE 494248 224 226
READ 549725 747 0
WRITE 779192 535 149
WRITE 956686 946 37
WRITE 429620 89 148
READ 431590 641 0
WRITE 913923 393 251
WRITE 590741 983 180
READ 769859 173 0
WRITE 703565 286 230
WRITE 93157 849 52
READ 58634 1013 0
READ 337137 547 0
WRITE 618036 287 195
READ 433664 15 0
WRITE 621181 623 23
READ 585940 262 0
READ 266658 631 0
WRITE 329979 757 26
WRITE 995545 548 172
READ 635553 855 0
WRITE 779706 22 136
READ 834950 599 0
WRITE 995476 614 106
READ 302951 706 0
WRITE 520147 538 10
WRITE 900422 6 169
READ 99652 980 0
WRITE 690183 407 181
WRITE 1003369 540 246
WRITE 618770 883 51
WRITE 786812 913 219
READ 315459 781 0
READ 537458 226 0
WRITE 970233 597 14
READ 80221 113 0
WRITE 394667 449 10
WRITE 705824 560 114
READ 538586 291 0
READ 345832 956 0
WRITE 789230 270 126
READ 962219 639 0
WRITE 100677 978 117
WRITE 111583 215 116
WRITE 954618 237 42
WRITE 984932 905 62
WRITE 251716 121 239
READ 666099 865 0
WRITE 798178 783 190
READ 451306 570 0
WRITE 879052 78 14
WRITE 246361 634 206
WRITE 436729 677 182
WRITE 373909 534 74
WRITE 597365 239 136
WRITE 294330 261 20
READ 239403 314 0
WRITE 1011253 804 52
READ 559920 644 0
READ 568309 937 0
READ 616137 754 0
WRITE 320342 965 229
WRITE 177547 637 189
READ 588500 50 0
READ 138920 190 0
READ 819489 25 0
WRITE 97359 313 238
READ 983156 941 0
WRITE 939845 145 202
WRITE 29496 47 165
READ 214705 233 0
READ 152861 250 0
WRITE 595144 298 85
WRITE 750741 661 102
READ 832008 913 0
WRITE 901621 346 53
WRITE 420083 879 216
WRITE 83877 23 143
READ 481057 876 0
WRITE 332359 656 117
READ 227253 60 0
WRITE 78974 272 67
READ 198698 1009 0
WRITE 648398 492 0
WRITE 396256 314 56
WRITE 152784 562 76
WRITE 250706 500 138
READ 207547 11 0
WRITE 798080 97 47
WRITE 421464 719 85
WRITE 996177 942 253
READ 16677 477 0
WRITE 413318 26 30
WRITE 685475 680 51
WRITE 966110 287 39
READ 632606 313 0
READ 498898 119 0
READ 210375 496 0
WRITE 561457 8 25
READ 1007454 104 0
WRITE 977679 7 176
WRITE 1038331 278 220
READ 335063 226 0
WRITE 74710 602 58
WRITE 983555 420 247
WRITE 1025962 25 165
WRITE 700604 45 162
WRITE 70254 796 5
READ 989779 547 0
WRITE 464595 307 86
WRITE 233465 873 18
READ 75900 653 0
WRITE 394543 832 115
READ 434146 159 0
WRITE 555846 440 65
READ 789791 820 0
READ 926957 896 0
WRITE 917567 427 1
WRITE 343731 748 168
WRITE 961966 98 214
READ 112254 409 0
READ 997539 57 0
WRITE 179527 731 121
WRITE 219255 436 152
WRITE 644555 222 87
WRITE 981279 989 230
WRITE 295497 1017 52
WRITE 128349 836 13
WRITE 281431 524 21
READ 928829 544 0
READ 50998 892 0
READ 782368 495 0
READ 543138 57 0
WRITE 786857 973 155
WRITE 623433 468 41
WRITE 630728 597 59
WRITE 303222 188 152
WRITE 221674 136 225
READ 603566 867 0
READ 403738 314 0
READ 681652 664 0
READ 850484 409 0
WRITE 931238 509 143
READ 883416 288 0
WRITE 283486 650 169
WRITE 841211 695 247
WRITE 224083 795 99
READ 122553 912 0
WRITE 52406 105 168
WRITE 538854 418 199
WRITE 904811 276 203
READ 275466 349 0
WRITE 984788 645 46
READ 899680 744 0
WRITE 274570 544 212
READ 113156 968 0
WRITE 379313 295 133
WRITE 50765 17 92
WRITE 15758 742 113
READ 225123 1019 0
WRITE 381633 192 237
READ 208631 608 0
WRITE 843850 470 34
WRITE 981320 566 21
READ 499855 555 0
READ 798884 595 0
WRITE 1004378 392 35
READ 308531 857 0
READ 701258 961 0
READ 142101 824 0
WRITE 510322 984 249
WRITE 764756 989 68
READ 21368 830 0
READ 432695 68 0
READ 1042626 634 0
WRITE 519956 937 56
READ 87918 709 0
READ 856548 818 0
WRITE 405665 609 192
READ 692526 652 0
WRITE 275961 895 36
WRITE 633334 501 83
READ 11957 625 0
WRITE 435625 311 168
READ 600075 65 0
WRITE 130060 628 134
WRITE 894938 14 59
WRITE 204020 643 242
READ 95856 336 0
READ 508731 430 0
WRITE 594572 944 112
WRITE 807011 799 79
WRITE 67576 463 95
WRITE 580243 190 252
WRITE 844094 830 16
WRITE 862400 770 155
WRITE 541453 491 6
WRITE 248780 928 204
WRITE 791813 329 3
READ 131341 886 0
WRITE 189318 308 76
WRITE 101671 93 182
WRITE 566520 880 44
WRITE 1036741 649 38
WRITE 919095 207 0
READ 678443 887 0
WRITE 2053 604 9
READ 173903 973 0
WRITE 834984 53 41
READ 161792 414 0
WRITE 819022 282 97
WRITE 13017 282 0
WRITE 88108 829 55
READ 771048 496 0
WRITE 265308 293 15
WRITE 918415 131 166
READ 618282 230 0
WRITE 789751 874 148
WRITE 621074 787 9
WRITE 66157 134 10
WRITE 505928 175 233
READ 827838 514 0
WRITE 51442 168 89
READ 495614 826 0
WRITE 29609 684 1
READ 479410 270 0
READ 980703 554 0
READ 181308 290 0
READ 426696 641 0
WRITE 624744 558 134
WRITE 176511 164 139
WRITE 234464 858 182
WRITE 844881 1003 37
READ 321380 725 0
WRITE 76581 461 237
WRITE 460390 832 95
WRITE 1025148 951 7
READ 317630 414 0
READ 413529 152 0
READ 466517 228 0
READ 615920 504 0
WRITE 947577 262 17
WRITE 532142 44 227
READ 193997 491 0
READ 198118 314 0
WRITE 68767 1020 42
WRITE 228297 93 220
WRITE 768926 413 151
WRITE 193690 188 219
WRITE 674134 363 107
READ 105513 419 0
READ 792897 162 0
WRITE 596812 1022 148
WRITE 966837 901 127
WRITE 850863 759 111
WRITE 870973 5 175
READ 10394 567 0
READ 399891 187 0
READ 1030876 354 0
WRITE 144305 879 2
WRITE 332297 146 89
READ 804851 82 0
WRITE 891667 519 98
WRITE 128136 335 162
WRITE 1046836 639 216
WRITE 577729 994 8
READ 720196 182 0
WRITE 273796 38 28
WRITE 526230 223 9
WRITE 672099 201 117
WRITE 303786 65 102
WRITE 685443 626 76
WRITE 930800 432 250
WRITE 614641 920 238
READ 421022 338 0
WRITE 926059 860 143
WRITE 971324 516 65
READ 178990 619 0
WRITE 640895 628 158
READ 728806 596 0
READ 999796 188 0
WRITE 843710 768 200
WRITE 969890 501 31
WRITE 296896 1004 151
READ 215985 447 0
READ 793805 31 0
WRITE 70207 944 189
WRITE 809424 634 168
WRITE 163093 656 253
WRITE 499682 59 241
WRITE 355385 797 253
WRITE 187745 269 83
READ 16197 839 0
WRITE 210031 687 179
WRITE 309833 748 190
WRITE 415038 373 206
WRITE 48234 893 190
WRITE 549772 34 184
WRITE 972099 734 208
WRITE 318130 271 127
READ 811057 299 0
WRITE 604264 367 29
READ 811193 731 0
WRITE 617343 833 87
WRITE 650841 746 210
WRITE 807497 909 23
READ 484172 770 0
WRITE 907660 502 88
WRITE 356027 86 100
WRITE 145136 282 157
WRITE 108602 392 1
WRITE 686055 33 173
WRITE 756658 975 34
WRITE 798842 874 116
WRITE 320931 521 125
READ 494508 435 0
READ 896803 133 0
READ 277097 260 0
WRITE 623340 161 236
WRITE 1032829 395 33
WRITE 640280 45 128
READ 322365 897 0
WRITE 577880 271 184
WRITE 567187 305 40
WRITE 161952 770 13
WRITE 672581 402 22
WRITE 682795 753 169
WRITE 210427 216 246
WRITE 845205 165 241
WRITE 33743 521 165
WRITE 152015 938 77
WRITE 332408 952 188
WRITE 608779 564 102
WRITE 26086 724 4
READ 163890 674 0
READ 309152 227 0
READ 505925 60 0
READ 941283 878 0
READ 65351 828 0
WRITE 748258 436 253
WRITE 173797 685 223
WRITE 51508 69 84
WRITE 283920 350 184
WRITE 493156 812 164
WRITE 184707 499 15
WRITE 384688 214 236
READ 303684 966 0
READ 622977 950 0
READ 121687 207 0
WRITE 651804 130 128
WRITE 680549 115 179
WRITE 669635 134 80
WRITE 269272 711 226
READ 999649 1006 0
READ 17596 1015 0
READ 1016665 891 0
WRITE 65830 629 46
WRITE 248202 161 89
WRITE 455347 7 249
WRITE 699164 274 143
WRITE 987181 981 64
WRITE 560026 294 249
READ 14395 464 0
WRITE 82101 171 73
WRITE 91260 523 34
WRITE 691247 169 88
READ 527312 652 0
WRITE 851686 556 67
WRITE 371217 231 16
WRITE 568874 63 153
WRITE 586037 199 125
READ 823821 192 0
WRITE 514616 486 166
WRITE 155968 350 13
READ 273351 260 0
READ 459725 490 0
WRITE 597362 437 98
WRITE 385997 499 62
READ 593053 757 0
READ 1021409 538 0
WRITE 418363 502 168
WRITE 948011 803 72
WRITE 504491 800 46
WRITE 24808 754 186
WRITE 524726 199 218
WRITE 437435 339 32
READ 445632 573 0
READ 435789 333 0
WRITE 12181 498 19
WRITE 313101 174 100
WRITE 1024149 830 12
WRITE 188613 535 78
WRITE 91377 412 159
WRITE 966684 772 81
WRITE 849254 261 224
WRITE 595887 269 123
WRITE 962831 119 205
READ 1006064 1008 0
WRITE 981089 1015 10
READ 896602 783 0
READ 662188 139 0
READ 798283 862 0
READ 977388 428 0
WRITE 2041 351 158
WRITE 343103 274 185
READ 725033 696 0
WRITE 495465 664 108
WRITE 563727 891 27
READ 1034652 976 0
READ 391554 802 0
WRITE 2534 507 18
WRITE 821488 170 68
WRITE 901125 562 225
WRITE 206471 705 219
WRITE 355258 156 9
WRITE 722267 969 159
WRITE 263860 284 90
READ 477513 644 0
READ 153818 458 0
READ 21005 800 0
READ 862775 933 0
WRITE 337339 1016 101
READ 561312 100 0
WRITE 724260 216 221
READ 588332 283 0
READ 599168 551 0
WRITE 754657 694 102
READ 256009 856 0
READ 723145 871 0
READ 158144 969 0
WRITE 484034 510 203
READ 360030 794 0
WRITE 628004 9 17
READ 106249 537 0
WRITE 762522 104 43
READ 291286 804 0
WRITE 907784 381 195
WRITE 796178 1004 122
WRITE 41079 772 202
WRITE 109038 862 43
READ 972893 266 0
READ 850119 73 0
READ 167920 996 0
WRITE 1041735 707 96
READ 214736 769 0
WRITE 26478 159 202
READ 1040890 974 0
WRITE 563991 938 219
WRITE 317877 775 216
READ 144195 96 0
READ 480413 34 0
READ 552704 112 0
WRITE 84931 278 53
READ 729233 309 0
WRITE 378417 272 215
WRITE 30776 712 74
WRITE 555975 660 114
WRITE 490932 793 137
WRITE 266204 997 57
READ 336018 175 0
WRITE 417869 669 181
WRITE 326435 337 103
WRITE 570068 190 204
READ 793752 53 0
WRITE 514780 926 61
WRITE 414856 642 241
READ 159952 136 0
READ 854404 613 0
READ 814033 392 0
READ 120722 164 0
READ 1040855 378 0
WRITE 882181 867 151
READ 41298 157 0
READ 567623 620 0
READ 850776 518 0
WRITE 474715 609 40
WRITE 717324 955 35
WRITE 986520 315 103
WRITE 148750 345 141
WRITE 403703 885 81
WRITE 44559 671 11
WRITE 110491 192 26
READ 336975 759 0
WRITE 201598 331 238
WRITE 115074 950 76
WRITE 738386 947 38
WRITE 23440 256 38
READ 190353 142 0
READ 781018 504 0
WRITE 326007 965 45
READ 14451 502 0
READ 652402 351 0
READ 82050 291 0
WRITE 847705 673 169
READ 535518 248 0
WRITE 357012 769 95
READ 830975 620 0
WRITE 1034894 908 110
WRITE 997921 647 151
WRITE 280977 655 254
WRITE 931506 681 50
READ 348905 499 0
READ 470680 772 0
WRITE 268141 25 110
WRITE 467076 411 216
READ 964157 441 0
READ 496852 625 0
READ 481042 324 0
WRITE 449556 126 140
WRITE 39469 737 103
READ 1038253 208 0
WRITE 907461 727 148
WRITE 727391 688 40
READ 616426 96 0
READ 118748 3 0
WRITE 435226 940 99
READ 658643 13 0
READ 788163 998 0
READ 627660 535 0
WRITE 551261 187 146
WRITE 631780 327 197
WRITE 435316 655 207
READ 402499 943 0
WRITE 98265 795 212
WRITE 105854 600 43
WRITE 798010 847 199
WRITE 772289 666 195
WRITE 816462 130 130
WRITE 907289 308 159
READ 376539 962 0
WRITE 418412 721 51
WRITE 779745 723 205
READ 241012 657 0
WRITE 531119 146 255
READ 791413 271 0
WRITE 920686 968 231
WRITE 688536 423 111
WRITE 613723 33 219
WRITE 849008 46 234
WRITE 80228 596 52
READ 496345 631 0
WRITE 771298 540 217
WRITE 913303 459 95
WRITE 810308 73 84
WRITE 700842 945 178
READ 875373 845 0
WRITE 349241 948 59
READ 1033271 991 0
READ 224295 107 0
WRITE 325149 668 32
WRITE 1020646 499 243
READ 419957 245 0
READ 332931 182 0
WRITE 27444 787 50
READ 262831 231 0
WRITE 899067 971 7
WRITE 836847 983 37
READ 603504 599 0
WRITE 326410 716 97
READ 615276 571 0
WRITE 137126 580 202
WRITE 454689 754 51
READ 299253 859 0
WRITE 262468 357 198
WRITE 749058 983 31
WRITE 822612 243 43
WRITE 866926 734 71
WRITE 614713 206 155
READ 995047 963 0
READ 87531 813 0
READ 523036 228 0
READ 781221 656 0
WRITE 715345 909 136
WRITE 783146 342 205
WRITE 628091 629 79
WRITE 323926 13 177
READ 496794 565 0
WRITE 83920 867 114
READ 158917 898 0
WRITE 720848 209 251
WRITE 662782 447 125
READ 201711 776 0
READ 775866 302 0
WRITE 648208 997 135
WRITE 169574 585 97
WRITE 1030880 561 167
READ 898740 490 0
WRITE 391231 75 163
WRITE 139333 52 129
READ 997533 1010 0
READ 785032 356 0
READ 137546 298 0
WRITE 168350 934 209
WRITE 580490 185 108
READ 45580 27 0
READ 449472 153 0
READ 441819 640 0
WRITE 362002 421 151
READ 245952 888 0
WRITE 275131 457 132
READ 871796 1023 0
WRITE 842265 418 244
READ 37980 740 0
READ 994870 199 0
WRITE 921006 59 250
WRITE 329166 309 222
WRITE 530270 203 149
READ 34983 889 0
WRITE 638410 342 43
READ 557779 54 0
WRITE 298977 238 238
WRITE 197827 458 215
WRITE 810250 849 55
WRITE 484850 202 219
WRITE 107886 303 110
WRITE 930263 833 16
WRITE 30253 182 98
WRITE 38396 96 231
READ 156479 988 0
WRITE 1038125 127 179
READ 401129 98 0
READ 626076 833 0
READ 1022665 136 0
WRITE 376714 155 193
WRITE 904858 612 101
WRITE 865222 814 189
WRITE 793201 392 88
READ 25441 769 0
READ 664597 962 0
WRITE 935824 181 32
WRITE 103375 862 199
WRITE 747303 138 11
WRITE 949952 925 143
READ 947232 286 0
READ 77472 781 0
WRITE 793537 729 188
WRITE 411126 350 75
WRITE 741096 651 233
READ 136202 83 0
WRITE 63975 514 255
READ 37011 849 0
WRITE 37975 740 148
READ 789028 344 0
WRITE 3779 348 65
WRITE 952825 461 116
WRITE 716998 344 251
WRITE 654348 839 126
READ 989175 642 0
READ 416298 966 0
WRITE 647128 132 148
WRITE 831256 745 70
WRITE 390381 14 158
READ 195159 492 0
WRITE 974601 777 13
READ 703205 337 0
WRITE 795293 698 220
READ 1021831 943 0
WRITE 700459 970 138
WRITE 284523 27 134
WRITE 311085 119 55
READ 37265 633 0
WRITE 703453 588 80
WRITE 587284 217 221
WRITE 443104 724 136
WRITE 344816 375 165
READ 328420 162 0
READ 669876 461 0
READ 218487 951 0
WRITE 384885 9 188
READ 18555 902 0
READ 827945 118 0
WRITE 1007388 305 216
WRITE 118234 54 215
READ 410293 958 0
WRITE 178471 644 2
WRITE 844949 522 17
READ 948660 801 0
WRITE 332821 938 26
WRITE 712534 481 22
WRITE 1043253 560 176
WRITE 709019 872 116
WRITE 800033 314 56
READ 521122 389 0
WRITE 1031793 823 147
READ 991268 445 0
READ 416346 150 0
WRITE 210199 597 154
WRITE 787384 574 145
WRITE 136135 830 0
WRITE 514909 201 27
WRITE 16377 980 199
WRITE 725701 47 108
WRITE 320656 419 62
WRITE 1022455 256 70
READ 679818 333 0
WRITE 846352 806 21
READ 280849 389 0
WRITE 207500 186 240
WRITE 723690 813 202
READ 615818 355 0
WRITE 326006 141 231
READ 502375 683 0
READ 1016859 746 0
WRITE 431649 369 169
READ 281279 912 0
READ 882326 157 0
READ 810557 560 0
WRITE 738771 607 48
READ 959203 420 0
WRITE 49890 738 240
WRITE 846445 778 70
WRITE 184215 820 74
WRITE 958951 58 191
WRITE 427351 61 14
WRITE 33052 101 254
READ 401473 1007 0
WRITE 112647 765 184
WRITE 80678 657 100
READ 908270 130 0
WRITE 348088 94 186
WRITE 121452 559 154
READ 706323 612 0
READ 524739 815 0
READ 692958 436 0
READ 511217 105 0
READ 43715 425 0
WRITE 752453 606 48
READ 332543 664 0
WRITE 818080 140 113
WRITE 818835 571 118
WRITE 320187 2 19
READ 708788 819 0
WRITE 64859 447 198
WRITE 452866 519 125
WRITE 153823 155 192
WRITE 812845 564 119
WRITE 166452 462 107
READ 37043 964 0
WRITE 1038899 715 55
READ 400183 218 0
WRITE 692267 531 53
WRITE 952674 717 113
READ 986979 295 0
READ 579199 65 0
WRITE 114161 374 189
READ 419629 781 0
WRITE 903435 260 232
READ 87678 808 0
WRITE 911438 195 201
WRITE 980027 853 2
WRITE 915215 678 42
READ 114941 374 0
WRITE 505347 116 148
WRITE 671438 709 30
READ 254526 549 0
WRITE 699431 263 228
READ 307225 375 0
READ 1006996 394 0
WRITE 792731 832 84
WRITE 802295 359 88
READ 223510 736 0
READ 779402 159 0
WRITE 354092 918 162
WRITE 883311 746 109
WRITE 478700 624 43
READ 169615 957 0
WRITE 516078 145 219
READ 601616 527 0
WRITE 393033 911 241
WRITE 938766 71 185
WRITE 715247 812 198
READ 18422 485 0
WRITE 1033414 1011 31
WRITE 306720 626 24
READ 89409 386 0
READ 774786 167 0
WRITE 741486 866 163
WRITE 202129 638 61
WRITE 537699 756 67
READ 545559 994 0
READ 624267 653 0
WRITE 649077 748 208
WRITE 651044 309 200
WRITE 202459 488 166
READ 905700 433 0
WRITE 381528 410 68
WRITE 749214 882 236
WRITE 585152 414 11
WRITE 294422 34 39
WRITE 416070 929 18
READ 756982 574 0
READ 62270 670 0
WRITE 1044192 7 85
READ 209062 266 0
WRITE 225655 631 86
WRITE 815836 1007 189
READ 147962 810 0
WRITE 606600 812 132
READ 94670 414 0
WRITE 728470 253 52
WRITE 157113 185 159
READ 341303 930 0
WRITE 520131 394 193
WRITE 841729 454 44
WRITE 161047 134 199
WRITE 751013 959 60
WRITE 369316 1 113
WRITE 714720 789 133
READ 468359 475 0
READ 662242 411 0
READ 491990 774 0
WRITE 616705 986 116
WRITE 358622 510 25
READ 184874 184 0
WRITE 350998 896 0
WRITE 367305 63 145
READ 817626 243 0
WRITE 408645 80 103
WRITE 91621 539 24
READ 1044538 841 0
WRITE 587827 548 79
WRITE 850301 455 237
WRITE 159272 864 246
READ 778030 130 0
WRITE 592336 353 251
WRITE 160843 256 116
WRITE 295427 289 200
WRITE 404619 940 241
WRITE 216368 223 47
WRITE 612119 519 32
READ 421127 75 0
WRITE 997770 571 50
WRITE 600866 314 99
WRITE 493539 729 135
WRITE 247569 382 126
WRITE 626070 802 235
READ 838127 997 0
WRITE 284612 671 98
WRITE 378586 119 166
WRITE 120310 7 192
WRITE 556984 883 139
READ 853655 910 0
READ 675138 813 0
WRITE 778761 935 6
READ 242472 491 0
READ 391811 838 0
READ 197213 583 0
WRITE 769831 17 178
WRITE 148768 204 140
WRITE 37272 241 86
WRITE 631438 616 202
WRITE 710343 682 142
READ 793030 315 0
READ 796419 942 0
WRITE 180259 49 195
WRITE 361408 563 10
WRITE 725896 5 120
WRITE 668078 685 189
WRITE 466967 933 228
WRITE 894297 128 63
WRITE 438578 362 65
WRITE 516640 450 240
READ 52449 461 0
WRITE 741934 320 33
READ 248312 183 0
READ 424856 917 0
WRITE 557634 896 37
READ 918515 287 0
WRITE 300903 825 240
WRITE 404274 532 191
WRITE 881460 384 127
READ 928926 487 0
READ 554304 835 0
READ 365899 205 0
WRITE 917743 961 53
READ 385034 89 0
READ 802038 321 0
WRITE 933641 615 63
READ 669463 324 0
READ 609898 988 0
WRITE 369251 615 110
WRITE 819241 693 167
WRITE 77235 695 147
WRITE 1016122 349 231
WRITE 143009 158 244
WRITE 773875 216 251
READ 567455 191 0
READ 264042 389 0
READ 660471 506 0
READ 983797 801 0
WRITE 285967 164 59
READ 507557 292 0
WRITE 828001 12 34
READ 813056 787 0
WRITE 324205 631 32
WRITE 966575 801 100
WRITE 346023 611 229
WRITE 783259 689 106
READ 526826 281 0
WRITE 495021 171 106
WRITE 674126 946 140
WRITE 217106 483 152
WRITE 870348 147 59
READ 139646 186 0
WRITE 540202 538 91
WRITE 266451 875 113
READ 903297 387 0
WRITE 847348 523 23
WRITE 415103 609 174
WRITE 1037598 181 24
READ 376165 816 0
READ 3774 280 0
READ 13753 209 0
WRITE 1025266 819 202
READ 844341 570 0
READ 164563 933 0
WRITE 587902 468 70
WRITE 700192 855 250
WRITE 1017184 677 246
READ 843238 4 0
WRITE 845111 169 4
WRITE 672960 732 212
READ 580533 611 0
READ 102014 533 0
READ 854863 586 0
WRITE 233132 303 241
READ 464621 292 0
READ 806044 951 0
WRITE 233638 528 21
READ 923205 635 0
WRITE 375416 802 205
WRITE 825440 638 102
WRITE 844203 17 33
WRITE 510733 41 0
READ 1024945 724 0
WRITE 301407 42 89
WRITE 291989 3 142
WRITE 126167 64 55
WRITE 924933 560 238
WRITE 914689 410 94
READ 744104 312 0
WRITE 591856 696 123
WRITE 346757 957 63
WRITE 39083 382 110
READ 906514 640 0
READ 962549 452 0
READ 724702 760 0
WRITE 426523 966 8
WRITE 769385 578 26
WRITE 671528 780 143
WRITE 597488 491 208
READ 922797 716 0
READ 205541 367 0
WRITE 282282 142 231
WRITE 640147 394 105
WRITE 1005090 509 182
READ 705471 165 0
WRITE 232310 884 198
WRITE 18857 281 33
WRITE 156295 649 154
READ 108015 220 0
WRITE 536967 136 245
WRITE 552005 159 142
READ 99965 93 0
WRITE 528748 29 164
WRITE 108862 22 175
WRITE 346111 560 193
WRITE 760920 399 24
WRITE 181491 236 13
WRITE 841092 718 66
WRITE 430476 139 157
WRITE 1024950 51 130
WRITE 351368 879 179
WRITE 1032089 675 226
READ 1041295 174 0
WRITE 777791 809 247
READ 566083 876 0
WRITE 84717 838 185
WRITE 162384 688 199
WRITE 369816 673 208
READ 73937 522 0
WRITE 406283 658 186
WRITE 193213 301 204
WRITE 357568 29 47
WRITE 770942 944 100
READ 941000 233 0
WRITE 978574 3 249
WRITE 744965 755 28
READ 615176 410 0
READ 524293 365 0
WRITE 171664 107 234
WRITE 926347 869 96
WRITE 246925 482 148
READ 240906 40 0
WRITE 356151 733 53
WRITE 162719 549 181
WRITE 1034581 732 15
WRITE 630547 608 141
WRITE 386836 877 144
READ 950491 135 0
WRITE 264869 221 164
READ 59565 13 0
READ 249884 489 0
WRITE 201528 407 61
READ 216607 412 0
READ 715169 1007 0
WRITE 181671 867 168
WRITE 188771 587 90
WRITE 727794 972 2
READ 941126 522 0
READ 435257 718 0
WRITE 977168 983 19
WRITE 90898 792 130
READ 972391 423 0
READ 152488 93 0
READ 282391 464 0
WRITE 701363 218 205
READ 742346 859 0
READ 644702 555 0
WRITE 343290 896 50
READ 813439 910 0
READ 251176 39 0
READ 535832 214 0
WRITE 963801 436 30
WRITE 58514 599 102
WRITE 285049 263 9
READ 892120 184 0
READ 338598 869 0
WRITE 359470 78 141
WRITE 562717 830 160
WRITE 693556 327 238
READ 682896 960 0
WRITE 193497 784 29
WRITE 1000774 187 3
WRITE 197230 376 186
WRITE 170570 65 175
READ 524833 777 0
WRITE 108524 230 96
WRITE 739882 92 209
WRITE 419688 51 181
WRITE 455275 326 186
WRITE 866355 589 225
WRITE 775784 536 34
WRITE 876047 897 59
WRITE 821655 1015 248
WRITE 41870 806 10
WRITE 806801 721 61
WRITE 574366 1011 221
WRITE 675801 683 133
READ 908431 680 0
READ 320989 440 0
WRITE 903155 166 223
READ 806134 958 0
READ 679151 939 0
WRITE 32936 56 183
WRITE 299808 402 85
WRITE 742259 253 58
WRITE 404744 474 27
WRITE 334337 947 177
WRITE 177571 882 236
READ 492661 421 0
WRITE 68429 412 210
WRITE 607194 713 176
WRITE 753492 927 175
READ 651092 286 0
WRITE 1002910 949 134
READ 827496 178 0
WRITE 63404 655 132
READ 591586 62 0
WRITE 691277 393 203
WRITE 464193 716 48
WRITE 472558 635 143
WRITE 181248 513 169
WRITE 204880 732 210
WRITE 617366 1000 240
WRITE 911713 697 242
WRITE 66243 319 142
WRITE 310912 355 59
WRITE 92324 381 165
WRITE 518390 568 133
WRITE 649096 640 41
WRITE 636591 978 133
WRITE 803456 671 67
WRITE 155465 840 104
WRITE 819253 470 199
READ 347357 601 0
READ 856391 508 0
WRITE 696974 213 72
WRITE 327918 63 102
WRITE 1001646 1021 25
READ 713941 686 0
READ 912561 363 0
WRITE 471860 40 180
READ 361985 508 0
WRITE 196283 942 212
READ 769176 880 0
WRITE 967492 93 253
READ 492420 494 0
WRITE 375761 890 173
WRITE 478790 346 196
WRITE 722307 959 83
WRITE 370120 553 81
WRITE 855138 574 183
READ 431643 35 0
READ 521355 540 0
WRITE 375395 751 22
WRITE 379955 628 91
WRITE 730088 983 144
WRITE 171937 276 218
READ 887587 399 0
WRITE 479301 171 156
WRITE 842440 882 218
WRITE 138443 766 242
READ 240309 427 0
READ 60721 155 0
WRITE 134199 648 34
WRITE 30921 630 142
WRITE 851456 516 217
WRITE 379435 38 119
WRITE 263103 804 71
WRITE 591660 267 230
READ 73581 106 0
WRITE 683318 1013 74
WRITE 897334 828 24
WRITE 138076 800 43
READ 205081 704 0
WRITE 976870 41 194
WRITE 530448 139 203
WRITE 92022 733 184
WRITE 149842 725 188
WRITE 442259 265 83
WRITE 366534 698 231
WRITE 693304 37 235
WRITE 884495 273 115
WRITE 977770 329 162
READ 854530 706 0
READ 282174 738 0
READ 825189 572 0
READ 340724 703 0
WRITE 15920 40 38
WRITE 663786 294 133
READ 26288 402 0
WRITE 234561 836 67
WRITE 968639 545 169
READ 42957 598 0
WRITE 864001 973 27
WRITE 668809 977 136
WRITE 211247 753 227
WRITE 83360 48 236
WRITE 806769 323 255
WRITE 139778 312 83
WRITE 618566 411 63
READ 748359 638 0
WRITE 87808 962 162
READ 710205 21 0
WRITE 33271 43 47
READ 755811 393 0
WRITE 529210 788 38
READ 257572 434 0
WRITE 248483 879 138
WRITE 748910 177 18
READ 452530 18 0
WRITE 202379 266 252
READ 880881 178 0
WRITE 862737 143 69
WRITE 573066 139 49
READ 1018406 584 0
WRITE 603934 951 168
READ 453594 959 0
WRITE 392746 938 199
WRITE 287919 171 250
READ 718017 417 0
READ 343468 453 0
WRITE 964626 1022 203
WRITE 967423 429 255
WRITE 1044184 793 191
WRITE 439938 487 148
WRITE 409961 923 51
READ 545877 5 0
WRITE 867920 866 18
WRITE 369774 713 31
READ 567415 751 0
READ 370413 268 0
WRITE 289643 962 87
WRITE 296400 22 194
WRITE 834445 876 39
READ 193254 351 0
READ 707517 16 0
WRITE 677907 429 38
READ 753328 604 0
READ 535873 23 0
WRITE 972251 1009 3
READ 239821 830 0
READ 868159 27 0
WRITE 59807 42 60
READ 469994 44 0
WRITE 366901 143 222
WRITE 103846 393 101
WRITE 799812 633 174
WRITE 754549 461 64
READ 905423 789 0
READ 250839 17 0
READ 837217 953 0
WRITE 874926 332 16
READ 972897 513 0
READ 413063 13 0
WRITE 516627 77 204
WRITE 868874 743 215
READ 189983 303 0
READ 764574 218 0
WRITE 764571 883 79
WRITE 167456 826 249
READ 620877 38 0
READ 711663 102 0
READ 738298 562 0
READ 901337 602 0
WRITE 142796 646 226
WRITE 374097 821 4
WRITE 796511 545 177
WRITE 228549 483 197
WRITE 195611 648 143
WRITE 496449 899 226
READ 864475 865 0
WRITE 848248 140 253
READ 596267 330 0
WRITE 695889 64 88
WRITE 900472 973 113
READ 123423 970 0
READ 279004 252 0
WRITE 222136 996 103
WRITE 152684 139 20
WRITE 448509 692 243
WRITE 175803 407 231
WRITE 648062 210 37
READ 861818 52 0
READ 31939 775 0
WRITE 308188 844 217
WRITE 884340 343 59
WRITE 345701 391 35
WRITE 728491 639 173
WRITE 84111 498 118
READ 750339 989 0
READ 186129 231 0
WRITE 6729 895 13
READ 293720 359 0
READ 498906 800 0
WRITE 353140 160 5
READ 473675 80 0
WRITE 341078 366 3
WRITE 530060 12 39
WRITE 345937 357 66
WRITE 820191 868 30
WRITE 568628 521 119
READ 260338 947 0
WRITE 218303 760 224
WRITE 254620 548 42
WRITE 773576 308 187
WRITE 332380 705 137
WRITE 225940 236 56
WRITE 970109 171 238
READ 223020 421 0
WRITE 847052 147 253
READ 197557 191 0
READ 261131 941 0
WRITE 632922 524 25
READ 288233 494 0
WRITE 266810 227 168
WRITE 159951 910 22
WRITE 287533 694 1
WRITE 33388 289 163
READ 300701 302 0
READ 533929 505 0
WRITE 330788 711 4
WRITE 651712 378 61
READ 477531 889 0
WRITE 669798 81 18
WRITE 953369 5 148
WRITE 399530 368 243
READ 114316 315 0
WRITE 613860 326 160
WRITE 343658 680 116
WRITE 404620 477 16
WRITE 813243 382 165
READ 691931 402 0
WRITE 310630 353 161
WRITE 369420 275 228
READ 33649 923 0
READ 610849 471 0
WRITE 56999 289 14
READ 397101 956 0
WRITE 252030 192 221
WRITE 1025430 8 10
READ 62330 894 0
WRITE 611102 78 171
WRITE 670795 213 214
WRITE 248375 29 132
READ 550173 626 0
WRITE 371667 206 228
READ 1044016 634 0
WRITE 567732 595 158
WRITE 178047 970 92
WRITE 235110 842 88
WRITE 254428 55 120
WRITE 476067 739 73
WRITE 249008 438 68
READ 569616 895 0
WRITE 271150 529 169
WRITE 453282 559 31
WRITE 820974 98 169
READ 371918 6 0
WRITE 683900 138 239
WRITE 255843 1015 52
READ 1040660 713 0
READ 621240 560 0
WRITE 936427 65 81
READ 595941 201 0
READ 879616 827 0
WRITE 921957 50 177
READ 272826 911 0
WRITE 920427 220 219
READ 229430 231 0
WRITE 886033 973 11
READ 548873 36 0
WRITE 173048 341 215
READ 344363 707 0
WRITE 401600 43 253
READ 986410 814 0
WRITE 552433 224 31
WRITE 1013185 700 250
WRITE 969119 284 5
READ 1026698 689 0
WRITE 287543 508 226
READ 874813 859 0
WRITE 132071 1002 132
WRITE 1025636 116 246
WRITE 868175 188 249
READ 87039 983 0
WRITE 584537 304 60
WRITE 1029559 342 160
WRITE 947274 367 28
WRITE 616455 752 133
READ 832649 798 0
WRITE 132799 479 63
WRITE 316003 198 247
WRITE 1032807 134 37
WRITE 871603 372 84
WRITE 461178 690 71
READ 491013 222 0
WRITE 1031359 354 65
WRITE 386047 484 144
READ 45922 546 0
WRITE 1036810 773 98
READ 352475 419 0
WRITE 1037885 487 85
READ 662475 542 0
WRITE 76856 226 243
WRITE 618642 435 181
WRITE 525491 164 156
WRITE 878402 426 251
WRITE 43307 487 132
WRITE 485783 1018 213
WRITE 682721 402 224
READ 459213 738 0
READ 18209 538 0
WRITE 411062 811 87
WRITE 982262 951 117
READ 841184 482 0
READ 226324 534 0
WRITE 172614 724 194
WRITE 544556 506 227
READ 18918 777 0
WRITE 527738 189 135
WRITE 246355 224 21
WRITE 331737 727 243
READ 10514 574 0
WRITE 338619 193 106
READ 965699 401 0
READ 638515 799 0
WRITE 791444 465 37
READ 696942 657 0
WRITE 607140 968 132
WRITE 666547 952 214
WRITE 220930 499 2
WRITE 82580 233 68
READ 790061 791 0
WRITE 373276 127 85
WRITE 99460 389 74
WRITE 910652 529 38
WRITE 321303 358 45
WRITE 52014 1003 119
WRITE 505943 896 4
READ 727555 301 0
READ 428185 241 0
READ 894125 411 0
READ 458053 321 0
READ 652709 97 0
READ 625722 464 0
WRITE 515541 412 28
WRITE 886542 315 101
WRITE 693184 699 59
WRITE 222136 597 137
WRITE 967253 369 162
WRITE 894538 788 186
WRITE 617951 506 133
WRITE 804066 569 198
WRITE 990108 224 138
READ 768308 938 0
READ 561893 23 0
WRITE 114012 282 132
WRITE 210761 926 41
READ 410740 694 0
WRITE 228334 176 104
WRITE 203812 120 173
READ 857443 229 0
READ 705360 658 0
WRITE 424591 258 226
READ 818932 52 0
WRITE 457642 444 63
WRITE 380400 105 175
WRITE 873737 1014 248
READ 585652 522 0
WRITE 189291 360 143
WRITE 101085 766 86
WRITE 640205 16 105
READ 237369 182 0
WRITE 840321 419 140
WRITE 578274 191 211
WRITE 567062 111 217
WRITE 275740 93 75
WRITE 998521 535 35
WRITE 523551 794 70
READ 1017173 732 0
WRITE 54308 550 5
READ 387964 720 0
READ 604992 888 0
WRITE 78402 502 17
WRITE 915274 710 43
READ 718582 479 0
READ 322588 606 0
WRITE 665208 452 124
READ 689300 240 0
WRITE 279629 509 189
WRITE 531537 450 198
WRITE 237792 470 60
READ 205170 986 0
READ 861083 891 0
READ 433691 767 0
WRITE 292660 161 244
READ 864499 83 0
READ 518032 983 0
WRITE 232951 647 155
WRITE 359008 395 3
WRITE 766227 921 29
WRITE 137216 561 183
READ 863505 567 0
WRITE 192067 112 203
READ 556000 137 0
WRITE 531269 323 165
WRITE 982435 635 136
WRITE 564782 547 245
WRITE 992884 753 108
WRITE 102462 902 197
WRITE 19492 851 184
WRITE 805015 262 39
WRITE 501115 443 132
WRITE 532184 921 170
WRITE 397543 692 52
READ 145102 830 0
WRITE 556228 8 147
WRITE 506943 538 60
WRITE 897944 154 66
WRITE 988736 218 115
WRITE 860076 752 169
READ 767917 363 0
READ 98928 114 0
READ 1006456 69 0
WRITE 328795 549 39
WRITE 97263 935 200
WRITE 642932 974 129
WRITE 339838 935 33
WRITE 78271 1018 200
WRITE 468822 643 17
WRITE 731781 352 142
WRITE 410745 166 153
WRITE 57679 360 186
WRITE 584281 361 241
READ 585015 424 0
WRITE 268339 101 171
WRITE 1046222 372 215
WRITE 461771 756 133
WRITE 153541 672 89
WRITE 863490 914 38
WRITE 190795 66 14
WRITE 87482 927 235
WRITE 889994 774 213
READ 868502 609 0
READ 39017 579 0
READ 223104 264 0
WRITE 537717 98 50
WRITE 43989 552 58
WRITE 833325 341 45
WRITE 972524 556 142
READ 385851 404 0
WRITE 866300 202 9
WRITE 146438 368 19
WRITE 714890 193 149
READ 826864 363 0
WRITE 4713 879 84
READ 1062 37 0
WRITE 181190 788 164
READ 690441 494 0
WRITE 697148 704 67
READ 605307 993 0
WRITE 41980 528 128
WRITE 388667 268 74
WRITE 83735 916 121
READ 298563 851 0
WRITE 963968 366 52
READ 96731 195 0
WRITE 787286 772 234
WRITE 109238 327 85
READ 172279 333 0
READ 595117 574 0
READ 688675 800 0
READ 503616 1021 0
WRITE 27522 723 104
WRITE 892756 966 76
WRITE 685684 470 159
READ 802725 1011 0
WRITE 725832 879 211
WRITE 159005 771 224
WRITE 883578 77 65
WRITE 91285 21 223
READ 785412 403 0
WRITE 695347 428 176
READ 533294 949 0
WRITE 211992 153 42
READ 221994 905 0
WRITE 983900 661 224
WRITE 891896 697 7
WRITE 1036782 543 145
WRITE 989250 668 173
READ 853452 583 0
WRITE 301566 5 83
READ 228556 777 0
WRITE 263524 980 33
READ 543741 742 0
READ 591405 742 0
WRITE 88439 707 16
WRITE 424642 438 29
WRITE 78141 169 51
READ 857636 280 0
READ 256916 322 0
READ 748021 311 0
WRITE 484457 902 200
READ 629056 26 0
WRITE 491997 51 106
WRITE 72609 336 62
WRITE 904734 863 180
READ 340640 324 0
READ 986660 665 0
READ 798876 214 0
WRITE 393995 429 42
READ 421104 617 0
WRITE 874291 611 16
WRITE 873790 650 113
WRITE 890366 378 103
READ 73824 771 0
WRITE 30667 704 90
WRITE 217639 649 233
READ 156528 59 0
READ 421445 395 0
READ 105699 506 0
WRITE 538821 18 224
WRITE 389474 976 222
WRITE 610444 814 82
WRITE 556794 876 255
READ 425922 387 0
READ 196397 728 0
READ 343225 1005 0
WRITE 243261 417 214
WRITE 447875 386 158
READ 135295 759 0
WRITE 351764 914 227
READ 884142 907 0
READ 462936 541 0
READ 947805 829 0
READ 347634 731 0
WRITE 500419 14 122
WRITE 534295 611 126
READ 984643 804 0
READ 241348 118 0
WRITE 551658 280 242
READ 607119 297 0
WRITE 909137 934 106
WRITE 129196 619 253
WRITE 541559 313 36
WRITE 432246 780 165
WRITE 552567 811 161
WRITE 855166 180 18
READ 910268 83 0
WRITE 213423 855 162
WRITE 788685 23 102
WRITE 320715 850 252
READ 322995 708 0
READ 948793 926 0
READ 785108 166 0
READ 907737 871 0
WRITE 153901 999 51
WRITE 214064 1013 199
WRITE 85958 940 221
WRITE 956342 193 116
READ 752051 797 0
WRITE 513855 984 123
WRITE 595181 384 72
READ 564014 878 0
WRITE 134685 146 93
WRITE 745221 283 79
WRITE 999522 906 230
WRITE 179956 561 22
READ 202210 370 0
WRITE 515632 993 211
WRITE 212016 681 13
WRITE 90839 73 117
READ 203938 647 0
WRITE 487443 502 83
WRITE 522017 934 157
WRITE 547378 392 98
READ 1022536 777 0
WRITE 580151 740 178
WRITE 745274 924 181
WRITE 841385 905 182
WRITE 854175 38 117
READ 556631 183 0
WRITE 1009029 166 218
WRITE 262302 767 235
WRITE 135330 43 206
WRITE 508126 480 172
WRITE 562133 479 37
WRITE 1039498 408 197
WRITE 777424 149 17
READ 743967 899 0
WRITE 690056 774 97
WRITE 405155 945 223
WRITE 303339 554 42
WRITE 472216 505 123
WRITE 901166 363 181
READ 703845 611 0
WRITE 769839 398 44
READ 572625 471 0
WRITE 349759 34 107
READ 768503 459 0
READ 439256 774 0
WRITE 461713 1005 153
WRITE 100048 262 26
WRITE 482668 266 50
WRITE 202734 527 141
READ 596893 890 0
READ 713212 647 0
READ 320143 788 0
WRITE 172752 744 131
WRITE 343065 1008 16
READ 804470 618 0
WRITE 710379 36 138
READ 137122 660 0
WRITE 42514 396 206
WRITE 797583 585 236
WRITE 505713 281 61
WRITE 183238 118 134
WRITE 151578 35 125
READ 231895 687 0
WRITE 16178 163 159
WRITE 436399 127 105
WRITE 914303 911 105
WRITE 617864 526 177
WRITE 392041 340 55
WRITE 449310 462 184
WRITE 970855 544 127
WRITE 447591 516 168
WRITE 207531 158 89
WRITE 529530 287 127
READ 182471 121 0
READ 432790 58 0
WRITE 199228 408 161
WRITE 774252 10 63
WRITE 83282 897 16
READ 974975 150 0
WRITE 286001 553 6
WRITE 57956 638 185
READ 675006 580 0
WRITE 1047621 322 248
WRITE 542446 819 11
WRITE 948590 306 5
WRITE 521869 1003 42
WRITE 975686 242 151
READ 77240 137 0
WRITE 878001 429 238
READ 1012265 82 0
WRITE 966974 288 68
WRITE 818754 56 119
WRITE 672960 449 210
READ 911890 865 0
READ 772877 710 0
READ 426730 736 0
READ 1034215 444 0
READ 369458 605 0
WRITE 632265 63 33
READ 767488 104 0
WRITE 111391 38 115
WRITE 937141 964 42
WRITE 693148 470 140
WRITE 825201 560 76
READ 466808 266 0
WRITE 367873 899 5
WRITE 503776 161 186
WRITE 2651 608 67
READ 713923 993 0
WRITE 210800 81 60
READ 30123 712 0
READ 914065 138 0
WRITE 554042 45 84
WRITE 634367 291 166
WRITE 632223 574 18
WRITE 956862 718 215
WRITE 514759 819 139
WRITE 191777 33 48
READ 475804 517 0
WRITE 212813 651 123
WRITE 857230 562 224
WRITE 664292 312 115
WRITE 208202 510 64
WRITE 873647 377 174
READ 164853 717 0
WRITE 641075 595 204
WRITE 517355 906 164
READ 528228 395 0
WRITE 333088 985 228
WRITE 971848 578 49
WRITE 1031090 37 204
WRITE 344954 57 66
READ 601032 936 0
WRITE 470433 123 158
READ 896578 752 0
READ 481864 202 0
READ 387577 733 0
WRITE 173405 74 130
READ 722127 105 0
WRITE 77382 352 123
WRITE 2670 735 131
WRITE 1005490 672 74
WRITE 799966 575 137
WRITE 432956 928 202
READ 742793 703 0
WRITE 756742 886 68
WRITE 737158 360 79
READ 713251 857 0
WRITE 910128 976 206
WRITE 232761 388 135
WRITE 692513 883 77
WRITE 115682 599 33
READ 724293 113 0
WRITE 1029610 933 47
WRITE 772448 316 201
WRITE 197810 308 126
WRITE 999778 749 196
WRITE 378065 630 164
WRITE 185324 144 143
READ 26855 300 0
WRITE 401675 404 212
READ 691301 70 0
WRITE 58049 363 223
READ 752095 274 0
WRITE 211622 516 223
WRITE 873742 918 195
WRITE 823940 31 101
WRITE 219447 884 43
READ 910574 479 0
WRITE 90796 818 45
WRITE 894561 101 22
WRITE 536662 87 199
WRITE 249035 481 91
READ 283589 363 0
WRITE 862530 248 105
WRITE 108630 633 207
WRITE 741964 133 217
READ 955602 639 0
WRITE 839828 518 194
WRITE 7597 944 219
WRITE 156023 321 155
WRITE 367843 701 129
WRITE 919579 500 85
READ 921577 715 0
WRITE 49061 88 79
READ 215352 916 0
WRITE 865888 441 155
WRITE 405574 593 68
WRITE 461370 366 185
WRITE 969792 841 103
READ 844 561 0
WRITE 967756 778 188
READ 572599 825 0
READ 139370 145 0
WRITE 398287 982 128
WRITE 986783 462 178
WRITE 942457 182 81
READ 71325 282 0
WRITE 903268 656 173
WRITE 664401 107 203
WRITE 337009 1000 39
READ 659071 144 0
READ 254044 994 0
WRITE 316242 311 210
WRITE 813434 284 99
READ 579163 625 0
WRITE 362762 10 78
WRITE 128769 250 152
WRITE 794911 44 220
WRITE 435420 481 28
READ 845770 257 0
WRITE 1018657 403 67
WRITE 730876 362 133
WRITE 823877 935 218
WRITE 462382 305 112
READ 748693 90 0
READ 583269 400 0
WRITE 149016 601 102
WRITE 652900 56 73
READ 356156 99 0
READ 876996 642 0
WRITE 659845 789 0
WRITE 578714 576 200
READ 125341 986 0
WRITE 35323 778 203
WRITE 580463 529 224
READ 137533 668 0
WRITE 736907 378 46
WRITE 848166 454 163
READ 619735 782 0
WRITE 982778 523 149
WRITE 49512 740 5
WRITE 837140 478 249
WRITE 441385 745 230
WRITE 446312 50 181
READ 242756 502 0
WRITE 315439 33 92
WRITE 1040117 87 252
WRITE 350162 369 174
READ 662233 388 0
WRITE 1032337 531 132
WRITE 486535 545 30
WRITE 945394 595 148
WRITE 1010866 485 156
READ 587142 137 0
WRITE 95669 975 166
WRITE 174852 128 127
WRITE 684896 279 88
WRITE 891705 65 73
WRITE 480518 351 165
READ 382816 390 0
READ 84754 792 0
READ 349284 45 0
WRITE 640080 329 23
READ 201580 229 0
READ 826397 348 0
WRITE 427966 594 151
WRITE 621471 744 155
WRITE 820442 195 173
WRITE 712345 945 115
WRITE 885480 144 102
WRITE 354909 864 107
READ 826702 252 0
READ 748995 870 0
WRITE 204911 55 143
WRITE 113398 247 113
WRITE 561891 929 140
WRITE 963260 4 169
WRITE 767163 868 164
WRITE 907248 962 133
WRITE 993729 623 176
WRITE 782549 689 214
WRITE 639273 956 141
READ 527929 841 0
WRITE 585013 671 114
WRITE 272069 261 72
WRITE 907705 138 72
WRITE 200259 239 15
WRITE 87219 956 17
WRITE 512657 979 106
READ 155203 300 0
WRITE 896114 703 197
WRITE 242889 215 175
WRITE 893147 285 125
WRITE 755727 789 127
WRITE 1016614 396 33
WRITE 83367 978 147
WRITE 825139 606 37
WRITE 224956 698 35
READ 185908 259 0
WRITE 527414 789 187
WRITE 135558 1018 76
WRITE 41752 595 60
WRITE 270338 349 180
READ 570468 661 0
WRITE 402465 657 141
WRITE 21531 864 234
WRITE 64319 251 179
WRITE 888154 53 167
READ 392481 540 0
WRITE 695861 240 58
READ 147871 738 0
WRITE 468638 287 37
WRITE 719588 121 124
WRITE 539699 842 111
WRITE 342577 530 243
READ 921426 342 0
WRITE 867861 805 170
READ 236909 312 0
WRITE 513964 548 48
WRITE 618335 503 37
WRITE 829506 579 163
WRITE 133564 263 4
READ 712171 566 0
WRITE 152363 540 59
WRITE 120654 979 31
READ 83480 948 0
READ 67462 932 0
READ 639611 358 0
WRITE 449840 271 144
WRITE 405066 941 177
WRITE 222947 893 254
READ 626010 580 0
READ 631000 867 0
READ 586655 461 0
WRITE 843615 232 47
WRITE 441347 355 199
READ 932948 204 0
WRITE 237023 487 118
WRITE 302151 865 115
READ 672708 739 0
WRITE 170990 1010 24
WRITE 922225 999 153
WRITE 249081 26 102
WRITE 640173 1016 207
WRITE 596437 207 190
READ 816969 29 0
WRITE 935871 480 172
READ 1042809 944 0
READ 947334 99 0
WRITE 436732 854 181
WRITE 12064 596 200
READ 709825 152 0
WRITE 850559 633 165
WRITE 192921 358 162
WRITE 454195 667 134
WRITE 33937 56 145
READ 1012914 1 0
WRITE 570254 538 225
WRITE 849288 983 250
WRITE 965213 908 201
WRITE 376066 843 92
WRITE 1036391 325 182
WRITE 27269 423 218
WRITE 760676 147 178
WRITE 960755 881 30
READ 614149 10 0
READ 822850 801 0
WRITE 1024018 238 202
WRITE 921748 944 42
READ 348187 601 0
READ 301388 28 0
READ 627979 717 0
READ 560826 605 0
WRITE 698094 165 137
WRITE 525981 495 129
WRITE 223033 1001 191
WRITE 328795 600 161
WRITE 542779 377 64
READ 311116 891 0
WRITE 460793 1004 43
READ 548854 624 0
WRITE 412525 412 149
READ 850834 230 0
READ 255096 273 0
READ 987801 260 0
WRITE 744071 159 87
WRITE 371114 183 172
WRITE 469023 875 64
WRITE 437685 708 227
READ 568109 955 0
READ 711471 435 0
READ 159065 314 0
WRITE 612090 1009 57
WRITE 530615 283 110
READ 1004251 374 0
WRITE 1029865 783 222
READ 936153 796 0
WRITE 163355 496 219
WRITE 265825 628 148
WRITE 961282 789 186
WRITE 667843 535 177
WRITE 1002250 402 10
WRITE 204916 387 248
READ 919233 1023 0
WRITE 763699 1004 14
WRITE 365189 566 156
WRITE 954806 52 177
READ 891342 39 0
WRITE 196220 214 244
WRITE 693652 979 38
WRITE 155088 542 203
WRITE 1023628 196 136
READ 787006 622 0
READ 700736 937 0
READ 964143 825 0
WRITE 96277 847 249
WRITE 615386 543 15
WRITE 410157 647 216
WRITE 190546 17 137
WRITE 573952 711 197
READ 825508 542 0
READ 786525 599 0
READ 1005038 390 0
WRITE 210389 974 128
WRITE 320938 365 249
READ 412843 262 0
WRITE 561239 795 154
READ 522790 380 0
READ 503768 431 0
WRITE 61155 475 21
WRITE 753553 408 77
READ 1036257 554 0
WRITE 960610 364 156
READ 136792 152 0
WRITE 664570 642 73
READ 885384 923 0
WRITE 623690 445 71
READ 394521 710 0
WRITE 629901 63 221
WRITE 244987 1005 235
WRITE 337443 581 158
WRITE 49921 493 36
WRITE 684929 524 237
READ 909808 590 0
WRITE 124843 1014 140
READ 381578 689 0
WRITE 984218 773 116
READ 1018237 931 0
WRITE 136031 492 50
WRITE 725953 824 108
WRITE 946242 371 35
WRITE 531806 951 250
WRITE 786651 692 154
WRITE 790356 405 45
WRITE 590168 560 3
WRITE 886808 406 100
WRITE 922445 833 237
WRITE 885843 158 116
READ 396190 391 0
WRITE 1024587 62 151
WRITE 851088 108 242
READ 86253 716 0
WRITE 978827 528 5
READ 586897 489 0
WRITE 174836 316 170
WRITE 828049 884 12
WRITE 355804 562 237
READ 561251 358 0
READ 565091 896 0
READ 861473 385 0
WRITE 386975 213 246
READ 194471 743 0
READ 126946 676 0
READ 624533 359 0
READ 594642 390 0
READ 325815 384 0
WRITE 601903 737 164
READ 443535 594 0
WRITE 136400 837 134
WRITE 787457 258 94
WRITE 499606 371 231
READ 372734 705 0
WRITE 320422 544 98
WRITE 557124 703 129
READ 1040897 949 0
READ 914207 526 0
READ 467832 748 0
READ 453237 161 0
WRITE 373318 843 86
WRITE 233273 273 120
WRITE 1022764 318 184
WRITE 269870 548 47
WRITE 995017 351 30
WRITE 321321 769 165
WRITE 13734 668 13
WRITE 226174 443 190
WRITE 243602 173 9
WRITE 557208 434 220
WRITE 914252 747 211
READ 991991 556 0
WRITE 781563 70 202
WRITE 10779 738 136
WRITE 1033223 107 118
READ 340959 857 0
WRITE 795994 86 182
WRITE 688966 996 7
READ 815554 303 0
READ 406210 704 0
WRITE 349718 170 136
WRITE 569974 212 39
WRITE 849531 239 48
READ 514418 752 0
WRITE 320715 578 10
WRITE 55628 285 109
WRITE 515925 554 29
WRITE 761393 686 225
WRITE 37071 553 223
WRITE 302922 674 6
READ 855611 649 0
WRITE 810839 757 95
WRITE 925135 963 108
WRITE 219528 691 105
WRITE 905710 322 54
READ 558203 982 0
WRITE 634999 808 178
WRITE 331685 902 25
WRITE 631536 276 231
READ 984149 442 0
WRITE 307772 382 192
WRITE 408002 52 226
READ 300840 435 0
READ 247110 851 0
WRITE 349935 10 109
READ 744393 960 0
WRITE 366213 620 63
WRITE 69306 210 101
WRITE 311927 91 104
WRITE 288439 769 124
WRITE 788451 370 100
WRITE 341525 388 9
WRITE 703008 897 155
READ 959300 88 0
WRITE 692155 595 228
WRITE 471592 784 198
WRITE 797601 756 48
WRITE 977856 697 178
READ 852082 486 0
READ 311477 172 0
WRITE 502915 792 223
WRITE 436390 684 144
WRITE 710098 179 72
WRITE 523259 47 159
READ 79999 484 0
WRITE 224840 899 63
READ 960473 235 0
READ 285111 762 0
WRITE 751746 80 247
WRITE 899877 54 111
WRITE 565964 1006 54
READ 205715 306 0
WRITE 484871 543 44
READ 519399 910 0
READ 426459 771 0
READ 3724 525 0
WRITE 352930 955 222
WRITE 814807 530 58
WRITE 459111 610 143
WRITE 527249 20 63
WRITE 888270 1003 182
READ 966035 433 0
WRITE 565979 652 153
WRITE 858403 10 37
WRITE 743237 439 147
WRITE 373364 844 20
WRITE 156029 313 63
WRITE 720889 267 202
READ 839092 936 0
READ 58901 925 0
WRITE 697846 506 35
WRITE 266138 170 120
WRITE 790512 824 229
WRITE 775788 549 114
WRITE 814197 1011 205
READ 183822 903 0
WRITE 1045888 941 47
READ 920130 908 0
WRITE 395711 229 222
WRITE 708902 338 22
READ 992651 91 0
WRITE 420646 203 108
WRITE 665829 535 220
WRITE 615466 898 196
WRITE 103693 256 98
READ 813597 748 0
READ 841446 338 0
READ 54012 836 0
WRITE 7848 839 23
WRITE 570365 305 96
READ 759196 449 0
READ 242517 182 0
READ 902490 83 0
WRITE 335319 25 229
WRITE 1009040 167 229
WRITE 664040 139 251
READ 468021 826 0
READ 941090 756 0
WRITE 414654 777 75
READ 4390 915 0
READ 760101 397 0
WRITE 52431 415 133
WRITE 437873 5 238
READ 212076 268 0
WRITE 113952 205 156
WRITE 48049 516 245
WRITE 992596 940 116
READ 819007 788 0
WRITE 475574 642 27
WRITE 821395 510 94
READ 372833 404 0
READ 111753 206 0
READ 1028499 328 0
READ 804845 304 0
READ 45449 486 0
READ 232148 104 0
WRITE 236087 501 88
WRITE 245045 990 47
WRITE 14420 371 135
READ 389342 788 0
WRITE 771624 408 250
READ 891356 973 0
WRITE 317994 786 224
WRITE 24161 640 93
WRITE 60933 93 161
READ 660491 263 0
WRITE 752022 377 170
WRITE 313855 954 93
READ 436093 779 0
WRITE 877376 799 160
READ 476939 122 0
WRITE 960291 713 17
WRITE 751845 30 180
WRITE 326252 41 114
READ 73658 967 0
WRITE 234297 978 192
WRITE 1011330 922 47
WRITE 1002035 647 55
WRITE 641985 103 78
READ 801127 783 0
WRITE 526179 28 66
WRITE 555617 789 104
WRITE 22685 104 154
READ 409637 885 0
WRITE 215514 374 86
WRITE 374478 686 57
READ 242814 1011 0
WRITE 619078 941 122
WRITE 47778 895 43
READ 410723 933 0
WRITE 214603 681 68
READ 609246 395 0
WRITE 63244 427 83
READ 750532 380 0
WRITE 146577 235 88
READ 751602 564 0
READ 455637 824 0
WRITE 676355 558 147
WRITE 656971 729 20
WRITE 964649 708 173
READ 414578 586 0
WRITE 891799 255 111
READ 581013 10 0
WRITE 701982 866 208
WRITE 352550 240 80
WRITE 591666 817 202
WRITE 368235 611 31
WRITE 793034 199 102
WRITE 115059 70 190
WRITE 608318 676 90
READ 821042 491 0
READ 48735 1021 0
WRITE 13961 553 12
WRITE 637810 872 124
WRITE 396461 405 15
WRITE 516035 627 238
WRITE 393212 918 247
WRITE 405697 76 98
WRITE 258926 957 233
WRITE 958350 630 226
READ 6254 712 0
READ 83452 866 0
READ 423692 546 0
WRITE 554473 385 206
WRITE 750302 28 211
WRITE 1019368 381 126
WRITE 321862 928 21
WRITE 633878 26 105
READ 740384 787 0
WRITE 933199 315 59
READ 76812 527 0
READ 366618 581 0
READ 310968 200 0
READ 516022 990 0
WRITE 952639 451 207
WRITE 792809 323 58
WRITE 775912 509 76
WRITE 632771 943 140
WRITE 12013 168 201
READ 412268 716 0
READ 772124 16 0
WRITE 786339 108 15
READ 538591 94 0
WRITE 639740 438 51
WRITE 346021 836 177
READ 609356 105 0
READ 466890 554 0
WRITE 997002 1003 160
WRITE 563715 247 82
WRITE 882991 620 100
WRITE 673412 675 24
READ 1014640 716 0
WRITE 628725 1018 119
READ 889127 964 0
READ 229814 735 0
READ 405328 257 0
WRITE 319219 621 80
WRITE 938273 669 193
READ 547473 384 0
READ 319961 601 0
WRITE 253888 288 181
WRITE 328292 317 214
WRITE 751058 1008 24
READ 930484 311 0
WRITE 776903 884 99
WRITE 461353 738 186
WRITE 683632 522 81
WRITE 708117 398 120
WRITE 45816 844 222
READ 874765 755 0
WRITE 946700 526 90
WRITE 801450 228 97
READ 293482 382 0
WRITE 180292 856 187
WRITE 693807 216 102
WRITE 311330 709 252
WRITE 669446 648 72
WRITE 721933 770 181
WRITE 55049 458 98
WRITE 257014 947 185
WRITE 1038032 1000 185
WRITE 880710 125 134
READ 850156 45 0
READ 482360 650 0
WRITE 516720 262 249
READ 274568 722 0
WRITE 608071 407 201
WRITE 986498 590 136
READ 265954 26 0
READ 8724 152 0
READ 1037623 582 0
READ 682446 217 0
WRITE 310885 989 35
WRITE 665157 170 69
WRITE 1045809 189 127
READ 569606 761 0
WRITE 802884 113 20
READ 241251 647 0
WRITE 924046 81 167
WRITE 468215 375 175
READ 789176 492 0
WRITE 367020 1001 140
READ 41722 383 0
WRITE 947603 561 240
WRITE 965246 315 72
WRITE 357093 625 200
WRITE 823143 124 118
WRITE 90895 387 72
WRITE 209326 648 20
READ 27431 853 0
WRITE 215281 289 128
WRITE 938949 888 220
WRITE 427337 129 41
WRITE 854410 619 182
READ 480547 4 0
READ 4631 741 0
WRITE 959710 376 225
WRITE 561975 411 224
READ 360087 932 0
WRITE 402173 827 197
WRITE 169187 703 142
WRITE 607030 470 52
READ 787665 359 0
WRITE 510172 690 113
READ 67890 666 0
WRITE 432383 96 174
WRITE 229843 360 159
WRITE 22547 997 83
WRITE 347894 905 175
WRITE 875781 350 199
READ 1024764 272 0
WRITE 144423 90 142
WRITE 949722 575 208
READ 905821 40 0
READ 597667 287 0
WRITE 137049 276 18
WRITE 121134 504 146
WRITE 74243 21 45
WRITE 9267 394 146
WRITE 381518 649 39
WRITE 810189 344 103
WRITE 897155 334 71
WRITE 256619 711 74
WRITE 501507 171 221
READ 229990 758 0
READ 597370 619 0
READ 218436 148 0
READ 819306 8 0
WRITE 325515 150 109
READ 133850 528 0
WRITE 589612 176 171
WRITE 906875 488 223
WRITE 216020 246 18
READ 835004 571 0
WRITE 144224 294 67
WRITE 846770 233 123
WRITE 679559 204 87
WRITE 273821 543 122
READ 739301 358 0
READ 363058 710 0
WRITE 422486 801 67
READ 256852 930 0
WRITE 671153 484 32
WRITE 507299 421 177
WRITE 572496 914 114
READ 158176 224 0
WRITE 203778 864 48
READ 136047 488 0
WRITE 172314 388 217
WRITE 443779 246 23
WRITE 57469 939 237
WRITE 691650 790 71
WRITE 77274 901 59
WRITE 857517 797 28
WRITE 6684 340 31
WRITE 67274 289 152
WRITE 650347 326 76
READ 747594 769 0
WRITE 500180 65 34
WRITE 947378 339 231
WRITE 341783 974 206
WRITE 217832 977 48
WRITE 611961 237 111
READ 158930 710 0
READ 74756 824 0
WRITE 8331 745 69
READ 287453 1011 0
READ 1021020 836 0
WRITE 948963 124 108
READ 180866 670 0
WRITE 450946 961 175
WRITE 423290 8 60
READ 954030 556 0
WRITE 826149 186 121
READ 22733 85 0
WRITE 716633 625 63
WRITE 1018444 875 39
WRITE 987063 673 191
WRITE 761744 932 239
WRITE 306294 32 128
WRITE 713738 274 159
READ 174245 354 0
WRITE 967463 434 139
READ 529266 477 0
READ 278329 540 0
WRITE 524254 23 254
READ 58946 230 0
WRITE 378500 587 222
WRITE 241059 760 57
READ 361810 354 0
READ 771021 398 0
WRITE 204698 389 187
WRITE 349365 222 208
WRITE 335869 350 249
READ 583094 759 0
READ 128745 288 0
READ 466376 90 0
READ 293563 17 0
READ 843311 933 0
WRITE 571202 758 239
WRITE 543664 760 60
READ 999318 148 0
WRITE 933078 542 169
WRITE 771667 626 212
WRITE 474668 420 182
WRITE 717721 267 81
WRITE 434586 872 52
READ 801009 483 0
READ 489517 1014 0
WRITE 266745 189 50
READ 783059 683 0
WRITE 646480 587 57
READ 741801 416 0
WRITE 830166 145 20
WRITE 557681 884 29
READ 691332 495 0
WRITE 41012 362 125
WRITE 759985 703 139
WRITE 513031 686 163
WRITE 274120 485 85
WRITE 104622 354 244
WRITE 724457 168 152
WRITE 47855 808 143
WRITE 303206 29 40
WRITE 837054 63 110
WRITE 718521 1010 151
READ 355371 444 0
READ 597929 252 0
READ 263620 880 0
WRITE 1033956 655 154
WRITE 769438 159 187
WRITE 343349 264 65
WRITE 190018 118 19
WRITE 15434 389 93
READ 914230 1024 0
WRITE 363842 685 25
READ 692031 347 0
WRITE 830780 440 31
WRITE 862523 206 54
WRITE 649831 710 10
WRITE 821496 296 227
READ 917744 903 0
WRITE 1006345 134 119
WRITE 830503 27 190
READ 848216 543 0
WRITE 538843 226 233
WRITE 324755 630 117
READ 119466 113 0
WRITE 566463 50 160
READ 553182 345 0
WRITE 743706 697 232
WRITE 12830 46 0
WRITE 969510 467 169
WRITE 775834 708 50
WRITE 204245 573 99
WRITE 16877 576 183
READ 622104 767 0
WRITE 516147 245 77
WRITE 806236 951 171
WRITE 369651 236 131
WRITE 89659 653 234
WRITE 533757 166 18
WRITE 353862 862 148
READ 660981 444 0
READ 47861 386 0
WRITE 912759 630 163
WRITE 734062 154 162
READ 932619 109 0
WRITE 38499 1007 34
WRITE 433295 48 60
WRITE 992865 102 81
WRITE 404249 940 153
WRITE 51605 89 38
READ 780582 950 0
WRITE 1001058 216 245
READ 691612 491 0
WRITE 418766 118 109
WRITE 908592 919 140
READ 505380 304 0
WRITE 666629 349 2
WRITE 735111 106 105
READ 773248 677 0
READ 974253 31 0
WRITE 1010394 459 47
WRITE 208974 725 104
WRITE 367418 103 8
WRITE 248826 44 101
WRITE 878714 1009 2
WRITE 517242 774 162
WRITE 801255 45 244
WRITE 944347 1000 205
READ 1027344 938 0
WRITE 496763 954 204
READ 824280 1017 0
WRITE 840069 113 60
WRITE 187587 714 162
WRITE 425121 431 195
WRITE 328985 475 143
WRITE 27871 289 212
READ 382643 727 0
WRITE 1021086 34 97
WRITE 463828 960 49
READ 999335 261 0
WRITE 578269 945 99
WRITE 110970 230 69
WRITE 993037 107 186
READ 907032 703 0
READ 374918 275 0
WRITE 94774 741 83
READ 219974 888 0
WRITE 783712 217 196
READ 658414 918 0
WRITE 723905 456 36
WRITE 45106 415 163
WRITE 693141 632 237
WRITE 993120 504 34
WRITE 62077 330 152
WRITE 416743 651 123
WRITE 1037775 99 179
WRITE 186627 417 156
WRITE 466454 173 51
WRITE 686837 190 35
WRITE 200942 310 66
WRITE 541108 540 235
WRITE 125175 77 71
WRITE 304934 396 222
READ 353580 646 0
READ 587208 801 0
READ 626436 989 0
READ 130797 455 0
READ 390294 11 0
READ 532022 26 0
WRITE 305018 139 74
WRITE 592677 378 138
READ 289511 755 0
READ 672434 702 0
WRITE 234152 440 96
READ 500800 793 0
READ 525435 559 0
WRITE 558869 840 115
READ 200630 442 0
WRITE 196849 880 234
WRITE 183982 383 229
READ 651563 923 0
READ 83743 520 0
WRITE 220926 858 147
READ 43963 535 0
READ 105132 633 0
WRITE 267861 379 103
WRITE 508082 501 11
READ 361400 753 0
READ 610000 745 0
WRITE 222047 325 145
READ 857141 685 0
WRITE 773971 625 83
WRITE 973042 603 105
READ 398654 466 0
READ 855392 267 0
READ 953897 830 0
READ 309458 672 0
READ 785228 43 0
WRITE 240582 967 16
WRITE 930526 760 213
READ 72286 787 0
WRITE 622571 86 11
WRITE 2888 413 171
READ 201321 182 0
READ 812758 924 0
READ 577619 639 0
READ 299209 226 0
WRITE 85289 868 95
WRITE 618680 213 209
WRITE 507819 728 154
READ 1006744 877 0
WRITE 135868 254 118
WRITE 870782 172 166
READ 1015364 72 0
WRITE 927313 725 68
READ 495730 855 0
READ 276165 1012 0
READ 905071 517 0
WRITE 653186 632 186
READ 855720 840 0
READ 922341 661 0
WRITE 908330 669 184
READ 528532 709 0
READ 497225 555 0
READ 361905 664 0
READ 437447 653 0
READ 921045 1014 0
READ 723509 60 0
READ 498212 512 0
READ 452377 675 0
WRITE 750044 450 171
WRITE 230160 268 101
WRITE 870679 605 11
WRITE 645297 731 30
READ 937377 265 0
WRITE 629013 754 66
READ 885297 261 0
WRITE 208337 108 119
READ 650100 935 0
WRITE 412729 6 97
WRITE 266548 416 170
WRITE 27225 394 233
READ 340270 876 0
WRITE 700328 803 189
READ 72895 579 0
WRITE 875881 955 13
READ 270104 784 0
READ 189106 376 0
READ 61212 389 0
WRITE 630547 485 149
WRITE 890736 654 69
READ 483433 344 0
WRITE 867284 718 97
WRITE 694536 161 217
WRITE 355399 210 18
WRITE 999101 544 169
WRITE 434708 918 89
WRITE 286198 161 220
READ 585478 187 0
WRITE 156565 533 235
READ 413983 991 0
WRITE 604571 290 116
WRITE 694505 144 254
WRITE 542548 23 136
WRITE 32059 998 124
READ 419594 269 0
WRITE 44057 893 200
WRITE 152535 87 252
READ 31308 481 0
WRITE 556372 26 47
WRITE 34566 206 62
WRITE 197470 220 220
WRITE 626144 8 41
WRITE 1038144 598 12
READ 298820 459 0
WRITE 131297 964 253
WRITE 974435 685 242
READ 318258 705 0
WRITE 466450 9 0
READ 386428 602 0
WRITE 841953 942 91
READ 1024624 369 0
READ 113132 398 0
READ 296665 627 0
WRITE 1026647 295 235
READ 110301 654 0
WRITE 508243 590 84
WRITE 181446 741 139
WRITE 239554 1014 235
WRITE 495903 392 54
WRITE 735553 527 222
WRITE 718518 671 106
WRITE 398772 216 238
WRITE 1415 141 179
WRITE 363702 846 59
WRITE 958518 998 42
READ 212832 878 0
READ 163418 27 0
WRITE 353185 294 132
READ 605891 457 0
WRITE 588243 464 204
READ 766542 77 0
READ 20189 23 0
WRITE 211548 184 31
WRITE 978809 462 168
READ 902256 61 0
WRITE 750318 1008 226
READ 887011 366 0
READ 920810 701 0
READ 319405 672 0
READ 1010550 935 0
WRITE 957922 70 53
READ 1028951 63 0
READ 923702 886 0
WRITE 616296 1000 141
WRITE 567219 885 232
WRITE 65463 65 49
READ 392734 763 0
WRITE 500699 842 47
WRITE 132905 513 20
READ 488775 813 0
WRITE 700451 436 192
READ 185651 160 0
READ 975428 754 0
WRITE 943337 351 156
WRITE 554345 184 32
WRITE 26318 916 83
WRITE 209768 408 164
WRITE 423224 430 19
WRITE 336193 131 69
WRITE 182629 466 144
READ 389726 181 0
READ 507561 114 0
WRITE 1025253 168 43
READ 276310 986 0
READ 60319 773 0
WRITE 279508 904 46
WRITE 881207 662 126
WRITE 623516 224 57
WRITE 246052 117 109
READ 825047 540 0
WRITE 228339 496 65
WRITE 418926 210 126
READ 541978 615 0
WRITE 792774 411 55
READ 1014293 632 0
WRITE 145361 377 42
WRITE 903132 660 183
WRITE 796483 600 125
WRITE 1044177 743 115
READ 174418 964 0
READ 501765 200 0
WRITE 118491 221 115
WRITE 481192 123 37
WRITE 318120 606 47
READ 921363 444 0
READ 399927 982 0
WRITE 965932 188 98
WRITE 1016179 302 128
WRITE 13476 631 239
WRITE 242235 984 237
READ 1016960 60 0
WRITE 538046 714 237
READ 864765 27 0
WRITE 503352 902 2
WRITE 251578 564 96
READ 279521 534 0
WRITE 373510 932 87
WRITE 827051 553 133
WRITE 455666 734 186
WRITE 69558 963 139
WRITE 535532 313 0
WRITE 876331 25 12
WRITE 122903 788 33
READ 535923 869 0
WRITE 394065 278 126
WRITE 686696 149 118
READ 825330 417 0
WRITE 800969 984 213
READ 671758 233 0
WRITE 515505 774 191
WRITE 966241 308 228
WRITE 577992 1022 125
READ 191305 463 0
WRITE 295122 888 82
READ 306736 659 0
READ 477196 965 0
WRITE 634150 32 1
WRITE 706354 558 187
READ 449312 235 0
WRITE 454582 34 184
WRITE 185302 180 10
WRITE 574558 908 33
WRITE 215823 399 183
READ 415355 78 0
READ 700209 395 0
WRITE 612495 665 127
WRITE 118172 1 109
WRITE 393351 392 14
WRITE 134554 969 43
READ 886144 963 0
READ 879173 385 0
READ 999706 365 0
READ 252778 534 0
WRITE 330579 439 205
READ 433352 563 0
READ 263283 614 0
READ 971230 160 0
READ 1002812 372 0
WRITE 725118 210 148
WRITE 1001642 255 11
WRITE 91881 226 75
READ 680947 895 0
WRITE 1038329 305 223
READ 295473 862 0
WRITE 217604 679 241
READ 911695 945 0
WRITE 382057 335 124
WRITE 311799 662 131
WRITE 114949 406 241
WRITE 186211 798 121
READ 639547 739 0
WRITE 986072 608 104
WRITE 188092 927 103
READ 57979 244 0
WRITE 823526 646 106
READ 809962 560 0
WRITE 430917 715 153
WRITE 905599 420 47
READ 241594 552 0
WRITE 103795 923 193
WRITE 424413 325 164
READ 160229 787 0
WRITE 622057 566 18
WRITE 258564 45 150
WRITE 84958 402 129
WRITE 565059 898 63
WRITE 362285 952 75
READ 891196 577 0
WRITE 924041 295 156
WRITE 422442 557 125
WRITE 193422 968 59
WRITE 660615 133 1
READ 581262 385 0
READ 21034 117 0
WRITE 835302 109 35
WRITE 800972 528 146
WRITE 600063 901 228
WRITE 561259 987 54
WRITE 258131 63 163
WRITE 1020177 153 163
READ 743990 656 0
WRITE 180604 230 6
WRITE 563106 996 184
WRITE 421684 671 44
WRITE 715249 202 226
READ 854492 894 0
READ 684870 438 0
WRITE 16472 239 176
READ 775439 646 0
READ 421085 209 0
WRITE 399158 379 10
WRITE 832349 90 100
WRITE 271976 359 30
WRITE 470565 134 253
WRITE 389723 802 20
READ 531274 319 0
READ 705810 682 0
READ 264615 253 0
WRITE 447517 175 187
WRITE 270838 417 238
READ 513160 72 0
WRITE 79305 693 43
WRITE 639186 473 178
WRITE 799501 790 8
WRITE 981182 316 148
WRITE 493235 226 204
WRITE 422906 565 101
WRITE 730617 156 166
WRITE 93330 755 176
WRITE 662257 298 171
READ 735286 552 0
WRITE 51696 98 242
WRITE 61562 530 34
READ 621989 567 0
READ 576863 410 0
WRITE 537214 724 2
READ 540618 467 0
WRITE 584338 808 239
READ 94286 707 0
READ 236263 427 0
WRITE 97436 799 86
WRITE 871160 278 252
WRITE 972979 298 247
READ 438707 485 0
READ 531395 790 0
WRITE 203864 863 58
WRITE 136427 473 57
READ 830762 165 0
READ 303464 476 0
WRITE 770860 401 240
READ 979642 862 0
WRITE 943226 296 251
WRITE 486778 524 111
READ 853935 667 0
WRITE 278711 677 127
READ 281696 489 0
WRITE 879187 598 178
WRITE 707740 298 102
WRITE 565098 722 191
READ 287941 173 0
READ 295919 864 0
READ 18071 570 0
WRITE 369594 906 203
WRITE 777340 377 225
READ 115846 1006 0
WRITE 961059 14 84
WRITE 616335 273 207
WRITE 620849 919 49
READ 161028 1018 0
WRITE 1000703 138 204
READ 222185 323 0
READ 304383 550 0
WRITE 379878 375 26
READ 241586 358 0
WRITE 728706 840 126
WRITE 100058 436 91
READ 196367 933 0
WRITE 497612 179 201
READ 454683 574 0
READ 448138 799 0
READ 24602 997 0
WRITE 890214 792 169
READ 82664 500 0
WRITE 680782 648 216
WRITE 140943 410 39
READ 151544 961 0
WRITE 556339 479 251
WRITE 498696 458 95
WRITE 272441 566 194
WRITE 514056 427 198
WRITE 344054 14 5
WRITE 107467 542 88
WRITE 948091 409 42
WRITE 158741 529 108
WRITE 778933 689 134
READ 23112 928 0
WRITE 885299 779 189
WRITE 305492 776 68
READ 437111 151 0
READ 686241 805 0
WRITE 209909 147 144
WRITE 772800 606 117
READ 627997 835 0
WRITE 364249 45 44
WRITE 8608 123 204
WRITE 143054 673 101
READ 682875 680 0
READ 121785 46 0
WRITE 175129 181 201
READ 582210 916 0
WRITE 640509 531 162
WRITE 699726 857 152
WRITE 307691 786 206
WRITE 83113 341 206
WRITE 183818 353 80
WRITE 1001278 263 206
READ 294324 423 0
WRITE 794688 630 177
READ 732303 105 0
READ 862179 819 0
READ 193698 265 0
WRITE 673532 287 172
READ 186381 711 0
WRITE 26670 9 109
READ 21563 753 0
READ 599115 456 0
READ 410412 644 0
WRITE 126176 774 168
WRITE 1040387 64 111
READ 185363 488 0
READ 180455 147 0
WRITE 690908 998 129
WRITE 21094 426 162
READ 170285 99 0
WRITE 613049 126 108
WRITE 422378 801 212
READ 924271 312 0
WRITE 414310 684 119
WRITE 312706 967 186
WRITE 239364 314 220
WRITE 297914 816 161
WRITE 958514 557 180
WRITE 724802 484 19
WRITE 824850 656 177
READ 370470 683 0
READ 446658 37 0
READ 861871 564 0
WRITE 243211 969 3
WRITE 136906 21 215
READ 667329 113 0
WRITE 782038 391 133
READ 671552 429 0
WRITE 12539 742 194
READ 1024409 405 0
READ 496557 581 0
WRITE 976328 663 68
READ 1031978 904 0
WRITE 726307 516 113
WRITE 837808 204 89
WRITE 24408 291 115
READ 340163 145 0
READ 236365 841 0
WRITE 646630 387 14
WRITE 979031 387 232
WRITE 663750 635 4
WRITE 440646 274 234
WRITE 241352 154 173
WRITE 934480 485 33
READ 226225 327 0
READ 324845 339 0
READ 67006 936 0
READ 889685 3 0
WRITE 748299 198 230
WRITE 968028 370 208
READ 687467 273 0
READ 695711 785 0
WRITE 780263 884 213
READ 299804 408 0
READ 393800 767 0
READ 79480 855 0
WRITE 242394 780 59
WRITE 965586 884 96
WRITE 594695 792 15
READ 112852 279 0
WRITE 790428 30 30
READ 665815 636 0
WRITE 413721 993 9
WRITE 609495 931 221
READ 950919 118 0
WRITE 462238 109 172
WRITE 958096 127 44
WRITE 348499 210 55
WRITE 850194 640 11
READ 649268 795 0
READ 957639 965 0
READ 703378 886 0
WRITE 875639 978 69
READ 506770 623 0
READ 533515 476 0
READ 84729 426 0
WRITE 419272 1013 94
WRITE 992874 71 109
WRITE 310743 464 177
WRITE 413054 622 8
WRITE 768614 963 152
READ 1006963 451 0
WRITE 407743 362 101
WRITE 597288 550 151
WRITE 895967 108 112
WRITE 939392 829 168
WRITE 289637 230 226
WRITE 195134 574 40
READ 710573 272 0
WRITE 113749 130 243
READ 216277 705 0
WRITE 801607 760 159
WRITE 902732 505 124
WRITE 564934 1006 145
WRITE 120006 115 8
READ 858859 278 0
WRITE 1001972 498 29
WRITE 513759 1008 132
WRITE 12491 154 172
READ 735835 255 0
READ 375402 164 0
READ 280112 140 0
READ 732608 591 0
WRITE 848443 164 194
WRITE 813528 352 174
WRITE 932008 999 128
WRITE 921190 391 162
WRITE 360324 93 80
WRITE 937820 185 188
READ 581136 1022 0
WRITE 873581 78 124
READ 185804 303 0
WRITE 147977 586 3
WRITE 733312 957 150
WRITE 350475 530 129
WRITE 1001190 463 231
WRITE 461641 783 79
READ 306879 752 0
READ 168944 266 0
WRITE 70673 445 72
WRITE 561867 1002 31
WRITE 123185 60 237
WRITE 137626 930 69
WRITE 589742 414 1
WRITE 171673 656 52
READ 274493 907 0
WRITE 863168 750 111
WRITE 675490 381 24
READ 124584 545 0
WRITE 640520 644 223
WRITE 1015175 191 40
WRITE 422377 200 249
WRITE 509454 111 245
WRITE 951847 471 142
WRITE 503476 905 115
WRITE 728561 638 237
READ 141398 397 0
WRITE 766077 1010 17
WRITE 198648 536 9
READ 624869 99 0
WRITE 788151 957 176
WRITE 2210 472 229
WRITE 81536 571 75
READ 91016 481 0
WRITE 741490 14 66
WRITE 506384 12 133
WRITE 850775 226 186
READ 26308 597 0
WRITE 322348 396 64
WRITE 377104 882 37
WRITE 589472 1007 252
WRITE 465957 872 158
WRITE 610799 112 76
WRITE 1021543 552 106
WRITE 385727 848 173
WRITE 400926 52 62
WRITE 417370 537 24
READ 705206 618 0
WRITE 341397 309 189
WRITE 235759 831 170
WRITE 1023056 434 14
READ 272149 682 0
READ 524310 417 0
READ 241221 1022 0
READ 459551 692 0
WRITE 94691 213 17
WRITE 909006 99 42
READ 450689 400 0
READ 722427 754 0
WRITE 703500 669 205
READ 388389 372 0
WRITE 262204 35 180
READ 203403 488 0
READ 592876 444 0
WRITE 929031 523 91
WRITE 858016 31 140
READ 194586 247 0
WRITE 425806 151 253
WRITE 54780 23 31
WRITE 553202 681 27
READ 895840 1015 0
WRITE 45886 941 103
WRITE 30711 376 110
WRITE 347914 923 64
WRITE 109407 76 223
WRITE 270751 95 203
READ 549369 404 0
READ 886269 939 0
WRITE 115406 892 226
READ 847883 77 0
READ 494952 946 0
WRITE 463177 628 169
WRITE 295989 403 106
WRITE 338657 845 17
WRITE 608772 122 252
WRITE 737839 676 24
READ 584042 221 0
READ 425492 999 0
WRITE 869646 815 113
WRITE 175635 324 123
READ 51760 628 0
READ 1037282 794 0
WRITE 447435 1008 55
WRITE 859006 641 79
WRITE 764369 845 232
READ 144895 715 0
WRITE 336010 437 155
WRITE 178547 515 131
READ 2309 570 0
READ 616509 431 0
WRITE 498515 590 239
WRITE 897124 526 204
READ 215609 528 0
WRITE 80551 237 121
READ 44808 369 0
READ 828647 102 0
WRITE 211574 397 44
WRITE 544091 611 121
READ 18854 304 0
WRITE 740575 109 252
READ 786201 83 0
WRITE 500520 995 225
WRITE 447411 308 126
WRITE 617947 286 166
WRITE 187402 51 162
READ 583526 745 0
READ 85580 846 0
WRITE 264919 821 201
READ 390508 629 0
WRITE 905500 989 194
WRITE 579765 90 19
WRITE 126299 939 183
WRITE 492144 755 211
WRITE 945006 210 37
WRITE 978647 463 123
READ 181839 25 0
WRITE 705206 513 29
WRITE 868231 365 137
READ 914878 992 0
WRITE 841859 206 165
READ 382400 747 0
READ 993426 513 0
READ 1027142 754 0
WRITE 756149 874 197
WRITE 358370 338 188
WRITE 836710 698 172
READ 670217 311 0
WRITE 423947 604 184
WRITE 990376 391 112
WRITE 820929 939 114
WRITE 728633 837 237
WRITE 103580 930 216
WRITE 969208 863 68
WRITE 801252 839 203
READ 565071 682 0
READ 540199 386 0
READ 118440 712 0
READ 640962 533 0
READ 777572 1005 0
READ 798737 1013 0
WRITE 271904 955 52
WRITE 327094 682 122
WRITE 827087 338 8
WRITE 159237 913 213
READ 92167 15 0
WRITE 872851 72 154
READ 778838 182 0
WRITE 573171 634 233
WRITE 236940 172 130
WRITE 142968 277 54
WRITE 675386 193 171
READ 713140 117 0
READ 334291 124 0
WRITE 305340 208 37
READ 753005 821 0
WRITE 61547 371 166
WRITE 930913 116 204
WRITE 314586 953 198
READ 304376 570 0
WRITE 320494 361 166
READ 936167 573 0
WRITE 369624 687 93
WRITE 941758 86 53
WRITE 484640 513 119
READ 920225 731 0
WRITE 764977 664 152
WRITE 207764 968 183
READ 1006892 626 0
WRITE 472706 1019 158
WRITE 70126 860 68
READ 216244 966 0
READ 161318 248 0
WRITE 232555 937 75
READ 540846 695 0
READ 127250 954 0
WRITE 818103 101 210
READ 708652 716 0
WRITE 815935 259 247
READ 272034 286 0
WRITE 333592 771 11
WRITE 1023264 1 75
WRITE 699874 964 184
WRITE 799946 359 105
WRITE 444050 516 51
WRITE 86270 751 82
READ 318659 447 0
WRITE 130505 727 212
READ 720937 65 0
WRITE 57323 610 87
WRITE 360938 877 210
WRITE 299313 891 150
READ 250481 524 0
WRITE 1020385 470 146
WRITE 171930 661 40
READ 605054 92 0
READ 524172 457 0
WRITE 977217 665 59
WRITE 261851 674 198
WRITE 870409 248 76
WRITE 791376 337 150
WRITE 167557 152 218
WRITE 789488 480 120
READ 982556 258 0
WRITE 252869 1014 45
WRITE 560344 355 58
WRITE 571696 227 240
WRITE 1044626 563 184
READ 220863 441 0
READ 700050 264 0
WRITE 796175 710 25
WRITE 992912 251 48
WRITE 811492 727 228
WRITE 455186 754 204
WRITE 16084 396 235
WRITE 98322 1011 34
READ 514175 754 0
WRITE 855877 465 35
WRITE 865028 711 159
WRITE 601527 476 214
READ 904626 354 0
WRITE 784990 440 191
READ 446781 704 0
READ 561564 608 0
READ 363474 143 0
WRITE 190884 188 127
READ 546045 518 0
WRITE 420623 863 194
WRITE 801736 953 91
WRITE 1016787 823 71
READ 632299 969 0
READ 327762 967 0
WRITE 530035 483 35
WRITE 659694 668 153
WRITE 510708 186 79
READ 605117 609 0
WRITE 650811 555 80
WRITE 615688 1007 138
WRITE 291258 736 34
READ 55608 935 0
READ 414385 295 0
WRITE 954182 821 62
WRITE 280454 213 157
READ 921489 550 0
READ 217050 306 0
READ 656266 896 0
READ 372910 601 0
WRITE 598580 73 172
WRITE 764468 631 107
WRITE 274571 1024 16
WRITE 714729 753 59
READ 839733 554 0
WRITE 102363 418 125
WRITE 189702 63 113
WRITE 266114 158 40
WRITE 517434 13 4
WRITE 798168 705 154
READ 1038407 310 0
READ 994962 256 0
WRITE 504919 625 121
READ 351017 83 0
READ 385695 321 0
READ 318328 167 0
WRITE 872632 317 137
WRITE 638253 306 22
WRITE 574551 589 62
READ 446278 652 0
WRITE 321086 542 33
WRITE 812612 284 63
READ 92799 115 0
WRITE 676159 186 28
WRITE 127795 804 126
READ 414277 552 0
WRITE 799891 413 182
WRITE 323344 593 72
READ 412654 208 0
WRITE 588024 352 222
WRITE 128131 157 31
WRITE 32286 559 234
WRITE 788974 906 166
READ 627210 808 0
WRITE 840392 585 217
WRITE 775357 84 12
WRITE 405225 1023 199
WRITE 857371 449 69
READ 204257 567 0
WRITE 907034 396 228
READ 308375 716 0
READ 309807 233 0
READ 401562 968 0
WRITE 514604 981 247
READ 46450 832 0
READ 446307 721 0
WRITE 411504 353 180
WRITE 857920 973 246
READ 136139 464 0
READ 474864 291 0
READ 590491 144 0
READ 491610 325 0
WRITE 904418 554 68
WRITE 80855 607 13
WRITE 620234 636 4
WRITE 523286 378 177
READ 203352 664 0
READ 960382 823 0
WRITE 791672 1006 106
WRITE 872102 313 9
READ 381687 532 0
WRITE 890665 601 237
WRITE 290243 456 44
WRITE 976613 967 106
WRITE 519251 336 171
WRITE 65072 65 53
WRITE 755656 601 47
WRITE 571016 939 38
WRITE 424078 356 126
WRITE 871345 722 65
WRITE 728548 190 245
WRITE 503689 904 101
WRITE 973097 273 245
READ 35858 455 0
WRITE 1041394 461 141
WRITE 631979 181 245
WRITE 192632 149 239
WRITE 545348 387 64
WRITE 472342 494 79
READ 53975 598 0
WRITE 306932 573 61
WRITE 751131 211 146
WRITE 702964 954 33
READ 385590 797 0
READ 313651 817 0
READ 165888 396 0
WRITE 557920 320 16
WRITE 941659 36 201
WRITE 31871 132 194
WRITE 666241 773 121
WRITE 423037 551 120
READ 534134 764 0
READ 589506 33 0
WRITE 384525 847 119
READ 977997 692 0
WRITE 98382 338 82
WRITE 674042 593 36
WRITE 136452 417 213
WRITE 626140 186 222
READ 949807 421 0
READ 312258 1014 0
READ 82149 704 0
READ 454812 784 0
WRITE 910840 894 170
READ 982106 512 0
WRITE 949198 169 170
WRITE 337223 467 67
READ 680599 705 0
READ 460494 775 0
WRITE 425209 667 166
WRITE 67674 791 194
WRITE 498501 586 185
WRITE 322281 157 175
WRITE 633260 399 34
WRITE 833593 599 136
WRITE 781550 131 45
READ 600892 894 0
WRITE 289498 628 94
READ 571132 1011 0
WRITE 225630 764 121
WRITE 497011 93 6
WRITE 140643 522 63
READ 205581 301 0
WRITE 227486 933 185
READ 269090 348 0
WRITE 297070 658 166
WRITE 201222 751 248
WRITE 998863 770 238
WRITE 12660 632 224
WRITE 715915 319 134
READ 188320 270 0
WRITE 312785 967 133
READ 592705 485 0
WRITE 108048 278 143
WRITE 338835 777 135
READ 1006834 560 0
WRITE 1021657 55 2
READ 139130 156 0
WRITE 845241 955 38
WRITE 901091 146 8
WRITE 240424 1018 229
WRITE 506618 198 86
READ 675647 705 0
WRITE 768254 191 30
READ 222684 381 0
WRITE 39886 943 125
WRITE 6695 629 239
WRITE 30788 396 137
WRITE 656122 584 208
WRITE 986199 568 101
WRITE 48006 323 93
READ 302342 812 0
READ 863103 882 0
WRITE 133881 743 77
READ 981596 669 0
READ 770263 533 0
WRITE 272777 816 175
WRITE 309557 769 193
READ 304876 815 0
READ 621282 416 0
READ 367327 236 0
WRITE 325690 845 69
WRITE 404912 78 188
READ 738819 487 0
WRITE 1027716 839 225
WRITE 842310 489 136
WRITE 328117 715 192
READ 683419 967 0
WRITE 21847 185 172
WRITE 986904 949 253
READ 477199 306 0
WRITE 381023 326 182
WRITE 288346 677 132
WRITE 726371 166 172
READ 882998 224 0
WRITE 54488 931 188
WRITE 180847 510 98
WRITE 541800 126 60
WRITE 778701 724 234
READ 766708 274 0
WRITE 28343 424 12
WRITE 736164 131 40
READ 634293 957 0
READ 244136 24 0
WRITE 464101 845 229
READ 703603 44 0
WRITE 1015305 807 252
WRITE 661668 732 6
READ 26318 31 0
WRITE 769155 759 104
WRITE 504346 482 62
WRITE 887446 938 71
READ 775942 322 0
READ 514476 845 0
READ 342698 834 0
WRITE 447565 458 188
WRITE 514326 395 54
READ 991509 222 0
WRITE 299680 680 147
WRITE 347047 131 201
WRITE 273859 238 40
WRITE 29433 256 6
READ 128000 936 0
WRITE 399046 187 87
WRITE 381315 760 11
READ 399622 507 0
READ 972727 676 0
WRITE 87471 865 46
WRITE 80926 726 188
WRITE 374535 202 133
READ 878325 761 0
READ 409904 360 0
WRITE 926780 381 164
WRITE 556646 365 9
WRITE 159652 761 251
WRITE 650386 582 217
WRITE 324914 374 78
READ 983952 745 0
WRITE 669577 919 135
WRITE 421590 958 50
WRITE 7346 642 156
WRITE 365291 211 2
READ 240646 123 0
WRITE 22401 704 74
WRITE 110638 255 136
WRITE 125796 629 255
WRITE 559268 190 121
READ 414234 466 0
READ 155246 934 0
WRITE 634735 958 67
WRITE 808438 205 182
READ 782435 906 0
READ 730791 906 0
WRITE 321215 88 224
WRITE 673050 960 208
WRITE 164200 921 234
WRITE 531192 364 74
READ 952563 650 0
READ 569269 169 0
WRITE 285918 369 253
WRITE 930962 704 43
WRITE 273684 672 202
WRITE 282925 536 214
WRITE 524684 14 184
WRITE 511708 104 137
READ 261816 704 0
READ 113478 374 0
WRITE 248610 290 238
READ 959372 217 0
WRITE 273295 972 209
WRITE 360118 73 65
WRITE 618660 68 229
WRITE 750752 385 52
READ 640169 283 0
WRITE 790882 628 255
WRITE 499849 823 49
WRITE 267279 624 65
WRITE 520218 153 166
WRITE 92598 877 151
WRITE 874167 153 151
WRITE 340730 99 205
WRITE 539306 999 68
WRITE 71098 209 79
WRITE 911061 260 126
READ 691369 631 0
WRITE 934488 873 179
WRITE 82251 702 47
READ 358878 859 0
WRITE 105546 514 154
WRITE 709676 659 97
READ 895536 510 0
READ 10559 119 0
READ 666759 558 0
WRITE 280246 33 197
READ 495992 282 0
WRITE 472138 133 70
WRITE 75409 107 246
READ 905828 320 0
WRITE 400752 543 252
WRITE 379951 779 251
READ 329328 555 0
WRITE 890035 590 220
WRITE 999108 53 112
READ 856462 3 0
WRITE 746023 354 102
WRITE 210111 371 175
WRITE 721288 672 85
READ 32889 939 0
WRITE 133669 420 239
READ 204451 297 0
READ 22028 706 0
WRITE 121906 764 92
WRITE 87010 763 194
WRITE 581571 884 16
WRITE 363910 201 41
READ 155753 225 0
WRITE 994503 958 63
WRITE 539294 427 235
READ 830342 144 0
READ 379004 542 0
WRITE 838648 775 13
READ 469340 639 0
READ 396706 447 0
WRITE 266449 52 13
WRITE 896231 252 226
WRITE 116312 741 93
READ 344715 973 0
WRITE 467936 920 53
WRITE 400091 569 138
READ 584896 914 0
WRITE 8014 408 105
WRITE 869717 264 68
WRITE 138759 180 221
WRITE 716356 176 109
WRITE 929539 906 134
READ 469520 763 0
READ 575475 82 0
READ 724366 647 0
WRITE 795348 976 252
WRITE 587430 303 184
WRITE 107696 997 254
READ 645534 134 0
WRITE 524030 663 224
WRITE 484926 784 255
READ 883344 20 0
WRITE 397757 11 90
WRITE 1012084 868 128
WRITE 606341 84 94
WRITE 687487 977 153
WRITE 50046 369 142
WRITE 692285 618 77
WRITE 366217 280 166
WRITE 210334 777 120
WRITE 837417 307 230
READ 51707 819 0
WRITE 1016992 929 171
WRITE 381817 557 223
WRITE 856134 671 134
WRITE 268507 91 177
WRITE 207926 804 169
WRITE 213927 377 139
WRITE 1019522 445 224
WRITE 980788 347 233
READ 889114 852 0
WRITE 574433 826 15
READ 526557 528 0
WRITE 469336 651 199
WRITE 607051 414 75
WRITE 224588 906 235
WRITE 605035 428 164
WRITE 739166 299 104
READ 886220 119 0
WRITE 429857 836 255
WRITE 619264 336 67
WRITE 848377 515 13
WRITE 27135 86 186
READ 167229 974 0
READ 416329 918 0
WRITE 537707 690 169
WRITE 929580 190 0
WRITE 6431 179 25
WRITE 991124 530 65
READ 270692 562 0
WRITE 353017 350 215
WRITE 43618 202 174
WRITE 724710 986 150
READ 837676 482 0
READ 287061 40 0
WRITE 698833 37 204
WRITE 165563 272 129
WRITE 493452 985 42
READ 668356 176 0
WRITE 131055 492 99
READ 567371 10 0
READ 993139 329 0
WRITE 44124 268 51
WRITE 1022539 241 217
WRITE 726007 378 137
WRITE 482968 356 166
WRITE 981000 434 202
WRITE 63310 431 62
READ 436220 920 0
WRITE 977178 724 9
WRITE 1046123 926 142
WRITE 530252 308 64
WRITE 685509 488 211
READ 917925 557 0
READ 236198 215 0
READ 103084 1024 0
READ 114936 748 0
WRITE 660094 454 242
WRITE 343440 1006 31
WRITE 249421 107 83
WRITE 733308 254 221
WRITE 623232 548 97
READ 520228 287 0
WRITE 351041 983 200
WRITE 350179 1017 31
WRITE 762309 923 94
WRITE 755137 474 142
WRITE 303955 13 84
READ 961616 979 0
READ 743102 360 0
READ 880848 837 0
WRITE 956958 665 123
WRITE 219741 43 202
WRITE 242987 258 255
WRITE 76217 392 126
WRITE 358305 82 215
WRITE 606341 810 136
WRITE 753049 752 225
WRITE 235698 1021 97
READ 392259 992 0
READ 371428 868 0
WRITE 336705 278 205
WRITE 336034 490 223
WRITE 453096 728 34
READ 892693 984 0
READ 1027746 200 0
WRITE 417826 188 82
WRITE 376091 881 31
READ 968863 1007 0
WRITE 374307 743 14
WRITE 331609 688 201
WRITE 998273 342 52
WRITE 492610 499 83
READ 1037196 409 0
READ 690909 1002 0
READ 872724 430 0
READ 124903 843 0
WRITE 606800 958 197
WRITE 218627 156 163
WRITE 631380 511 58
READ 874737 216 0
WRITE 453980 843 178
READ 147247 322 0
READ 336751 465 0
WRITE 297883 36 29
READ 805429 71 0
WRITE 414264 75 91
WRITE 772165 777 197
READ 561196 933 0
READ 384590 852 0
WRITE 23957 470 99
READ 201501 200 0
WRITE 428083 784 231
READ 183411 154 0
WRITE 268539 567 210
READ 544364 207 0
WRITE 85142 415 147
READ 179945 219 0
WRITE 539005 798 241
READ 134853 856 0
READ 1037708 550 0
WRITE 924717 222 212
WRITE 319522 426 201
WRITE 1039744 176 102
WRITE 136957 134 241
READ 186587 72 0
WRITE 417172 440 51
WRITE 881383 309 115
WRITE 278514 507 12
WRITE 193450 272 16
WRITE 687119 665 162
WRITE 154171 439 105
READ 346084 853 0
WRITE 990439 489 197
WRITE 546254 911 46
WRITE 479155 44 200
WRITE 657250 447 86
READ 475717 85 0
WRITE 701061 344 82
WRITE 336946 145 231
WRITE 801983 648 195
WRITE 105468 48 65
WRITE 286214 676 7
READ 690554 957 0
READ 684894 464 0
WRITE 313499 44 2
WRITE 946247 166 200
WRITE 237061 796 154
READ 528441 227 0
WRITE 136050 869 69
READ 605646 26 0
READ 942230 773 0
WRITE 617918 513 35
WRITE 442735 157 64
WRITE 414938 224 105
WRITE 481341 117 84
WRITE 633494 533 119
READ 977438 566 0
READ 972156 190 0
WRITE 594619 463 40
WRITE 621816 661 69
WRITE 891042 425 142
WRITE 567586 689 116
WRITE 223199 1005 76
WRITE 464763 1022 100
READ 89495 872 0
WRITE 36988 1 197
READ 117013 615 0
WRITE 896889 494 217
WRITE 310984 301 124
WRITE 420932 495 34
READ 992568 964 0
WRITE 353695 864 193
WRITE 231026 206 184
READ 542500 885 0
READ 295203 761 0
WRITE 593356 555 72
WRITE 1011964 375 241
WRITE 975884 240 69
WRITE 706198 79 111
WRITE 175217 771 106
WRITE 908440 797 134
READ 362232 29 0
WRITE 902187 79 39
READ 418693 114 0
READ 519916 171 0
WRITE 948117 432 149
WRITE 1009549 136 11
WRITE 716054 651 23
READ 745614 149 0
WRITE 232974 186 109
READ 991853 670 0
READ 647617 784 0
READ 286650 607 0
READ 100160 140 0
WRITE 937124 688 83
READ 869215 854 0
READ 655632 416 0
READ 858645 382 0
WRITE 730702 15 124
WRITE 836455 266 87
READ 1020114 6 0
WRITE 226004 1012 225
WRITE 713131 518 202
READ 837482 661 0
READ 925513 267 0
READ 636938 242 0
READ 287594 195 0
WRITE 974656 171 143
WRITE 329468 381 2
WRITE 985818 342 11
READ 563236 94 0
READ 167962 878 0
WRITE 887727 903 156
READ 482840 654 0
WRITE 440130 161 132
WRITE 910123 187 220
READ 1027537 208 0
WRITE 50889 191 58
READ 967992 854 0
WRITE 104856 565 165
WRITE 998969 61 123
WRITE 373059 709 210
READ 485438 383 0
READ 232397 641 0
WRITE 222390 493 173
WRITE 827861 1000 231
WRITE 283913 1001 5
WRITE 557562 280 234
WRITE 639046 220 181
WRITE 5536 233 222
WRITE 832500 496 149
WRITE 129056 931 91
READ 921456 993 0
WRITE 223115 972 210
READ 132360 288 0
READ 710861 917 0
WRITE 304613 77 87
WRITE 376302 473 7
READ 702341 812 0
READ 826394 217 0
READ 917534 427 0
WRITE 1047106 422 36
READ 545771 54 0
READ 239591 5 0
READ 566378 734 0
WRITE 712233 188 56
WRITE 537321 952 183
READ 826579 765 0
READ 29352 791 0
WRITE 745769 344 46
WRITE 868436 627 205
WRITE 737663 736 61
WRITE 411981 460 202
WRITE 585406 748 243
WRITE 463863 326 77
WRITE 37434 2 116
READ 900682 900 0
WRITE 607173 475 112
WRITE 733386 14 205
WRITE 849290 50 15
READ 113311 842 0
WRITE 295258 188 141
WRITE 454118 89 168
WRITE 633034 487 132
READ 742308 737 0
WRITE 336238 65 100
READ 339090 921 0
WRITE 371143 681 128
WRITE 569198 844 215
WRITE 471802 670 160
WRITE 167783 992 146
WRITE 141978 479 76
READ 970476 271 0
WRITE 621521 169 46
READ 990756 709 0
READ 190132 321 0
WRITE 223295 331 61
READ 407075 592 0
WRITE 564686 151 112
READ 1039704 876 0
READ 787350 188 0
READ 83989 749 0
WRITE 968067 705 56
WRITE 260032 433 158
WRITE 1008844 185 9
WRITE 126244 872 148
WRITE 548304 909 108
READ 294678 101 0
WRITE 391770 214 197
WRITE 639322 990 137
READ 698776 560 0
READ 517052 320 0
WRITE 826061 622 50
WRITE 556197 259 58
WRITE 805840 857 103
WRITE 705385 691 83
WRITE 783585 646 144
READ 906782 182 0
READ 374469 357 0
WRITE 436196 92 122
WRITE 392117 74 8
WRITE 472912 218 55
WRITE 708901 486 251
WRITE 93444 573 167
WRITE 177903 629 59
READ 10538 552 0
WRITE 641683 811 239
READ 949727 358 0
READ 403165 788 0
WRITE 407347 692 172
WRITE 54122 452 246
WRITE 452427 9 164
READ 407868 486 0
READ 766878 973 0
WRITE 640760 536 187
WRITE 128276 697 5
WRITE 74927 950 159
WRITE 574289 277 54
WRITE 444173 15 152
READ 549843 699 0
WRITE 208615 184 20
READ 340381 30 0
WRITE 698117 649 23
READ 1001747 205 0
WRITE 857534 536 167
WRITE 352749 739 181
WRITE 900347 81 14
READ 957017 756 0
WRITE 750447 248 81
WRITE 394490 764 37
WRITE 652516 386 162
WRITE 747520 789 177
WRITE 335830 16 208
WRITE 270552 487 177
WRITE 760528 713 85
WRITE 558320 558 212
WRITE 77937 252 30
READ 314062 284 0
WRITE 892365 996 75
READ 944643 884 0
WRITE 450139 42 149
WRITE 187244 246 31
READ 617257 798 0
WRITE 744658 508 99
READ 340294 77 0
WRITE 888025 740 158
WRITE 928627 218 240
READ 180356 1001 0
WRITE 42297 416 139
READ 293556 469 0
WRITE 668387 876 105
READ 330712 151 0
WRITE 1002944 557 154
WRITE 620445 857 33
WRITE 1039744 62 3
WRITE 108970 647 17
READ 228636 273 0
WRITE 880076 715 63
READ 575068 824 0
WRITE 85413 971 147
WRITE 904582 745 71
WRITE 660591 693 113
WRITE 874840 354 211
WRITE 419822 406 29
WRITE 771070 117 150
WRITE 156775 727 100
WRITE 632837 555 211
WRITE 508309 246 195
WRITE 169256 261 212
READ 681278 301 0
WRITE 846428 838 152
READ 712209 581 0
WRITE 120772 900 154
WRITE 861260 374 237
WRITE 491921 975 80
WRITE 831461 912 159
WRITE 761178 949 234
READ 42327 321 0
WRITE 11262 113 117
WRITE 455505 592 161
WRITE 23573 721 249
READ 53125 845 0
WRITE 10593 737 78
READ 366566 903 0
WRITE 769981 105 3
WRITE 1028450 266 80
WRITE 546344 834 177
READ 652592 493 0
READ 375201 614 0
READ 651120 92 0
WRITE 272727 42 76
READ 136348 454 0
WRITE 165596 606 43
WRITE 144137 803 170
READ 598697 254 0
READ 653961 722 0
READ 20072 302 0
WRITE 536686 717 17
WRITE 154542 893 54
READ 462029 413 0
WRITE 591033 939 131
WRITE 226126 79 154
READ 561420 183 0
WRITE 835129 432 8
READ 395257 892 0
WRITE 638197 132 207
READ 620766 786 0
WRITE 944862 732 109
WRITE 505409 170 16
WRITE 248033 922 63
WRITE 240304 808 134
WRITE 426117 591 12
WRITE 416076 491 161
READ 292525 969 0
WRITE 715110 45 89
WRITE 743364 794 211
READ 1037556 985 0
WRITE 142358 427 5
WRITE 896191 172 166
WRITE 73824 644 212
WRITE 60949 415 84
WRITE 258060 980 94
WRITE 743303 363 133
READ 736496 266 0
WRITE 434155 88 15
WRITE 732940 304 2
WRITE 357467 682 102
WRITE 535149 943 56
READ 973669 794 0
READ 454610 920 0
READ 337165 280 0
WRITE 321432 933 74
WRITE 293262 582 120
WRITE 100742 624 239
WRITE 175819 743 12
WRITE 551919 691 204
WRITE 655624 771 88
READ 11374 1008 0
WRITE 861530 301 25
READ 1010066 689 0
WRITE 841981 909 112
READ 405120 348 0
WRITE 645238 471 8
WRITE 873884 550 4
READ 87352 991 0
WRITE 151353 403 157
WRITE 44127 294 209
READ 83665 903 0
WRITE 242028 900 185
WRITE 1029396 256 117
WRITE 709747 609 62
WRITE 753589 119 58
WRITE 247746 300 165
WRITE 354067 743 171
WRITE 1009831 1005 29
WRITE 426489 910 215
READ 288416 945 0
READ 612777 726 0
READ 697967 986 0
WRITE 196762 5 158
READ 894714 685 0
WRITE 551132 716 154
WRITE 445657 43 220
WRITE 122997 841 90
READ 819261 412 0
WRITE 84931 977 230
WRITE 405268 882 219
READ 491697 269 0
WRITE 918197 454 130
WRITE 21458 72 179
WRITE 930838 194 52
WRITE 826799 394 52
WRITE 332641 632 234
READ 73647 223 0
WRITE 779177 435 226
READ 689786 598 0
READ 183733 649 0
READ 811017 885 0
WRITE 284228 853 217
WRITE 120733 888 148
READ 464288 966 0
WRITE 923141 441 39
WRITE 44393 674 89
READ 516768 969 0
WRITE 280235 448 40
READ 679403 331 0
WRITE 304714 547 66
READ 1012759 492 0
READ 770756 517 0
WRITE 618599 915 105
WRITE 231938 355 220
WRITE 383757 259 98
WRITE 931983 586 28
READ 857439 880 0
READ 509462 479 0
WRITE 729721 940 149
WRITE 936580 759 134
WRITE 452092 16 153
READ 100058 267 0
WRITE 202801 631 142
READ 425485 349 0
WRITE 940316 831 243
WRITE 876782 89 85
WRITE 668687 781 169
READ 121895 797 0
WRITE 164584 652 185
WRITE 418674 503 58
WRITE 1039781 623 120
READ 368442 866 0
WRITE 978301 421 245
WRITE 1044945 576 117
WRITE 1013157 640 250
READ 63176 141 0
WRITE 655167 570 100
WRITE 904489 440 206
WRITE 881573 106 143
WRITE 385773 587 61
READ 84728 1017 0
WRITE 75950 298 45
READ 505831 6 0
WRITE 930716 245 117
WRITE 874574 690 171
READ 911199 415 0
READ 607710 558 0
WRITE 61449 518 52
READ 529944 81 0
WRITE 629114 999 179
READ 1028059 988 0
WRITE 544056 527 194
WRITE 188002 362 186
WRITE 98799 333 175
READ 88786 336 0
WRITE 112164 46 172
WRITE 922560 390 78
WRITE 490333 146 208
WRITE 51546 243 210
WRITE 437891 302 250
WRITE 624561 131 234
WRITE 512817 29 6
WRITE 617311 153 88
WRITE 660947 784 114
READ 212216 533 0
READ 849222 773 0
READ 1003448 763 0
WRITE 826688 258 198
WRITE 320588 430 198
WRITE 891244 320 211
WRITE 415740 37 254
WRITE 348819 81 23
WRITE 735361 782 156
WRITE 578743 996 215
WRITE 733536 261 180
WRITE 1004560 343 6
WRITE 466748 231 239
READ 640706 649 0
WRITE 806632 164 222
WRITE 686153 985 31
READ 524365 884 0
WRITE 19104 208 25
READ 873217 834 0
WRITE 201229 1012 149
READ 769487 362 0
WRITE 936364 706 16
WRITE 878186 797 177
READ 225328 942 0
WRITE 869976 26 171
READ 421383 693 0
WRITE 475096 742 218
WRITE 567189 452 240
WRITE 174137 593 76
WRITE 949507 168 89
WRITE 683032 419 208
READ 253682 253 0
READ 718612 571 0
WRITE 829544 628 205
READ 390192 795 0
WRITE 242311 938 73
READ 80125 848 0
WRITE 917957 274 171
WRITE 934567 820 76
READ 1006353 430 0
READ 375033 261 0
WRITE 642854 988 209
WRITE 422007 83 223
WRITE 982077 646 99
WRITE 819355 618 219
WRITE 503885 25 40
WRITE 845019 823 135
WRITE 200780 397 162
READ 329934 539 0
WRITE 176704 709 180
WRITE 222969 88 136
READ 125043 858 0
WRITE 343155 97 193
WRITE 305899 398 136
WRITE 374216 677 89
WRITE 228992 421 244
WRITE 890964 775 159
WRITE 761224 1021 168
READ 153255 73 0
WRITE 178349 18 201
WRITE 1009222 404 34
WRITE 552708 249 156
WRITE 721911 25 190
WRITE 408109 290 184
WRITE 105258 801 170
READ 29025 69 0
WRITE 145432 896 207
WRITE 819304 531 186
WRITE 779000 85 235
WRITE 416601 169 88
READ 549028 528 0
WRITE 560649 316 250
READ 1046648 448 0
READ 1039473 409 0
WRITE 399255 665 245
WRITE 787916 296 133
READ 247020 386 0
READ 670295 531 0
WRITE 456085 262 209
WRITE 372928 889 203
WRITE 886732 815 14
READ 960774 489 0
WRITE 249876 775 132
WRITE 686727 948 40
READ 995341 334 0
WRITE 751951 953 44
WRITE 198267 753 132
WRITE 101464 960 250
WRITE 867710 478 205
READ 714709 662 0
WRITE 476182 952 164
WRITE 958911 18 148
WRITE 6480 873 22
WRITE 706914 53 98
READ 500243 212 0
READ 406403 21 0
READ 370816 200 0
WRITE 927849 960 16
READ 258296 404 0
WRITE 793343 174 198
WRITE 430370 291 158
WRITE 207446 650 32
READ 904792 418 0
WRITE 591201 435 219
WRITE 598475 973 43
READ 695941 888 0
WRITE 394338 284 31
WRITE 905862 412 54
WRITE 746574 632 114
READ 478322 232 0
WRITE 94085 986 88
WRITE 264659 641 174
WRITE 130070 34 134
WRITE 563894 749 212
READ 984467 250 0
READ 568789 186 0
READ 895017 900 0
WRITE 785110 584 111
READ 270129 798 0
WRITE 230042 204 67
WRITE 230704 281 203
WRITE 660076 638 6
WRITE 591186 192 250
WRITE 58265 607 7
WRITE 368305 182 94
WRITE 952387 334 111
WRITE 816416 322 54
WRITE 718114 616 23
WRITE 778393 422 235
READ 641975 514 0
WRITE 847109 168 71
READ 781617 982 0
WRITE 519343 348 219
WRITE 1013566 114 22
WRITE 885673 1018 96
READ 670799 781 0
WRITE 243029 250 43
WRITE 114062 232 187
READ 325679 480 0
WRITE 439598 297 10
WRITE 611713 11 25
WRITE 170844 244 205
WRITE 331028 510 197
READ 512010 169 0
READ 400279 894 0
READ 689549 109 0
READ 267041 380 0
WRITE 344159 1024 76
WRITE 591450 758 37
WRITE 1031020 866 25
READ 199962 606 0
WRITE 486634 321 34
WRITE 81252 17 31
READ 231581 285 0
WRITE 512873 317 172
WRITE 32644 704 188
WRITE 318956 266 188
READ 229025 874 0
WRITE 333072 85 219
WRITE 900833 318 255
WRITE 386629 47 90
WRITE 903278 232 66
WRITE 729828 92 143
WRITE 189147 899 43
READ 131984 348 0
WRITE 979957 62 144
WRITE 867748 945 122
WRITE 477096 979 203
WRITE 881381 256 248
READ 832163 627 0
READ 576033 332 0
WRITE 822761 736 157
READ 735063 655 0
WRITE 540467 254 54
WRITE 785493 543 29
WRITE 670330 402 199
WRITE 618313 42 70
READ 220722 576 0
WRITE 810561 59 241
WRITE 713135 886 62
WRITE 936317 906 171
WRITE 810565 262 81
WRITE 71856 457 100
READ 928503 470 0
WRITE 625665 61 196
WRITE 579257 297 170
WRITE 250992 322 125
READ 804624 168 0
READ 624200 465 0
WRITE 696615 281 152
READ 815002 617 0
READ 785736 154 0
WRITE 598303 669 231
WRITE 962487 161 76
WRITE 665787 695 242
WRITE 312738 888 53
WRITE 547625 271 234
WRITE 663249 726 129
WRITE 323005 697 212
WRITE 421524 484 108
WRITE 681794 390 187
WRITE 965301 881 201
WRITE 305730 754 123
READ 204118 658 0
WRITE 371230 637 232
WRITE 367205 364 176
WRITE 392659 877 163
WRITE 1008296 823 219
WRITE 7152 566 115
READ 282056 879 0
READ 948545 927 0
WRITE 1035879 502 212
READ 812236 360 0
WRITE 483585 165 113
READ 382127 1001 0
READ 699539 682 0
READ 240637 381 0
WRITE 216472 214 108
WRITE 725272 497 97
WRITE 1027231 899 176
WRITE 277576 502 46
WRITE 591643 191 167
WRITE 937000 514 131
READ 762596 870 0
WRITE 841789 1010 172
WRITE 451276 528 107
WRITE 109127 1002 143
WRITE 503411 323 39
WRITE 668743 701 209
READ 691452 750 0
WRITE 1044999 188 246
WRITE 240450 420 196
READ 137991 649 0
WRITE 943720 627 242
WRITE 154758 28 225
WRITE 339028 172 238
WRITE 7249 250 131
WRITE 666097 821 230
WRITE 62370 876 215
WRITE 509714 480 210
WRITE 579180 648 194
WRITE 874331 929 148
READ 730592 240 0
READ 904198 26 0
WRITE 67993 335 126
WRITE 163329 251 183
WRITE 764544 723 88
READ 138386 237 0
READ 329687 740 0
READ 295003 467 0
WRITE 158057 302 53
WRITE 251529 644 69
WRITE 148692 1023 1
WRITE 467567 853 200
WRITE 908146 646 171
READ 513003 221 0
WRITE 727529 623 87
WRITE 754294 900 5
WRITE 426831 510 248
WRITE 42877 665 128
READ 309776 468 0
WRITE 829642 682 221
READ 265141 386 0
READ 1008006 499 0
READ 242661 290 0
WRITE 69406 606 68
READ 612206 1003 0
WRITE 805713 883 90
WRITE 1295 493 76
READ 123801 500 0
WRITE 594881 903 75
WRITE 993985 563 21
WRITE 16956 8 239
READ 786303 225 0
WRITE 447909 406 210
WRITE 835133 147 103
READ 470797 50 0
WRITE 259482 760 169
WRITE 580755 254 183
WRITE 27898 642 112
WRITE 359944 531 188
READ 226397 641 0
WRITE 835830 635 89
WRITE 1047509 679 76
READ 235208 986 0
WRITE 616983 111 39
READ 1038994 564 0
READ 545898 862 0
READ 560462 979 0
WRITE 744587 671 193
WRITE 86986 103 56
WRITE 705853 85 24
READ 759986 690 0
WRITE 969177 587 133
WRITE 789205 136 122
WRITE 525974 277 121
WRITE 72992 9 255
WRITE 387851 375 253
WRITE 143421 357 35
READ 63545 785 0
READ 349985 320 0
WRITE 695302 197 199
READ 1015499 360 0
READ 53208 346 0
WRITE 869084 97 78
WRITE 661779 126 144
WRITE 58851 744 42
READ 47831 620 0
WRITE 1000657 758 78
WRITE 32802 719 212
READ 345676 758 0
WRITE 856049 13 14
WRITE 489442 531 145
WRITE 471829 777 26
READ 859260 205 0
WRITE 507539 204 37
WRITE 570183 379 58
WRITE 309982 295 138
WRITE 18843 557 125
WRITE 323152 259 78
READ 604099 477 0
WRITE 499417 384 219
READ 1019621 594 0
READ 166868 887 0
WRITE 1033253 673 43
READ 335933 506 0
READ 449352 851 0
WRITE 955286 320 60
WRITE 507434 756 61
WRITE 222642 438 197
WRITE 750632 71 48
READ 861251 984 0
WRITE 263700 41 230
READ 299042 217 0
WRITE 494736 771 103
WRITE 624237 649 84
READ 532993 820 0
WRITE 964224 31 192
WRITE 73051 255 196
WRITE 226086 211 137
WRITE 883217 680 6
READ 312569 478 0
WRITE 142517 945 154
READ 521578 618 0
WRITE 265733 111 93
READ 661175 895 0
WRITE 613796 448 116
READ 315606 874 0
READ 1010783 445 0
READ 906127 235 0
READ 450284 399 0
READ 314587 544 0
READ 756745 972 0
READ 805669 71 0
READ 887697 343 0
WRITE 212205 629 237
WRITE 792324 216 35
WRITE 821682 268 205
WRITE 568167 208 209
WRITE 848984 898 180
READ 101247 820 0
WRITE 447301 40 22
WRITE 227245 238 136
WRITE 330048 872 61
WRITE 598835 85 18
READ 78273 977 0
READ 231054 488 0
WRITE 174895 602 51
READ 967027 413 0
WRITE 339259 345 194
READ 1027266 1000 0
READ 259199 897 0
READ 1262 113 0
WRITE 706735 242 56
WRITE 198842 109 103
READ 496601 590 0
READ 749403 700 0
READ 370329 767 0
READ 982402 629 0
WRITE 780675 97 251
WRITE 442854 834 225
WRITE 445937 825 86
WRITE 476229 258 48
READ 361834 5 0
WRITE 944687 380 1
WRITE 571688 1005 82
WRITE 932871 680 194
WRITE 532617 88 156
WRITE 636361 897 65
READ 713144 948 0
WRITE 682990 101 20
WRITE 93839 453 54
READ 542539 241 0
READ 964728 488 0
READ 156110 267 0
READ 295207 22 0
WRITE 305210 442 105
READ 814541 740 0
READ 481402 242 0
READ 483850 1015 0
WRITE 381819 136 169
WRITE 624535 550 1
WRITE 817025 8 40
READ 203958 206 0
READ 674892 630 0
WRITE 574709 543 19
WRITE 146098 211 230
WRITE 537265 884 163
WRITE 644557 176 60
READ 981492 788 0
WRITE 187978 438 249
WRITE 57353 34 252
WRITE 927903 228 24
WRITE 13528 467 23
WRITE 423131 476 214
READ 819921 16 0
WRITE 314647 421 59
READ 165619 933 0
WRITE 39356 28 188
READ 536998 692 0
READ 693602 171 0
WRITE 304714 809 217
WRITE 377692 331 239
READ 354595 870 0
READ 741187 696 0
WRITE 46782 192 0
WRITE 728174 185 79
READ 839867 96 0
WRITE 318802 966 202
READ 80591 643 0
READ 868274 560 0
READ 1041817 1012 0
WRITE 816515 510 47
WRITE 497363 17 8
WRITE 966821 870 200
READ 410760 699 0
WRITE 679982 415 225
WRITE 741833 472 37
READ 4889 863 0
WRITE 587651 868 180
READ 997346 317 0
READ 26911 683 0
WRITE 213370 199 61
READ 466936 627 0
READ 472762 223 0
READ 963070 163 0
WRITE 954018 27 33
READ 231547 614 0
WRITE 219340 925 23
WRITE 922737 273 50
WRITE 840887 143 207
READ 1004791 675 0
WRITE 594372 537 165
WRITE 492837 663 211
WRITE 316024 372 147
WRITE 734313 741 14
READ 57956 811 0
WRITE 659192 283 1
WRITE 491607 143 149
WRITE 129891 474 89
READ 960688 21 0
READ 499802 322 0
WRITE 889625 690 112
READ 770031 932 0
WRITE 911075 129 173
READ 726057 117 0
WRITE 154532 213 107
WRITE 791075 155 213
READ 608195 180 0
READ 625666 280 0
WRITE 712451 623 157
WRITE 986459 749 249
WRITE 674042 862 75
WRITE 884351 921 76
READ 19534 732 0
WRITE 844062 11 97
WRITE 848851 852 245
WRITE 507386 497 5
READ 761895 913 0
READ 647921 581 0
WRITE 425540 497 72
WRITE 395100 601 212
READ 308549 897 0
WRITE 568380 434 235
WRITE 711283 830 13
READ 366304 1016 0
WRITE 151814 492 202
WRITE 159835 467 230
WRITE 590046 450 138
READ 315754 539 0
READ 321799 370 0
WRITE 188060 973 209
WRITE 756814 610 246
WRITE 106650 970 255
WRITE 197139 740 250
READ 322238 723 0
READ 72344 835 0
READ 55940 572 0
READ 1037663 141 0
WRITE 706232 491 200
WRITE 668114 478 141
READ 489650 317 0
READ 127273 388 0
READ 741306 961 0
WRITE 354307 914 39
WRITE 259966 995 240
WRITE 681641 61 129
WRITE 921934 416 59
READ 582947 445 0
WRITE 793988 923 221
WRITE 707789 734 71
WRITE 725912 655 111
WRITE 937082 16 33
WRITE 64393 433 235
WRITE 653151 182 246
READ 778330 582 0
WRITE 139076 869 152
WRITE 838 353 139
WRITE 1028995 778 87
READ 902942 54 0
WRITE 53288 689 186
READ 428599 828 0
WRITE 1032856 536 186
WRITE 436856 260 247
WRITE 635407 152 225
WRITE 827568 22 125
WRITE 197134 799 219
WRITE 315867 521 188
WRITE 649897 706 6
WRITE 270288 1013 99
READ 35684 748 0
READ 850285 774 0
WRITE 1013542 367 235
READ 674499 709 0
READ 91056 90 0
WRITE 1023271 568 111
WRITE 555477 387 217
WRITE 604477 818 238
WRITE 319992 926 74
WRITE 795454 743 95
READ 171205 270 0
READ 695983 534 0
READ 951006 198 0
WRITE 599977 557 63
READ 1022616 338 0
WRITE 581685 961 128
WRITE 477012 587 189
WRITE 674414 750 113
READ 3826 260 0
WRITE 882046 928 202
WRITE 33421 945 234
WRITE 607509 422 227
WRITE 603856 182 28
WRITE 304385 810 138
READ 350428 694 0
WRITE 563863 73 96
WRITE 503780 995 219
READ 484070 561 0
READ 748047 323 0
WRITE 116207 864 100
READ 458502 938 0
WRITE 82643 920 43
WRITE 162538 626 76
WRITE 168229 788 166
WRITE 124782 942 58
READ 761055 794 0
WRITE 542960 291 201
WRITE 225620 489 143
WRITE 930376 434 21
READ 143775 41 0
READ 250876 974 0
WRITE 169050 904 82
WRITE 563706 804 199
READ 172074 1014 0
WRITE 508348 179 37
WRITE 817817 566 102
READ 171973 292 0
WRITE 422736 183 142
READ 866480 679 0
READ 976011 707 0
WRITE 291144 610 138
READ 734729 16 0
WRITE 796042 999 38
WRITE 109887 57 194
READ 113003 921 0
READ 249098 933 0
WRITE 654274 483 204
READ 287613 353 0
READ 330869 324 0
WRITE 161813 825 41
WRITE 809220 101 119
WRITE 10719 856 76
WRITE 45247 644 78
READ 749491 17 0
WRITE 87643 585 47
WRITE 69288 933 179
READ 881549 640 0
WRITE 283036 195 51
READ 128515 607 0
WRITE 958100 685 71
WRITE 727398 584 127
READ 929404 882 0
WRITE 73435 701 34
READ 229361 902 0
WRITE 419561 834 124
WRITE 515934 1009 171
WRITE 137548 350 183
READ 995600 950 0
WRITE 253672 1010 230
WRITE 87008 841 166
READ 690370 651 0
WRITE 429785 493 144
WRITE 686727 377 228
READ 245094 582 0
READ 121073 166 0
WRITE 309029 496 165
READ 83673 815 0
WRITE 860713 637 126
WRITE 45868 45 5
WRITE 147108 245 233
READ 973218 986 0
WRITE 953778 878 70
WRITE 318371 667 249
WRITE 649553 674 19
WRITE 270846 934 150
READ 287845 810 0
WRITE 433948 381 121
WRITE 556617 605 0
READ 709496 300 0
WRITE 306530 939 67
READ 83870 132 0
WRITE 870700 933 74
WRITE 925294 352 141
WRITE 770699 95 232
READ 22329 489 0
READ 668399 187 0
READ 205395 136 0
WRITE 360703 233 228
READ 2039 410 0
WRITE 704520 164 165
WRITE 423732 1015 97
WRITE 617454 292 59
READ 601726 659 0
READ 573989 847 0
READ 322961 584 0
WRITE 289506 922 96
WRITE 361499 397 166
WRITE 170042 851 162
WRITE 317637 134 137
READ 332188 489 0
WRITE 881082 957 38
WRITE 979409 406 69
WRITE 877594 981 219
WRITE 97276 656 189
WRITE 23249 984 37
WRITE 355426 702 66
READ 403133 499 0
WRITE 351099 131 80
READ 786045 225 0
WRITE 756511 895 225
WRITE 678427 711 161
READ 752731 132 0
READ 111562 634 0
WRITE 208701 838 199
READ 697585 395 0
WRITE 179624 1002 12
WRITE 503878 235 213
READ 70662 253 0
READ 50661 62 0
WRITE 226082 385 175
WRITE 233613 58 217
READ 361833 70 0
WRITE 539467 303 67
READ 705440 381 0
READ 590712 699 0
WRITE 563790 187 52
WRITE 692847 67 211
READ 237267 961 0
WRITE 970062 870 196
READ 325649 72 0
WRITE 633654 347 201
READ 952706 557 0
READ 316124 456 0
READ 304812 227 0
WRITE 810142 808 73
READ 1042206 631 0
READ 253054 735 0
WRITE 815243 924 130
WRITE 63406 996 242
READ 428652 875 0
WRITE 90376 1023 242
WRITE 724674 32 75
READ 312778 425 0
WRITE 784913 364 213
READ 384452 323 0
WRITE 436357 653 15
WRITE 10454 987 208
WRITE 324467 759 87
READ 399099 646 0
WRITE 918513 654 11
WRITE 72499 257 34
READ 462475 182 0
READ 835129 639 0
WRITE 262797 721 255
WRITE 445326 91 17
WRITE 137623 111 151
READ 1035488 4 0
READ 608960 892 0
WRITE 387308 773 106
WRITE 217092 692 0
WRITE 610505 36 8
WRITE 227634 98 209
WRITE 1016450 611 168
READ 750759 812 0
READ 798347 230 0
WRITE 32072 152 243
WRITE 889796 206 157
WRITE 9244 314 238
WRITE 582954 312 118
READ 424255 503 0
WRITE 960123 264 63
WRITE 234926 504 88
READ 702560 780 0
WRITE 848122 770 117
READ 1036048 708 0
READ 1010120 741 0
WRITE 680360 584 255
WRITE 629684 189 191
WRITE 13830 823 47
WRITE 1010015 634 57
WRITE 66154 506 251
WRITE 698883 513 229
WRITE 540860 306 116
WRITE 183905 568 223
READ 45208 527 0
WRITE 106344 159 121
READ 843918 735 0
READ 668224 669 0
WRITE 848523 682 232
WRITE 1030067 304 249
WRITE 81504 387 91
WRITE 823389 1003 254
READ 731418 583 0
WRITE 370174 610 120
WRITE 191021 85 96
WRITE 313367 321 140
READ 767186 537 0
READ 572036 621 0
WRITE 507571 667 164
WRITE 878895 709 128
WRITE 161368 144 204
WRITE 794778 71 10
WRITE 533989 826 56
WRITE 621718 623 7
WRITE 820706 300 203
WRITE 576204 888 59
READ 542343 180 0
WRITE 306753 514 207
READ 422244 988 0
WRITE 399104 910 169
WRITE 199312 191 139
WRITE 476774 898 0
WRITE 819519 615 83
WRITE 40348 729 183
READ 971394 738 0
WRITE 72194 561 125
READ 970117 122 0
WRITE 1033424 558 179
WRITE 318332 1003 55
WRITE 601320 272 34
WRITE 705789 418 152
READ 165065 128 0
WRITE 666050 546 187
READ 931776 137 0
READ 544866 356 0
READ 83659 7 0
WRITE 721703 499 50
WRITE 432445 518 227
WRITE 632757 247 251
WRITE 507200 328 169
READ 490586 155 0
WRITE 55469 244 188
READ 127053 89 0
READ 677098 213 0
WRITE 409365 689 235
READ 450895 542 0
WRITE 43220 490 232
READ 893421 985 0
WRITE 805198 929 132
READ 363178 25 0
WRITE 568931 809 212
WRITE 558554 138 161
WRITE 929807 723 179
WRITE 393565 224 171
WRITE 181424 277 4
WRITE 636697 135 178
WRITE 917004 441 168
READ 339784 882 0
READ 457635 148 0
WRITE 126350 887 26
WRITE 356783 729 199
WRITE 364850 230 89
READ 992422 633 0
WRITE 799416 528 147
WRITE 279556 947 195
WRITE 650344 219 125
WRITE 827668 473 245
WRITE 193955 197 215
WRITE 792819 241 168
READ 108223 813 0
WRITE 675188 707 8
READ 574493 295 0
WRITE 476668 890 90
READ 383373 749 0
WRITE 3978 345 71
WRITE 13103 451 159
READ 755137 401 0
WRITE 178550 583 144
READ 987933 164 0
WRITE 689828 78 240
WRITE 946604 740 45
WRITE 515725 599 32
WRITE 853013 792 106
WRITE 589222 850 75
WRITE 944080 78 94
WRITE 320966 168 119
WRITE 676144 273 229
WRITE 345880 666 189
WRITE 84198 29 88
WRITE 220085 157 234
READ 861105 434 0
READ 896443 998 0
READ 14308 180 0
READ 734401 961 0
READ 114909 541 0
WRITE 346224 299 67
WRITE 1008060 906 211
WRITE 159295 628 18
READ 784979 850 0
WRITE 890800 264 247
WRITE 572557 781 203
READ 68391 41 0
WRITE 263529 148 149
READ 335860 923 0
WRITE 77975 741 198
READ 406761 690 0
READ 647117 939 0
WRITE 750434 260 76
WRITE 893045 376 215
WRITE 25132 698 154
WRITE 813472 420 154
WRITE 968671 645 38
WRITE 1027929 421 165
READ 317564 621 0
WRITE 964030 395 17
WRITE 12435 398 235
READ 306504 821 0
READ 36132 482 0
READ 564400 984 0
WRITE 1004161 110 124
WRITE 908765 79 137
READ 702539 2 0
WRITE 659452 635 177
WRITE 1038959 992 186
WRITE 64665 231 140
WRITE 665813 201 237
READ 682544 550 0
READ 906627 623 0
READ 565210 917 0
READ 380294 90 0
WRITE 891890 120 58
READ 1031587 984 0
WRITE 287615 156 171
WRITE 743567 971 236
READ 685426 289 0
WRITE 481195 801 165
READ 631948 297 0
WRITE 336211 716 8
WRITE 989271 81 71
WRITE 384421 51 61
WRITE 472366 47 38
READ 445330 425 0
READ 904237 948 0
WRITE 695868 251 201
WRITE 276324 523 60
WRITE 856616 325 129
WRITE 166153 877 101
READ 930058 67 0
WRITE 428258 504 188
WRITE 903710 467 44
READ 405320 747 0
WRITE 809152 240 191
WRITE 696655 133 186
READ 36214 879 0
WRITE 881582 218 195
WRITE 691322 914 237
WRITE 488354 528 188
WRITE 162607 810 232
WRITE 148959 87 166
WRITE 925401 724 6
READ 588344 544 0
WRITE 413251 408 143
WRITE 572136 122 56
WRITE 758199 871 245
READ 897069 791 0
READ 315373 530 0
WRITE 1031219 604 245
READ 291511 208 0
WRITE 546778 258 66
READ 391168 573 0
WRITE 945116 768 175
WRITE 26490 5 255
READ 554437 1000 0
WRITE 986824 1003 1
WRITE 605613 403 177
WRITE 32966 3 31
WRITE 310782 1007 69
WRITE 526918 327 234
WRITE 689793 48 194
READ 302798 1013 0
WRITE 733922 84 35
WRITE 383811 478 246
WRITE 619903 232 123
WRITE 446057 947 96
READ 904726 890 0
READ 408401 882 0
WRITE 425663 20 253
READ 1001177 525 0
WRITE 858540 835 136
WRITE 385748 385 133
WRITE 745491 984 144
WRITE 156485 827 157
WRITE 332785 426 244
WRITE 273418 651 91
WRITE 1047426 87 230
WRITE 99397 989 22
READ 285200 679 0
WRITE 577934 706 25
READ 886991 436 0
WRITE 21246 883 113
READ 811930 118 0
WRITE 374590 164 183
WRITE 583771 683 50
WRITE 82883 13 115
READ 34608 33 0
WRITE 1029410 73 242
WRITE 482087 822 244
READ 256294 356 0
WRITE 961693 439 184
WRITE 316996 593 137
WRITE 937292 9 115
WRITE 298359 140 28
READ 200819 526 0
WRITE 943330 863 102
WRITE 318542 384 226
WRITE 959622 233 49
WRITE 710596 643 255
WRITE 883316 144 192
READ 90733 6 0
WRITE 341227 706 23
WRITE 828895 451 12
WRITE 475419 502 94
WRITE 360306 716 216
READ 707230 359 0
READ 887456 841 0
WRITE 943859 643 250
WRITE 113617 557 205
WRITE 743566 1024 196
READ 411331 361 0
WRITE 899897 275 129
WRITE 79965 987 48
WRITE 138648 230 123
READ 539124 396 0
READ 482098 76 0
READ 253534 493 0
WRITE 177978 718 76
WRITE 47872 274 13
WRITE 453250 47 15
WRITE 865072 430 101
READ 66308 86 0
READ 132375 443 0
WRITE 628561 20 141
WRITE 482074 645 34
WRITE 125861 958 241
WRITE 913528 75 144
READ 700591 679 0
READ 960316 564 0
READ 692257 187 0
WRITE 454803 518 55
READ 598466 1006 0
WRITE 1022250 889 67
WRITE 448057 53 129
READ 829293 669 0
WRITE 316890 31 239
WRITE 589330 278 73
WRITE 1001291 81 81
READ 26799 523 0
READ 978532 49 0
WRITE 581579 152 216
READ 809709 481 0
READ 556999 229 0
WRITE 694176 72 27
READ 22103 518 0
WRITE 175966 228 46
WRITE 1020701 626 211
READ 310939 95 0
WRITE 104392 613 179
WRITE 208692 734 112
READ 228369 157 0
WRITE 677130 412 206
READ 810993 270 0
WRITE 896411 558 143
READ 996052 57 0
WRITE 632518 63 105
WRITE 33504 411 33
READ 881487 488 0
WRITE 793914 422 101
WRITE 906194 268 242
WRITE 591393 389 221
WRITE 963542 441 236
WRITE 671269 629 252
WRITE 921910 249 227
WRITE 305161 975 234
WRITE 119914 417 120
READ 715670 210 0
WRITE 166671 475 63
READ 841965 363 0
READ 561211 326 0
WRITE 175721 722 129
WRITE 165093 963 141
WRITE 927809 925 69
READ 807692 253 0
WRITE 201963 580 196
WRITE 264248 904 19
WRITE 728076 355 247
WRITE 68892 646 99
READ 436793 465 0
WRITE 34347 352 159
WRITE 928031 468 46
WRITE 932569 261 44
READ 412200 187 0
READ 1024066 577 0
WRITE 821626 63 241
READ 442981 665 0
READ 1017857 602 0
WRITE 163551 77 113
WRITE 871441 642 176
WRITE 762484 249 229
READ 988314 775 0
WRITE 189807 269 69
READ 390527 173 0
WRITE 274830 458 230
WRITE 634271 815 104
WRITE 638634 681 165
READ 723802 596 0
WRITE 475758 796 44
WRITE 345368 614 162
WRITE 745883 730 126
WRITE 522523 800 20
WRITE 880705 91 29
WRITE 395468 17 148
READ 270694 269 0
WRITE 843515 768 180
READ 741357 181 0
WRITE 500819 556 206
WRITE 129586 833 218
WRITE 821476 148 237
WRITE 611026 635 77
READ 119890 785 0
READ 438634 563 0
READ 24941 972 0
READ 521708 549 0
WRITE 1045493 116 222
READ 305305 44 0
WRITE 95053 938 237
READ 525322 121 0
WRITE 836603 461 41
WRITE 382446 778 103
WRITE 1034904 603 88
WRITE 898570 569 52
WRITE 478091 376 121
READ 102340 359 0
WRITE 683463 706 247
WRITE 50873 914 45
READ 899794 797 0
WRITE 1008379 975 119
WRITE 919911 259 235
WRITE 605725 680 15
WRITE 921775 313 198
WRITE 341071 322 190
WRITE 161 836 82
READ 142911 722 0
READ 18608 328 0
READ 588237 4 0
WRITE 449454 245 223
READ 890360 723 0
WRITE 150373 711 252
WRITE 42603 478 17
WRITE 577185 706 162
WRITE 431338 717 116
WRITE 659736 477 30
READ 768902 624 0
WRITE 497727 102 34
READ 672805 498 0
WRITE 747544 474 224
READ 436843 356 0
WRITE 381858 201 61
WRITE 310667 757 145
WRITE 379339 380 34
READ 15994 138 0
WRITE 35331 274 202
WRITE 556891 35 82
WRITE 237265 275 153
READ 799539 635 0
WRITE 525707 346 131
READ 923559 604 0
WRITE 130051 932 74
WRITE 592413 123 253
WRITE 614334 693 104
WRITE 1025250 195 245
READ 386984 930 0
WRITE 699184 284 115
WRITE 933252 57 228
WRITE 413391 75 223
READ 145144 554 0
READ 919374 1017 0
WRITE 127697 183 176
READ 670734 203 0
WRITE 843986 845 193
READ 544481 520 0
READ 773596 181 0
WRITE 768826 763 126
WRITE 78593 100 45
READ 977501 205 0
READ 93399 834 0
READ 585861 829 0
WRITE 56838 6 174
WRITE 801008 297 231
WRITE 849311 433 123
WRITE 708094 474 166
WRITE 283914 38 46
READ 568012 112 0
WRITE 753940 754 125
READ 85486 52 0
READ 688456 629 0
WRITE 409001 200 62
READ 781347 945 0
WRITE 766310 933 65
WRITE 733839 998 226
WRITE 93817 375 170
READ 979728 240 0
WRITE 719958 623 254
READ 971708 626 0
READ 393886 437 0
WRITE 523330 692 133
WRITE 475621 859 51
READ 361841 626 0
WRITE 337175 278 69
WRITE 988654 299 225
READ 75748 1015 0
WRITE 934963 406 20
WRITE 784556 355 189
WRITE 419244 552 237
READ 580042 578 0
READ 943204 526 0
WRITE 656779 506 76
WRITE 531766 277 245
WRITE 566055 599 144
WRITE 1005865 625 30
READ 808464 932 0
READ 297145 2 0
WRITE 615223 64 25
WRITE 757970 194 149
READ 656570 615 0
WRITE 95504 406 241
WRITE 283673 661 189
WRITE 436889 533 143
READ 401154 837 0
WRITE 186015 360 32
WRITE 698108 394 126
READ 565789 993 0
READ 169178 884 0
READ 995291 66 0
READ 339837 503 0
READ 593512 779 0
WRITE 297690 460 190
WRITE 256144 941 202
READ 703948 218 0
WRITE 230891 244 55
WRITE 441679 1016 97
WRITE 894044 433 81
WRITE 61028 942 161
READ 999963 864 0
WRITE 942651 423 218
READ 86515 401 0
WRITE 870677 836 9
WRITE 964898 706 217
READ 728886 820 0
WRITE 329134 432 195
WRITE 1026734 758 215
WRITE 29061 434 217
WRITE 745720 437 253
READ 824377 400 0
WRITE 737001 775 137
WRITE 322142 489 154
WRITE 151870 154 95
WRITE 855577 407 58
READ 428403 22 0
READ 141686 886 0
WRITE 778798 204 161
READ 640013 575 0
WRITE 51291 306 77
READ 945285 823 0
WRITE 694171 51 213
WRITE 703893 180 181
WRITE 656022 114 33
WRITE 1023717 209 175
READ 843690 101 0
WRITE 548266 958 191
WRITE 810461 420 198
READ 365566 598 0
READ 373524 249 0
WRITE 735464 332 221
READ 931689 570 0
WRITE 1040446 695 231
WRITE 610041 268 223
WRITE 316349 405 59
READ 824533 947 0
READ 594167 677 0
READ 329234 21 0
WRITE 719945 61 223
READ 957401 627 0
WRITE 884442 461 220
WRITE 870640 413 39
WRITE 665327 465 142
WRITE 170366 415 250
WRITE 759302 144 214
WRITE 1021983 876 130
WRITE 153285 606 90
READ 613434 293 0
WRITE 708212 627 82
WRITE 449850 137 116
READ 713815 135 0
READ 260361 142 0
READ 443518 587 0
WRITE 14198 746 64
READ 533274 987 0
READ 549703 479 0
WRITE 678926 182 180
READ 644280 580 0
WRITE 617810 813 144
READ 801581 954 0
READ 360992 627 0
READ 118669 650 0
WRITE 139613 291 205
READ 579798 640 0
WRITE 478850 75 124
READ 932821 907 0
WRITE 105179 627 188
WRITE 578932 937 214
WRITE 382584 505 32
WRITE 1020993 441 122
WRITE 903876 961 72
WRITE 396892 24 200
READ 86227 947 0
WRITE 482383 436 195
WRITE 218735 762 206
READ 861323 582 0
WRITE 491682 442 141
READ 418997 12 0
WRITE 600107 91 194
WRITE 29166 161 216
WRITE 92101 477 235
WRITE 942049 1021 188
WRITE 508654 628 5
WRITE 59541 305 236
WRITE 696586 334 155
WRITE 849856 968 91
READ 448405 22 0
WRITE 513298 318 222
WRITE 906746 95 175
WRITE 504022 448 3
READ 787124 697 0
READ 539390 664 0
READ 308730 839 0
READ 125940 469 0
WRITE 979263 274 88
WRITE 1043805 556 222
WRITE 449181 283 26
READ 1046262 1016 0
WRITE 807764 454 162
READ 152180 495 0
WRITE 101109 544 135
READ 986626 713 0
WRITE 857321 49 178
WRITE 20020 173 92
READ 240293 70 0
WRITE 54261 489 98
WRITE 631024 533 94
WRITE 404678 981 50
READ 465447 789 0
WRITE 868224 462 74
READ 725129 893 0
READ 515018 719 0
READ 939871 905 0
WRITE 357479 8 218
READ 909228 125 0
WRITE 227159 603 210
READ 984696 560 0
WRITE 11758 553 146
WRITE 863609 982 220
WRITE 785001 16 252
WRITE 750805 68 79
WRITE 837269 20 157
WRITE 663320 489 236
WRITE 780447 550 193
WRITE 324059 1007 157
READ 822511 457 0
WRITE 259004 614 194
WRITE 833877 245 10
WRITE 650759 886 35
WRITE 320101 256 126
WRITE 502420 906 2
WRITE 896812 410 83
WRITE 116921 374 10
READ 865303 901 0
WRITE 634796 510 225
WRITE 4085 646 140
READ 558306 513 0
WRITE 834095 1024 186
WRITE 511106 914 244
READ 232191 558 0
WRITE 212463 321 110
READ 755564 794 0
WRITE 81103 36 183
READ 91019 573 0
WRITE 922357 637 18
WRITE 843612 244 37
WRITE 1004481 291 107
WRITE 773047 232 54
READ 259209 915 0
READ 178846 812 0
READ 35640 726 0
WRITE 76043 387 254
READ 90038 179 0
WRITE 120134 618 146
WRITE 632397 524 124
WRITE 1021840 156 121
WRITE 717704 834 164
WRITE 909686 458 244
WRITE 857434 559 165
WRITE 458209 142 194
WRITE 285805 240 252
READ 994889 117 0
WRITE 415657 225 222
READ 461090 220 0
WRITE 303317 755 62
WRITE 643556 391 110
WRITE 672159 306 182
READ 1000475 1020 0
WRITE 739176 584 16
READ 294527 898 0
WRITE 942672 260 203
READ 463265 373 0
WRITE 366936 1022 150
WRITE 723792 309 20
WRITE 124387 455 198
WRITE 537278 749 233
READ 383323 352 0
WRITE 898471 47 114
READ 905262 564 0
READ 683222 153 0
WRITE 887605 34 139
WRITE 623320 125 150
READ 84391 155 0
WRITE 293072 240 240
WRITE 150381 962 193
READ 434017 215 0
READ 756947 134 0
WRITE 816712 34 184
READ 224505 740 0
READ 397939 299 0
WRITE 240492 452 9
WRITE 366081 415 109
WRITE 864679 39 173
WRITE 276424 486 240
WRITE 573731 1011 231
WRITE 237394 119 168
READ 314619 425 0
WRITE 319513 979 197
WRITE 575142 801 52
WRITE 476867 35 103
WRITE 842735 8 47
WRITE 874860 36 229
READ 873311 28 0
READ 777032 1012 0
READ 62464 176 0
WRITE 203301 700 92
WRITE 719019 115 212
WRITE 418214 516 144
READ 668317 998 0
WRITE 951048 648 187
READ 817171 788 0
WRITE 290789 467 80
WRITE 801734 436 38
WRITE 273742 797 233
WRITE 441650 178 171
WRITE 1029444 590 207
WRITE 508784 955 82
WRITE 730154 295 251
READ 1036794 340 0
WRITE 176911 415 0
READ 925354 847 0
WRITE 434873 311 26
WRITE 336494 102 195
WRITE 650991 303 127
READ 219304 670 0
WRITE 44796 712 56
READ 142714 416 0
WRITE 195023 544 182
WRITE 506644 724 229
WRITE 584122 421 73
WRITE 339903 229 108
WRITE 931 431 38
WRITE 875925 138 110
READ 460826 353 0
READ 579330 117 0
READ 406647 986 0
WRITE 733369 778 102
WRITE 103248 843 122
READ 111032 1001 0
WRITE 531737 135 3
WRITE 412634 432 38
READ 594962 146 0
WRITE 947277 670 231
WRITE 215230 603 81
WRITE 190024 211 168
READ 942190 290 0
WRITE 933269 1021 50
WRITE 685840 873 22
WRITE 853251 499 52
READ 141171 28 0
WRITE 181841 894 22
READ 73186 863 0
WRITE 108310 80 194
READ 922717 337 0
WRITE 506549 45 100
READ 28927 1019 0
READ 396494 800 0
WRITE 820095 933 171
READ 133026 513 0
READ 262326 84 0
READ 206137 310 0
WRITE 294592 175 158
READ 49861 438 0
WRITE 187552 447 11
WRITE 811245 433 224
WRITE 29250 390 211
READ 974871 409 0
WRITE 591245 90 197
WRITE 611964 89 37
READ 486326 377 0
WRITE 53112 798 215
READ 147944 609 0
WRITE 602642 108 77
WRITE 322413 679 31
WRITE 274830 712 227
WRITE 456432 677 237
READ 102401 809 0
WRITE 84433 181 67
READ 608698 832 0
READ 337171 88 0
READ 879277 93 0
WRITE 515735 398 243
READ 124531 931 0
WRITE 512868 627 254
WRITE 84068 556 156
READ 799079 595 0
WRITE 839956 263 46
WRITE 525076 791 13
READ 433217 681 0
WRITE 366608 54 195
WRITE 117468 561 187
WRITE 206222 476 178
WRITE 828359 645 61
WRITE 536827 679 50
WRITE 162059 899 67
WRITE 843336 117 216
READ 596885 614 0
WRITE 971184 884 198
WRITE 439317 694 24
WRITE 23087 847 229
WRITE 832577 823 104
WRITE 767483 242 234
READ 284931 244 0
WRITE 321982 256 167
WRITE 223274 648 120
READ 231636 156 0
WRITE 569778 137 228
READ 1036696 41 0
WRITE 478864 906 232
WRITE 575771 566 31
READ 848538 780 0
WRITE 842841 519 29
WRITE 43444 309 118
READ 435423 451 0
WRITE 448145 715 231
READ 174658 359 0
WRITE 861142 289 239
WRITE 233017 369 4
READ 650922 739 0
WRITE 741352 878 125
WRITE 388400 231 35
WRITE 186042 517 22
WRITE 891298 793 68
WRITE 339188 987 107
WRITE 745220 658 210
READ 445651 606 0
READ 853221 860 0
WRITE 658819 874 48
READ 560121 309 0
READ 239605 124 0
WRITE 678726 312 246
WRITE 607351 635 156
READ 292108 755 0
READ 266545 98 0
READ 656522 64 0
WRITE 556306 487 27
READ 284450 894 0
READ 637203 469 0
READ 973095 18 0
WRITE 124051 607 231
WRITE 524213 764 209
READ 439107 851 0
WRITE 111101 958 159
WRITE 426557 959 104
READ 362595 745 0
WRITE 355835 81 13
READ 591105 842 0
WRITE 739210 629 71
READ 922530 763 0
WRITE 506855 689 197
READ 817227 754 0
WRITE 284533 538 255
WRITE 143128 844 23
WRITE 31544 756 134
READ 900020 714 0
READ 274518 530 0
WRITE 789876 525 7
READ 49053 796 0
WRITE 950029 672 46
WRITE 170989 24 238
WRITE 183363 259 192
WRITE 742748 688 188
WRITE 546802 428 146
WRITE 404549 293 219
WRITE 6152 1015 127
READ 308564 61 0
READ 405478 363 0
READ 208373 638 0
WRITE 1041008 244 108
WRITE 65496 306 188
WRITE 84217 317 1
READ 1027982 393 0
WRITE 367757 986 89
WRITE 716184 463 111
WRITE 268268 1011 194
READ 235905 947 0
WRITE 499670 539 244
READ 995445 714 0
WRITE 559197 181 206
WRITE 575813 93 77
WRITE 667108 670 175
READ 238156 365 0
WRITE 198796 849 69
READ 795723 733 0
READ 437713 225 0
READ 455044 327 0
READ 930937 909 0
READ 221386 397 0
READ 347778 380 0
READ 285843 56 0
WRITE 348844 1004 209
WRITE 44389 857 189
READ 460115 965 0
READ 985821 814 0
WRITE 369231 726 252
WRITE 549048 858 32
WRITE 39685 899 121
WRITE 788233 604 85
WRITE 969336 631 146
READ 747236 10 0
READ 348685 672 0
WRITE 38439 614 26
WRITE 2285 790 183
WRITE 1020222 865 156
WRITE 545163 773 10
WRITE 429271 349 19
READ 412014 593 0
READ 731623 53 0
READ 759558 70 0
READ 343718 167 0
WRITE 514715 85 174
WRITE 847163 985 135
READ 368802 56 0
WRITE 213342 748 51
WRITE 504753 386 140
WRITE 561505 207 92
READ 252474 768 0
READ 670829 831 0
READ 1009472 443 0
WRITE 672163 770 149
READ 536615 225 0
WRITE 653789 988 190
READ 675727 878 0
READ 1005581 313 0
WRITE 474490 553 7
READ 565730 248 0
WRITE 669829 177 53
WRITE 1624 202 173
READ 438777 277 0
WRITE 97607 509 240
WRITE 239434 752 210
READ 167007 6 0
READ 522703 482 0
READ 1008056 253 0
READ 943993 844 0
READ 433106 16 0
READ 914841 329 0
WRITE 891289 340 75
WRITE 625224 774 193
READ 493899 763 0
WRITE 639160 406 54
WRITE 285061 942 22
READ 632968 778 0
READ 314713 894 0
WRITE 483126 833 84
WRITE 445342 993 164
READ 233966 174 0
READ 979308 208 0
READ 865508 769 0
WRITE 612955 775 70
WRITE 97585 1012 64
READ 156762 918 0
WRITE 686686 796 6
WRITE 259489 192 155
WRITE 342014 9 57
WRITE 685873 129 2
WRITE 754860 983 216
WRITE 1003797 802 99
WRITE 96878 935 69
READ 583091 603 0
READ 956609 806 0
WRITE 857165 984 52
READ 297696 889 0
READ 838468 468 0
READ 10560 845 0
READ 441623 183 0
WRITE 512267 199 42
WRITE 787132 644 150
WRITE 103089 618 255
WRITE 1047581 101 72
WRITE 1027655 414 126
WRITE 339365 259 42
READ 890534 378 0
READ 822733 557 0
READ 608335 769 0
READ 937637 474 0
WRITE 566368 957 160
WRITE 7198 742 127
WRITE 768901 740 69
WRITE 1041930 112 172
READ 553271 290 0
WRITE 994119 972 152
WRITE 659461 544 3
WRITE 628100 318 207
WRITE 279990 34 179
READ 343042 338 0
WRITE 242795 247 91
WRITE 537059 294 131
WRITE 27725 181 211
WRITE 168997 237 31
WRITE 635451 228 229
READ 579754 25 0
READ 66820 935 0
WRITE 608819 497 189
WRITE 631483 893 39
WRITE 695244 226 223
WRITE 465153 970 146
WRITE 666583 993 243
READ 1030054 16 0
READ 783837 498 0
WRITE 609947 136 6
WRITE 158618 745 208
WRITE 621153 767 32
WRITE 183215 66 247
WRITE 595367 334 233
READ 778662 404 0
READ 419251 512 0
WRITE 775006 944 114
READ 11324 317 0
WRITE 260742 73 140
WRITE 441937 739 0
WRITE 829109 8 13
READ 811539 711 0
WRITE 129629 325 255
WRITE 755016 653 237
WRITE 31194 712 104
WRITE 200145 524 100
WRITE 993446 534 96
WRITE 43665 329 31
READ 882962 773 0
READ 603775 978 0
WRITE 931834 309 213
WRITE 11203 471 9
WRITE 506220 636 255
READ 806089 100 0
READ 684210 500 0
WRITE 839186 946 251
WRITE 777220 819 45
READ 513098 298 0
READ 802358 292 0
WRITE 181213 430 176
WRITE 536725 693 22
READ 470955 386 0
WRITE 172771 426 210
READ 30715 731 0
WRITE 676465 46 207
WRITE 630590 871 125
WRITE 535279 593 246
WRITE 694044 792 219
WRITE 994557 837 80
WRITE 420277 269 84
WRITE 418024 721 111
WRITE 725320 1004 228
WRITE 670124 829 193
WRITE 525097 566 213
WRITE 931247 834 22
WRITE 973282 143 25
WRITE 465143 414 32
READ 692731 876 0
WRITE 640903 874 234
WRITE 1009546 907 202
READ 678981 334 0
WRITE 527863 172 155
WRITE 256932 61 92
READ 743356 155 0
READ 562179 470 0
READ 975156 84 0
WRITE 733195 47 240
WRITE 330829 957 145
WRITE 14034 606 124
WRITE 402308 192 191
WRITE 310123 26 156
READ 103697 487 0
WRITE 758082 298 209
WRITE 907524 21 170
READ 501517 403 0
WRITE 37579 846 181
WRITE 84203 175 82
WRITE 722880 352 242
WRITE 1007006 523 91
WRITE 105678 353 74
WRITE 544918 29 208
READ 612572 87 0
READ 172206 991 0
READ 656464 469 0
READ 320446 418 0
READ 931121 133 0
READ 909313 947 0
READ 781072 110 0
READ 710672 713 0
WRITE 198375 226 82
READ 909851 181 0
WRITE 65365 766 27
READ 256101 506 0
WRITE 664268 617 170
WRITE 272073 20 27
WRITE 804085 576 91
WRITE 571072 688 103
READ 1013910 51 0
WRITE 477544 788 78
WRITE 371448 73 174
WRITE 209731 1002 247
READ 410663 890 0
WRITE 685769 919 201
WRITE 782625 612 44
WRITE 1030087 379 234
READ 834268 15 0
WRITE 712669 340 139
READ 108821 953 0
WRITE 211495 455 31
READ 131184 212 0
WRITE 158016 779 161
WRITE 991150 660 156
WRITE 1036212 812 44
READ 218430 645 0
WRITE 614305 621 234
WRITE 514680 557 133
WRITE 764516 385 143
WRITE 303987 1008 101
WRITE 27509 364 66
WRITE 296566 841 217
READ 347316 393 0
WRITE 361827 495 135
WRITE 13773 491 101
READ 1014703 574 0
WRITE 402573 814 142
READ 436843 65 0
WRITE 361908 918 74
READ 550206 199 0
WRITE 1045647 577 36
READ 249646 315 0
WRITE 592967 962 118
WRITE 710875 628 144
WRITE 744046 934 43
READ 878647 111 0
READ 711425 486 0
WRITE 269619 385 119
WRITE 1013259 977 203
WRITE 259478 108 50
READ 53942 325 0
READ 815761 500 0
WRITE 519349 538 123
READ 659752 335 0
WRITE 591275 638 181
READ 339612 414 0
WRITE 869433 440 87
WRITE 472765 973 14
WRITE 376034 456 218
WRITE 973316 605 31
WRITE 401432 507 244
WRITE 930807 388 253
WRITE 313954 160 31
WRITE 352355 924 75
READ 704340 239 0
WRITE 987350 858 142
WRITE 719786 12 77
WRITE 389619 348 211
WRITE 222829 974 241
WRITE 492572 1001 247
WRITE 591266 460 157
WRITE 207985 415 182
READ 899345 459 0
WRITE 184030 580 224
WRITE 319056 655 46
WRITE 714887 328 95
WRITE 925483 559 108
READ 777777 408 0
WRITE 331380 807 173
WRITE 55726 753 64
WRITE 103102 938 214
WRITE 943586 309 247
READ 540499 314 0
READ 1021484 210 0
READ 793870 1018 0
WRITE 586905 904 37
READ 1031163 117 0
WRITE 92385 900 106
WRITE 399132 268 247
WRITE 154603 869 31
WRITE 784599 764 122
WRITE 337655 53 9
READ 859018 583 0
WRITE 660273 990 241
WRITE 950454 1000 19
WRITE 757183 571 12
WRITE 147909 47 144
READ 373586 31 0
READ 902917 637 0
WRITE 338502 375 247
READ 442342 898 0
READ 464200 295 0
READ 576733 780 0
WRITE 564531 220 121
WRITE 332996 345 147
READ 804924 541 0
WRITE 126150 645 37
WRITE 744744 679 145
WRITE 869706 316 249
WRITE 913274 603 80
WRITE 352856 511 40
READ 412223 404 0
WRITE 405565 867 199
WRITE 913235 663 110
WRITE 480189 179 58
READ 881997 809 0
WRITE 25575 877 224
READ 285418 721 0
READ 907517 535 0
WRITE 491834 721 5
READ 503966 886 0
WRITE 1026316 296 94
WRITE 1020894 818 180
WRITE 670382 765 51
WRITE 180544 919 38
WRITE 259910 441 185
WRITE 772757 408 91
READ 934162 351 0
READ 275668 331 0
READ 894537 228 0
WRITE 774412 1022 162
READ 791492 122 0
WRITE 215674 568 154
READ 701225 13 0
WRITE 532026 777 194
READ 63550 298 0
WRITE 589216 46 231
WRITE 860023 444 14
WRITE 187479 212 69
READ 483469 523 0
WRITE 480893 806 117
READ 258098 260 0
WRITE 827869 728 86
WRITE 8948 220 118
READ 348786 813 0
WRITE 344404 883 4
READ 18270 327 0
WRITE 593118 678 107
WRITE 72372 822 33
READ 806410 994 0
READ 78159 912 0
WRITE 857405 125 174
WRITE 860971 564 197
READ 1033554 499 0
WRITE 691680 990 110
READ 871000 113 0
WRITE 7319 451 53
WRITE 2949 824 13
WRITE 961596 246 75
WRITE 1002758 94 128
READ 928543 234 0
WRITE 395152 836 161
WRITE 22301 425 250
WRITE 938920 667 245
WRITE 645479 302 134
WRITE 543883 268 171
WRITE 595075 145 129
READ 931051 111 0
WRITE 971736 307 136
WRITE 274975 750 100
WRITE 855262 724 170
READ 213189 4 0
WRITE 243718 396 176
WRITE 536036 837 146
READ 389731 779 0
WRITE 639218 574 87
READ 1012680 547 0
WRITE 149963 268 22
WRITE 25205 528 149
WRITE 976267 855 174
WRITE 1002947 70 200
WRITE 597019 821 73
READ 353620 201 0
READ 752887 683 0
WRITE 749804 1020 171
READ 901498 478 0
WRITE 556576 395 33
WRITE 243921 609 59
WRITE 964574 1007 132
WRITE 371092 695 208
WRITE 316854 274 224
READ 814129 339 0
WRITE 560245 685 101
WRITE 177303 572 242
WRITE 291922 394 111
WRITE 1044969 765 251
READ 122415 182 0
READ 839384 1010 0
WRITE 234068 559 177
READ 201079 797 0
READ 157022 429 0
WRITE 538244 668 118
READ 886359 195 0
WRITE 71385 534 18
READ 1013067 941 0
READ 768 871 0
WRITE 1016623 246 212
WRITE 77632 352 100
WRITE 152124 751 166
WRITE 74406 731 0
WRITE 886318 427 210
WRITE 440668 457 3
WRITE 87529 276 157
READ 959768 384 0
WRITE 1044629 939 136
READ 610821 52 0
READ 570231 594 0
READ 443570 247 0
WRITE 323711 817 121
WRITE 1023223 904 4
READ 22838 658 0
READ 785577 1002 0
WRITE 632580 786 53
WRITE 776435 639 107
WRITE 605531 769 164
WRITE 1033778 606 22
READ 347491 432 0
WRITE 532621 512 161
READ 89492 835 0
WRITE 788409 429 63
READ 327965 673 0
WRITE 245636 928 151
WRITE 137269 884 117
WRITE 642906 605 146
READ 155116 339 0
WRITE 434193 464 245
WRITE 609623 711 49
READ 624781 214 0
WRITE 452503 242 72
WRITE 820831 527 217
WRITE 849492 66 6
READ 184025 330 0
READ 436455 78 0
WRITE 1024565 542 125
WRITE 919835 189 88
READ 431151 729 0
WRITE 161944 879 40
WRITE 828355 611 159
READ 89584 1006 0
READ 330346 182 0
READ 935241 2 0
WRITE 819174 939 59
READ 820527 300 0
WRITE 391436 703 85
READ 228436 838 0
WRITE 645902 814 146
READ 454539 832 0
WRITE 967762 859 117
WRITE 390299 650 147
READ 967802 472 0
READ 689054 42 0
WRITE 116939 412 63
READ 981361 596 0
WRITE 578994 952 239
WRITE 792821 682 112
WRITE 991938 827 176
READ 994705 426 0
WRITE 349792 176 60
WRITE 257446 269 225
WRITE 408057 212 249
READ 743632 783 0
READ 426523 465 0
WRITE 799067 294 16
READ 777327 508 0
WRITE 90857 354 143
READ 752063 782 0
WRITE 360810 405 90
WRITE 316907 984 199
READ 302789 712 0
WRITE 846987 685 32
WRITE 131581 676 110
READ 407459 453 0
WRITE 684123 415 4
READ 308287 863 0
WRITE 246023 190 187
WRITE 645267 146 95
WRITE 242365 355 217
READ 716346 780 0
WRITE 602678 505 35
WRITE 870329 787 187
WRITE 307216 903 12
WRITE 552297 216 205
WRITE 621247 600 25
WRITE 445068 998 99
READ 124978 770 0
WRITE 620503 509 30
WRITE 202911 193 51
READ 495466 73 0
WRITE 762437 581 250
WRITE 837632 911 60
WRITE 835764 814 242
READ 871638 665 0
READ 688141 153 0
WRITE 573665 1008 4
WRITE 312174 250 115
READ 507563 511 0
READ 661859 83 0
READ 65075 831 0
READ 518122 183 0
READ 864272 642 0
READ 564468 746 0
WRITE 654757 689 69
READ 461755 755 0
WRITE 786629 18 136
READ 779799 780 0
READ 564576 129 0
WRITE 663408 129 71
WRITE 280729 581 216
READ 694668 91 0
WRITE 803627 70 191
WRITE 896933 466 152
WRITE 296553 154 174
READ 943567 239 0
WRITE 1731 539 151
WRITE 640886 711 243
WRITE 602054 785 74
WRITE 306421 262 8
WRITE 131905 317 202
READ 582261 178 0
WRITE 618220 350 185
READ 987432 742 0
WRITE 550774 606 213
READ 83356 211 0
WRITE 304135 81 16
READ 245816 519 0
WRITE 771743 151 194
READ 722199 963 0
WRITE 223129 776 220
WRITE 133550 873 157
WRITE 708055 945 160
READ 27301 864 0
WRITE 1002879 740 111
WRITE 862398 896 167
READ 288780 78 0
READ 1033770 178 0
WRITE 476959 548 8
READ 117610 14 0
READ 874267 140 0
READ 684292 129 0
WRITE 466971 527 171
READ 127353 1007 0
READ 297091 612 0
WRITE 877763 1005 67
READ 943252 622 0
READ 300875 648 0
READ 138248 814 0
READ 589020 2 0
WRITE 427628 900 110
READ 749129 607 0
WRITE 852604 482 111
WRITE 618707 257 43
WRITE 205034 509 177
WRITE 206850 49 124
READ 118444 401 0
WRITE 68356 831 22
WRITE 760422 541 182
WRITE 246528 864 155
WRITE 842396 1001 88
WRITE 841598 314 61
WRITE 374451 148 201
WRITE 834597 367 100
WRITE 661320 217 172
WRITE 619744 742 2
READ 533904 565 0
WRITE 916620 526 230
WRITE 620870 210 180
WRITE 329561 9 98
WRITE 629736 648 141
WRITE 779812 32 85
WRITE 932603 625 177
READ 880237 802 0
WRITE 80986 100 88
WRITE 344772 750 66
WRITE 400986 123 5
WRITE 73852 610 38
READ 473273 543 0
READ 886771 850 0
WRITE 993465 252 196
READ 706341 695 0
WRITE 707914 228 83
READ 835253 1017 0
WRITE 353125 68 191
WRITE 591186 625 54
WRITE 668320 217 6
WRITE 410574 251 144
WRITE 515319 999 116
WRITE 241740 300 27
WRITE 159864 661 236
WRITE 317825 799 19
WRITE 1039138 274 13
WRITE 438397 186 123
READ 148827 331 0
READ 434936 608 0
READ 677222 980 0
WRITE 246828 4 138
WRITE 132386 986 84
WRITE 912119 225 49
WRITE 914513 292 158
READ 323832 842 0
WRITE 941489 812 185
READ 304265 613 0
WRITE 185200 700 112
WRITE 74091 622 0
READ 546215 952 0
WRITE 486604 299 40
READ 723451 365 0
WRITE 420319 660 34
WRITE 943356 422 219
READ 90809 776 0
WRITE 940893 985 68
READ 778107 762 0
WRITE 106040 986 141
READ 231237 365 0
READ 710500 181 0
WRITE 707905 249 176
WRITE 776468 106 186
WRITE 78575 304 138
WRITE 313621 605 240
WRITE 887137 453 6
WRITE 437499 283 121
WRITE 616286 880 251
READ 887440 1018 0
WRITE 328178 276 160
WRITE 238682 614 105
WRITE 379643 777 67
WRITE 1016326 18 187
WRITE 636171 77 35
READ 663761 932 0
WRITE 411341 1018 159
READ 114571 102 0
READ 891260 754 0
WRITE 937769 305 6
READ 264988 563 0
READ 205911 603 0
WRITE 295293 731 216
READ 905122 524 0
WRITE 853169 313 175
WRITE 132486 574 12
WRITE 515442 967 173
WRITE 171976 808 121
READ 525568 839 0
WRITE 405602 760 116
WRITE 521228 664 39
READ 417504 58 0
WRITE 736281 60 147
WRITE 700174 795 19
WRITE 290968 98 148
READ 227358 677 0
READ 748925 279 0
WRITE 540350 967 123
WRITE 212973 447 7
READ 658111 772 0
WRITE 76390 215 130
READ 704422 107 0
WRITE 426839 433 236
READ 183651 482 0
WRITE 739574 258 237
READ 977448 155 0
WRITE 1012562 718 81
WRITE 995927 788 80
READ 551477 209 0
WRITE 687633 244 71
WRITE 380009 527 228
READ 1042785 815 0
WRITE 216684 601 34
WRITE 372729 400 210
READ 925620 984 0
READ 464977 343 0
READ 945445 991 0
READ 535723 733 0
WRITE 492279 804 85
WRITE 304625 100 16
READ 218259 174 0
WRITE 953197 933 58
WRITE 134005 821 149
WRITE 410807 689 222
WRITE 578487 848 139
READ 866195 707 0
READ 341960 983 0
WRITE 12858 767 78
WRITE 614980 618 99
READ 66261 576 0
WRITE 866372 162 99
WRITE 506823 112 36
WRITE 927479 565 125
READ 748614 405 0
WRITE 200285 607 79
WRITE 536165 573 194
READ 397426 758 0
READ 42431 350 0
WRITE 964635 707 237
WRITE 107764 257 101
READ 76648 712 0
READ 32082 91 0
WRITE 644871 723 139
WRITE 920817 91 177
READ 670840 72 0
READ 193730 665 0
WRITE 427527 86 83
WRITE 773913 612 150
WRITE 61044 130 144
WRITE 871510 734 230
WRITE 241613 752 138
WRITE 472716 270 181
READ 956086 718 0
WRITE 728529 778 38
WRITE 157417 247 95
WRITE 375188 618 252
WRITE 368051 144 151
READ 922631 451 0
READ 421935 552 0
READ 165831 734 0
WRITE 794355 698 55
READ 797200 488 0
WRITE 956530 758 251
READ 818010 694 0
READ 758902 66 0
WRITE 1041610 156 215
READ 1038485 480 0
READ 453290 716 0
WRITE 425347 7 93
WRITE 965094 527 102
READ 670034 179 0
READ 935884 911 0
WRITE 989994 344 167
WRITE 771612 664 151
READ 156535 709 0
WRITE 966841 631 216
READ 896495 896 0
WRITE 147209 338 56
WRITE 1028288 129 91
WRITE 1007641 249 245
WRITE 782844 488 53
WRITE 84880 408 94
READ 695914 513 0
WRITE 834772 462 99
WRITE 401116 897 58
READ 658054 611 0
WRITE 918934 19 23
READ 943714 429 0
READ 82375 955 0
READ 621802 709 0
READ 714237 863 0
WRITE 300850 519 241
WRITE 338699 936 167
READ 85945 615 0
READ 758511 493 0
READ 896034 701 0
READ 673223 578 0
WRITE 338010 141 239
READ 312892 648 0
WRITE 303014 92 77
WRITE 495198 578 193
WRITE 72448 857 188
WRITE 194369 876 97
READ 92532 688 0
READ 149725 928 0
WRITE 852323 205 147
WRITE 663746 278 44
WRITE 279095 744 250
WRITE 508483 289 186
WRITE 306715 671 6
WRITE 463929 233 88
READ 445111 507 0
WRITE 957880 58 14
WRITE 751677 937 74
WRITE 999882 390 219
READ 74905 479 0
READ 415287 525 0
READ 193425 169 0
WRITE 697885 595 20
WRITE 1025329 357 224
WRITE 82713 775 76
READ 9937 883 0
WRITE 716095 751 44
WRITE 889041 479 254
WRITE 746549 674 159
READ 854019 90 0
WRITE 187659 749 26
WRITE 496488 1021 246
READ 827638 720 0
WRITE 866225 221 243
WRITE 132329 245 167
WRITE 612097 462 55
WRITE 807746 915 160
READ 683666 454 0
WRITE 927639 995 135
READ 414936 128 0
WRITE 382471 633 29
WRITE 411776 316 196
WRITE 151942 730 130
WRITE 359065 665 60
WRITE 64480 804 80
WRITE 228616 173 80
WRITE 914960 694 117
READ 406654 776 0
READ 938786 747 0
WRITE 113887 916 128
WRITE 475192 474 102
WRITE 928864 783 232
WRITE 775320 171 89
WRITE 341323 386 217
WRITE 135700 417 251
READ 658592 83 0
READ 70385 193 0
WRITE 274716 573 118
READ 315497 323 0
READ 635819 152 0
READ 609482 57 0
READ 892537 986 0
WRITE 300892 321 123
WRITE 792826 18 205
READ 47806 999 0
WRITE 352088 389 69
WRITE 460977 372 113
WRITE 1041960 989 230
READ 837721 608 0
WRITE 784554 544 193
WRITE 370158 924 125
WRITE 1031674 373 36
WRITE 547911 526 26
WRITE 769634 96 182
READ 912070 367 0
READ 516740 257 0
READ 360277 320 0
WRITE 1039074 442 51
WRITE 561012 608 123
WRITE 653557 817 158
WRITE 99858 830 82
WRITE 638433 376 10
WRITE 260977 546 133
WRITE 857074 169 190
READ 359152 262 0
WRITE 188631 636 15
WRITE 555689 769 129
WRITE 751678 748 146
READ 997036 215 0
WRITE 286479 38 121
WRITE 534111 790 128
READ 802010 140 0
WRITE 977696 489 49
READ 234389 453 0
READ 762141 402 0
WRITE 893157 656 11
READ 586170 383 0
READ 293930 739 0
WRITE 142543 402 43
READ 638029 113 0
WRITE 480502 606 63
WRITE 616863 354 68
READ 10496 478 0
WRITE 432833 943 113
READ 428228 960 0
READ 37820 263 0
WRITE 771907 893 118
READ 592570 781 0
WRITE 29834 424 110
WRITE 794734 1014 228
READ 618538 443 0
WRITE 974138 161 190
WRITE 657325 501 35
WRITE 1022558 939 33
WRITE 535317 914 219
WRITE 804762 518 223
WRITE 623124 919 84
READ 439145 181 0
READ 822841 195 0
WRITE 508336 922 29
WRITE 948159 343 125
READ 337929 695 0
WRITE 288568 727 233
READ 188390 650 0
READ 394525 880 0
READ 910959 946 0
WRITE 558742 493 92
WRITE 1009003 281 7
WRITE 928852 670 216
WRITE 173475 652 254
WRITE 173510 16 179
WRITE 649012 446 87
WRITE 396990 778 122
WRITE 472041 938 98
READ 806737 693 0
WRITE 218688 787 212
WRITE 807955 263 249
WRITE 960427 792 82
WRITE 771633 607 48
WRITE 155995 193 69
READ 711517 871 0
WRITE 531963 307 159
WRITE 598657 67 209
WRITE 1868 962 160
WRITE 456704 893 37
WRITE 420859 766 107
WRITE 381982 520 138
WRITE 618465 709 127
WRITE 50623 66 182
WRITE 512162 486 211
WRITE 1012828 160 27
READ 718389 644 0
READ 489920 675 0
WRITE 744329 515 51
WRITE 48464 308 84
READ 104023 266 0
WRITE 3953 430 135
READ 905691 1006 0
WRITE 1028799 284 131
READ 231837 141 0
READ 7215 791 0
WRITE 330258 750 120
WRITE 786052 714 75
WRITE 67228 451 173
READ 738488 440 0
WRITE 592071 460 134
READ 230380 557 0
READ 527092 211 0
WRITE 17621 124 84
WRITE 588232 733 222
WRITE 229800 300 66
WRITE 282025 183 139
READ 755759 811 0
WRITE 716472 69 239
WRITE 37760 184 235
WRITE 683951 528 105
WRITE 348469 649 65
WRITE 385618 632 121
WRITE 13813 387 171
READ 108857 437 0
READ 194117 137 0
WRITE 73129 675 108
WRITE 710165 221 255
READ 203765 623 0
WRITE 763026 580 124
WRITE 592569 464 219
WRITE 218882 830 156
READ 240126 741 0
READ 469073 977 0
WRITE 9976 333 101
WRITE 215080 73 49
WRITE 456240 245 30
WRITE 506318 292 164
READ 249434 763 0
WRITE 451922 989 249
WRITE 332493 147 33
WRITE 89934 581 180
READ 1043660 248 0
WRITE 525016 910 50
WRITE 376548 122 11
WRITE 461257 350 93
READ 656211 229 0
WRITE 952406 758 13
READ 946995 196 0
READ 36647 204 0
WRITE 517476 55 161
WRITE 525656 61 201
READ 63593 821 0
WRITE 959535 685 196
WRITE 600782 822 196
READ 307910 256 0
WRITE 1021817 997 174
WRITE 398249 321 95
WRITE 377913 576 226
WRITE 306559 414 31
READ 301559 598 0
READ 105815 832 0
READ 970825 635 0
WRITE 356118 378 104
WRITE 6811 959 113
READ 1033647 108 0
WRITE 904711 187 110
READ 392237 25 0
WRITE 658936 482 93
WRITE 45893 10 211
WRITE 143292 855 254
WRITE 1022700 327 77
WRITE 842810 469 178
WRITE 596750 54 59
READ 838869 623 0
READ 708664 385 0
WRITE 648183 861 234
READ 326821 684 0
WRITE 10949 978 26
WRITE 25612 552 15
WRITE 198671 828 232
READ 599272 390 0
WRITE 908581 20 42
WRITE 61357 398 243
WRITE 30176 550 215
WRITE 400089 60 145
READ 369261 540 0
WRITE 1016500 556 216
WRITE 40142 637 143
READ 53035 722 0
READ 244726 19 0
WRITE 267704 928 218
WRITE 907166 270 249
WRITE 822456 106 49
WRITE 674800 840 57
READ 89090 716 0
READ 751090 757 0
WRITE 474324 991 138
WRITE 931929 184 165
WRITE 1037115 156 145
WRITE 589387 205 39
READ 326726 748 0
WRITE 950854 604 17
WRITE 900593 583 2
WRITE 456227 527 65
WRITE 177879 318 179
WRITE 32169 568 91
WRITE 493809 292 160
WRITE 373537 948 173
WRITE 999743 90 129
WRITE 1028669 487 57
WRITE 184018 12 128
READ 80386 998 0
WRITE 877403 757 70
WRITE 967649 7 176
WRITE 158541 76 13
READ 788729 434 0
WRITE 775921 553 199
WRITE 496071 471 247
WRITE 726299 628 35
WRITE 195005 72 248
READ 111867 529 0
WRITE 739394 684 24
WRITE 553253 814 88
WRITE 734029 745 232
WRITE 562644 97 225
WRITE 642761 621 255
READ 297315 515 0
READ 789868 375 0
WRITE 931301 176 28
WRITE 623959 327 144
WRITE 530246 657 209
WRITE 246012 687 103
WRITE 893617 120 1
WRITE 893000 997 136
WRITE 740334 617 197
WRITE 353486 958 94
READ 767363 998 0
READ 191308 369 0
WRITE 36404 904 67
WRITE 598963 127 97
WRITE 172976 740 10
WRITE 694624 493 15
WRITE 169248 397 105
WRITE 312247 199 168
WRITE 115054 624 59
WRITE 932126 375 169
WRITE 476249 823 178
WRITE 361194 682 97
WRITE 586660 571 203
READ 1024176 932 0
READ 169893 836 0
READ 315162 998 0
WRITE 320965 673 176
WRITE 133109 357 140
READ 77822 560 0
WRITE 735282 289 71
WRITE 273635 211 87
WRITE 727007 711 80
WRITE 718453 257 148
READ 308714 486 0
READ 946728 904 0
READ 16793 294 0
WRITE 871081 319 201
WRITE 933389 814 177
WRITE 628360 446 169
WRITE 800217 705 247
WRITE 660474 377 109
WRITE 41440 922 176
WRITE 35666 472 34
WRITE 620896 698 44
WRITE 500702 917 60
READ 451517 638 0
WRITE 457651 489 105
WRITE 405680 475 51
READ 904546 529 0
WRITE 241098 45 147
WRITE 808949 396 152
READ 1036338 906 0
READ 642617 363 0
WRITE 767831 562 50
WRITE 476531 852 139
WRITE 529243 891 147
WRITE 931738 917 125
READ 544595 1017 0
WRITE 442137 356 16
READ 980111 126 0
WRITE 598752 336 35
WRITE 534545 932 39
WRITE 654935 343 230
READ 229943 749 0
WRITE 699965 613 164
READ 467736 528 0
WRITE 922522 51 8
WRITE 25632 439 222
READ 431969 641 0
WRITE 741555 963 203
WRITE 377076 307 244
READ 68038 167 0
WRITE 931392 374 110
WRITE 604953 688 64
WRITE 69400 609 229
WRITE 942071 864 171
WRITE 212140 575 105
WRITE 581259 57 241
WRITE 482383 928 69
WRITE 385893 421 42
READ 680764 899 0
WRITE 890360 689 140
READ 995216 102 0
WRITE 562022 208 88
WRITE 219437 771 216
WRITE 256430 923 192
WRITE 29319 296 103
WRITE 821307 643 239
READ 850819 82 0
WRITE 644986 264 84
WRITE 212997 670 64
WRITE 766669 369 92
READ 472910 332 0
WRITE 852270 743 90
READ 944865 902 0
WRITE 225361 343 64
READ 18228 412 0
WRITE 987500 757 146
READ 139809 972 0
READ 279274 160 0
READ 670315 470 0
READ 294209 624 0
WRITE 592904 982 91
WRITE 141976 809 226
WRITE 588096 685 48
WRITE 157827 224 122
WRITE 256388 995 47
WRITE 236558 729 174
READ 809160 945 0
WRITE 760981 183 79
WRITE 422896 958 40
WRITE 483375 441 229
READ 252847 266 0
WRITE 419863 542 236
READ 837370 32 0
WRITE 198817 997 18
READ 393530 628 0
WRITE 81185 343 118
WRITE 695298 259 37
WRITE 639840 939 47
WRITE 503662 828 84
WRITE 1019391 63 46
WRITE 443053 861 239
READ 235230 664 0
WRITE 565744 634 204
READ 89235 395 0
WRITE 28831 146 245
WRITE 692700 233 181
WRITE 704812 550 100
READ 825886 921 0
READ 336752 739 0
WRITE 792533 871 55
WRITE 469952 839 136
WRITE 443331 800 108
READ 997641 116 0
WRITE 276033 588 86
READ 782325 29 0
READ 835674 12 0
READ 983312 330 0
WRITE 827484 803 16
READ 850179 958 0
WRITE 14906 708 174
WRITE 710451 300 139
WRITE 723038 871 123
READ 591720 795 0
WRITE 235290 949 33
WRITE 33743 793 137
READ 490473 238 0
READ 40849 947 0
WRITE 294804 369 45
READ 31329 83 0
READ 1023589 965 0
WRITE 732905 625 112
WRITE 792651 877 25
WRITE 466208 301 7
WRITE 312895 59 25
WRITE 520578 786 180
READ 637956 508 0
READ 762680 395 0
READ 358169 372 0
WRITE 650450 133 31
WRITE 168354 66 105
READ 284555 188 0
WRITE 559594 356 28
READ 565016 8 0
READ 945495 295 0
READ 115349 11 0
WRITE 242516 837 160
WRITE 799881 774 158
WRITE 468395 908 183
WRITE 726405 38 104
READ 667737 379 0
WRITE 829334 371 189
WRITE 938814 246 60
WRITE 587026 77 114
WRITE 639874 221 31
WRITE 564147 505 54
READ 476923 432 0
WRITE 781263 395 74
READ 633539 485 0
READ 623274 578 0
READ 154329 81 0
READ 707701 402 0
READ 392099 1016 0
WRITE 46075 640 28
WRITE 949754 522 85
READ 442384 566 0
READ 1026328 239 0
WRITE 31337 1012 218
WRITE 625219 788 220
WRITE 320529 64 38
READ 379709 573 0
READ 753167 47 0
WRITE 461416 320 17
WRITE 175817 47 78
WRITE 473836 256 254
READ 213828 598 0
READ 71714 320 0
WRITE 870733 851 246
READ 370651 330 0
READ 980954 847 0
READ 457566 298 0
WRITE 130196 205 67
WRITE 899155 274 69
WRITE 720370 275 109
WRITE 267276 98 81
READ 598652 212 0
READ 6160 229 0
WRITE 384546 1007 222
WRITE 236432 555 165
WRITE 744980 662 67
WRITE 215454 142 125
READ 271783 169 0
WRITE 216193 188 253
WRITE 606026 758 233
READ 75668 991 0
WRITE 841941 151 24
WRITE 543920 257 31
WRITE 299564 502 173
WRITE 944677 768 15
READ 823668 89 0
WRITE 328408 167 93
WRITE 235848 494 170
WRITE 202571 943 97
WRITE 910156 801 228
WRITE 655788 198 7
READ 446646 739 0
READ 95027 1013 0
WRITE 906571 323 230
WRITE 249964 909 249
READ 133335 581 0
WRITE 439086 108 109
WRITE 432111 543 225
WRITE 197231 314 77
WRITE 761736 848 111
WRITE 361145 472 108
WRITE 19234 560 176
WRITE 867395 729 173
READ 79441 644 0
READ 959611 533 0
READ 495986 621 0
READ 832011 622 0
WRITE 530126 192 198
READ 546971 664 0
WRITE 184380 489 120
WRITE 694480 842 96
WRITE 307015 219 207
READ 827018 647 0
WRITE 139526 233 231
READ 1006302 869 0
READ 140801 838 0
READ 416515 248 0
WRITE 574545 19 26
WRITE 963971 744 226
WRITE 374684 514 231
READ 182374 643 0
WRITE 920856 977 88
WRITE 528173 137 162
READ 401846 421 0
READ 1046948 106 0
WRITE 840551 969 128
READ 4357 618 0
WRITE 1014730 838 223
READ 24150 743 0
READ 496244 704 0
WRITE 579271 550 251
READ 414174 375 0
WRITE 873200 314 154
READ 665147 598 0
READ 518704 87 0
WRITE 729676 961 29
WRITE 551271 908 120
WRITE 62352 330 127
WRITE 348261 953 154
WRITE 788593 97 142
READ 439868 627 0
WRITE 803078 358 98
WRITE 164764 655 100
WRITE 1014944 973 38
WRITE 379055 734 119
WRITE 726097 783 252
READ 463495 434 0
WRITE 1017431 241 206
WRITE 839551 429 20
WRITE 778115 423 167
WRITE 690262 838 225
WRITE 105570 328 224
WRITE 454938 828 219
WRITE 491194 227 183
READ 272718 166 0
WRITE 894764 206 15
READ 724500 235 0
WRITE 54305 116 235
WRITE 381663 988 116
WRITE 540135 279 23
READ 643805 326 0
WRITE 1001046 993 25
WRITE 455253 525 73
WRITE 799998 316 100
READ 374302 458 0
WRITE 481405 73 28
WRITE 1018166 1021 134
READ 163197 406 0
READ 744846 111 0
READ 430540 390 0
WRITE 210481 415 125
WRITE 371138 632 156
WRITE 780880 621 201
READ 593361 967 0
WRITE 322263 124 115
WRITE 508363 803 57
WRITE 564532 245 44
WRITE 686964 340 40
READ 91343 626 0
WRITE 526887 976 102
WRITE 274014 104 36
WRITE 702805 986 67
READ 995288 917 0
READ 105333 933 0
WRITE 633589 538 240
READ 297746 708 0
WRITE 224726 1012 138
WRITE 722561 565 58
READ 838185 840 0
WRITE 287774 455 119
WRITE 483678 783 125
READ 37963 311 0
WRITE 956094 910 2
WRITE 805515 413 42
READ 128689 581 0
WRITE 390833 259 177
READ 745908 224 0
READ 152104 103 0
WRITE 190362 887 24
READ 824250 266 0
WRITE 804203 390 181
WRITE 849767 421 89
WRITE 880701 732 58
READ 140681 812 0
WRITE 1045230 1019 192
WRITE 323318 570 101
READ 875547 17 0
WRITE 235182 983 151
WRITE 692195 927 220
WRITE 931077 131 188
WRITE 941658 746 146
WRITE 300559 553 84
READ 505745 789 0
WRITE 965996 726 239
WRITE 803750 791 49
WRITE 140242 345 239
WRITE 1019154 534 232
WRITE 453238 447 148
READ 996689 972 0
WRITE 557601 364 17
WRITE 766867 642 112
WRITE 302027 392 97
WRITE 266215 503 212
READ 918933 360 0
WRITE 562523 989 56
WRITE 665159 401 61
WRITE 352101 731 170
WRITE 125140 986 171
READ 171989 602 0
READ 997175 121 0
WRITE 80754 140 11
WRITE 958964 130 105
READ 430069 383 0
READ 586750 169 0
WRITE 893303 355 81
WRITE 712858 353 242
WRITE 121443 572 42
WRITE 8089 761 215
WRITE 640835 884 51
WRITE 282845 740 178
WRITE 722652 120 175
WRITE 354299 208 233
READ 546985 782 0
WRITE 56320 106 177
READ 313092 637 0
WRITE 825253 551 123
WRITE 761730 959 83
WRITE 979685 938 99
WRITE 597523 58 51
READ 1025230 664 0
READ 279072 188 0
WRITE 148513 811 129
READ 167753 462 0
READ 576314 841 0
WRITE 1046272 257 242
READ 837349 105 0
WRITE 394634 325 72
WRITE 777142 288 5
WRITE 524615 699 179
WRITE 748568 27 92
WRITE 207334 50 195
WRITE 78741 614 201
WRITE 498650 238 221
WRITE 102443 1001 184
READ 418042 826 0
WRITE 851177 262 236
WRITE 88918 394 150
READ 743506 506 0
WRITE 801954 51 226
WRITE 642449 529 177
WRITE 1029548 742 205
WRITE 829728 496 239
WRITE 887715 247 142
WRITE 881327 646 185
WRITE 606657 437 113
WRITE 878484 710 12
WRITE 834864 150 144
WRITE 155970 830 103
READ 685595 695 0
WRITE 503939 580 233
WRITE 760303 475 59
READ 884861 875 0
WRITE 326940 328 73
READ 175809 224 0
WRITE 1036798 447 61
WRITE 711251 331 92
WRITE 717798 686 9
READ 15002 198 0
WRITE 877337 773 52
READ 362768 386 0
READ 113381 266 0
WRITE 843864 498 178
READ 1019588 218 0
WRITE 597093 394 193
READ 815003 160 0
READ 423027 776 0
WRITE 968210 1010 85
READ 747711 929 0
WRITE 734892 227 65
WRITE 129068 700 251
WRITE 838011 480 238
WRITE 464294 733 35
READ 622418 736 0
WRITE 832514 539 138
WRITE 63358 56 229
WRITE 397424 898 116
WRITE 87323 104 79
WRITE 738095 516 222
READ 427409 756 0
WRITE 663996 572 216
WRITE 530669 151 79
WRITE 438732 603 84
READ 820783 725 0
WRITE 638504 886 7
READ 406940 591 0
READ 801334 475 0
READ 968891 607 0
WRITE 309598 468 75
WRITE 133682 761 207
WRITE 783205 708 188
READ 45278 273 0
WRITE 449491 247 166
READ 175727 103 0
WRITE 831024 995 217
WRITE 652299 49 182
WRITE 559077 585 74
WRITE 610919 127 74
WRITE 930131 707 200
READ 577507 177 0
WRITE 779112 436 175
WRITE 402626 943 32
WRITE 94559 121 247
WRITE 371583 786 102
WRITE 513427 175 168
READ 565219 758 0
WRITE 980079 95 95
WRITE 742055 729 113
WRITE 252702 158 168
WRITE 477479 888 228
WRITE 99974 269 66
WRITE 973272 255 27
WRITE 413631 701 67
WRITE 247167 645 2
WRITE 820761 471 167
WRITE 376345 321 181
WRITE 228820 348 222
WRITE 316315 656 99
WRITE 371621 756 195
WRITE 1044555 822 196
WRITE 655881 919 58
WRITE 624150 976 142
WRITE 530028 741 188
WRITE 145477 633 118
WRITE 524855 919 198
READ 547902 931 0
READ 257933 70 0
WRITE 355320 71 148
WRITE 918610 205 116
READ 572445 454 0
READ 962134 442 0
WRITE 782039 368 129
WRITE 777138 28 196
WRITE 983409 965 246
WRITE 60439 710 81
WRITE 393725 527 240
WRITE 883480 325 234
READ 186082 152 0
WRITE 712450 217 249
WRITE 926241 931 11
WRITE 436410 741 93
READ 703518 896 0
WRITE 686121 195 151
READ 766598 507 0
WRITE 15483 81 43
WRITE 73798 903 239
WRITE 257035 493 152
WRITE 349879 487 208
WRITE 301361 692 162
WRITE 461385 837 180
READ 681859 566 0
WRITE 790570 203 251
READ 877278 411 0
WRITE 448589 979 86
WRITE 698935 730 170
READ 254946 194 0
WRITE 273728 839 216
READ 369869 469 0
WRITE 874356 854 5
READ 542105 511 0
WRITE 954353 306 189
WRITE 461020 668 202
READ 726025 670 0
READ 778819 884 0
WRITE 662184 897 18
WRITE 769978 16 44
WRITE 929300 432 135
READ 110079 47 0
WRITE 50814 371 83
WRITE 1031647 955 177
READ 54879 51 0
WRITE 7872 833 102
WRITE 474237 1015 159
READ 212387 17 0
WRITE 352149 809 212
WRITE 1024127 892 18
WRITE 37128 214 171
WRITE 901439 582 30
READ 373663 355 0
WRITE 518240 60 222
READ 151857 778 0
WRITE 957217 435 151
WRITE 636344 450 10
READ 905815 341 0
READ 654840 535 0
READ 749061 152 0
WRITE 497240 784 86
WRITE 268649 38 245
WRITE 395360 576 79
WRITE 727089 292 37
WRITE 949897 279 164
READ 130778 708 0
WRITE 945075 476 76
READ 465772 437 0
WRITE 288403 898 124
WRITE 847624 743 58
READ 329756 40 0
WRITE 261793 510 112
READ 148212 987 0
WRITE 999159 865 181
READ 612846 924 0
READ 152818 83 0
WRITE 353031 188 94
READ 115633 765 0
WRITE 215594 284 193
READ 84808 885 0
WRITE 725575 981 104
WRITE 586547 860 145
WRITE 388216 498 137
WRITE 836838 597 14
WRITE 627748 512 212
WRITE 380021 874 193
READ 546457 166 0
WRITE 495497 462 103
READ 401528 223 0
WRITE 959176 253 216
WRITE 503866 114 99
READ 204684 998 0
WRITE 618769 780 194
WRITE 295689 275 34
READ 922949 34 0
WRITE 848477 309 241
READ 646093 772 0
READ 1038436 965 0
WRITE 648964 733 162
WRITE 404883 346 85
READ 607373 835 0
WRITE 529673 982 226
WRITE 396290 832 88
WRITE 924417 300 227
READ 323996 491 0
WRITE 983539 583 187
READ 541594 9 0
WRITE 294794 72 9
WRITE 857353 548 127
READ 851433 620 0
WRITE 130895 683 211
READ 158326 1010 0
WRITE 9477 613 20
READ 77153 723 0
WRITE 719942 872 147
WRITE 424704 220 249
READ 276102 186 0
READ 926866 785 0
WRITE 513732 1005 230
READ 819829 786 0
WRITE 356431 111 12
WRITE 24874 329 218
READ 102508 963 0
WRITE 174054 961 56
WRITE 504474 328 146
WRITE 133771 458 221
WRITE 515590 235 148
WRITE 209379 895 134
WRITE 534675 527 194
WRITE 220672 942 243
READ 95795 766 0
READ 556246 486 0
READ 129021 599 0
WRITE 705383 249 127
WRITE 460684 747 108
READ 811191 456 0
WRITE 697130 734 189
WRITE 232430 42 2
READ 880105 152 0
READ 454201 624 0
READ 496754 648 0
READ 762872 656 0
WRITE 324684 308 125
WRITE 716580 68 197
WRITE 481612 495 98
WRITE 933354 454 206
WRITE 598443 787 64
READ 865980 59 0
WRITE 206941 873 56
WRITE 363049 605 71
WRITE 27231 489 187
WRITE 63241 656 121
WRITE 87145 689 172
WRITE 800755 294 148
WRITE 627169 875 108
READ 29145 532 0
WRITE 371730 63 29
READ 73966 278 0
READ 251605 7 0
READ 661654 635 0
READ 463848 600 0
WRITE 1047590 202 17
WRITE 497308 427 157
WRITE 477282 809 89
READ 208225 681 0
WRITE 827663 986 97
WRITE 157311 150 64
WRITE 565506 49 8
WRITE 619136 388 11
WRITE 638748 444 155
WRITE 1016666 477 179
WRITE 281311 392 124
WRITE 518144 1023 41
WRITE 417033 745 247
WRITE 602938 343 122
READ 852073 167 0
READ 576696 962 0
READ 236186 1006 0
WRITE 954095 342 165
READ 236314 7 0
WRITE 118171 4 206
WRITE 896185 669 236
READ 463666 495 0
WRITE 318109 135 85
WRITE 535113 524 93
WRITE 1046258 96 32
WRITE 881382 514 87
WRITE 947440 667 33
READ 114010 419 0
WRITE 1028666 751 19
WRITE 321117 911 124
WRITE 500151 251 163
WRITE 1025260 622 131
WRITE 986373 80 143
WRITE 900790 263 92
WRITE 830415 109 26
WRITE 747521 132 10
WRITE 216057 983 55
WRITE 452931 369 8
WRITE 708984 593 116
READ 351546 245 0
WRITE 22849 162 33
WRITE 976364 686 119
READ 562451 278 0
WRITE 1015211 814 238
WRITE 870932 115 231
READ 896351 903 0
WRITE 848541 628 25
WRITE 600185 817 108
READ 888826 477 0
WRITE 488925 590 28
WRITE 1029137 253 50
READ 459328 808 0
WRITE 678213 539 149
WRITE 920744 277 242
WRITE 764172 963 185
WRITE 401930 606 40
WRITE 612052 285 49
READ 31952 508 0
WRITE 390184 377 130
READ 102805 168 0
READ 361570 326 0
WRITE 541848 121 117
WRITE 339196 764 153
WRITE 697989 416 142
WRITE 549384 286 5
WRITE 931243 435 214
READ 852129 429 0
WRITE 781451 878 161
WRITE 1028270 156 241
WRITE 507107 567 108
WRITE 208699 869 242
WRITE 678137 48 202
READ 89721 199 0
WRITE 767441 244 251
READ 653108 252 0
WRITE 1048205 278 15
READ 118345 851 0
WRITE 41330 797 210
READ 683065 727 0
READ 894839 22 0
WRITE 859518 415 130
WRITE 757064 147 219
WRITE 706443 973 3
WRITE 234509 33 91
WRITE 919172 844 23
WRITE 198155 638 58
WRITE 560417 735 99
WRITE 817010 168 166
WRITE 727943 464 143
WRITE 471941 503 163
WRITE 607273 416 155
READ 786505 718 0
READ 549696 258 0
WRITE 693833 535 129
READ 561605 927 0
READ 164341 924 0
WRITE 1000999 70 249
READ 232802 12 0
WRITE 971589 66 147
WRITE 479727 132 69
WRITE 798031 24 93
WRITE 1038810 56 248
READ 350794 973 0
WRITE 1028626 865 193
WRITE 410319 880 48
WRITE 506836 583 222
READ 765366 859 0
WRITE 236082 54 20
READ 497615 919 0
READ 749751 936 0
WRITE 558324 51 165
WRITE 106566 338 188
READ 797469 764 0
WRITE 972816 898 236
WRITE 184336 2 175
WRITE 415144 966 158
WRITE 622917 899 203
WRITE 470590 776 52
WRITE 590718 514 65
WRITE 992865 311 27
READ 184274 404 0
READ 699083 543 0
WRITE 350573 745 182
WRITE 403362 213 4
WRITE 426106 842 5
WRITE 1004127 536 77
READ 728418 853 0
WRITE 860428 529 234
WRITE 821822 859 132
WRITE 70546 435 252
WRITE 454728 923 234
WRITE 29184 613 48
WRITE 133104 833 238
WRITE 761845 107 242
READ 752071 738 0
WRITE 1005327 780 132
WRITE 507606 507 217
READ 252522 959 0
READ 326143 986 0
WRITE 288352 318 210
READ 490920 467 0
READ 872651 303 0
WRITE 663738 863 145
WRITE 543783 1017 87
READ 89713 230 0
READ 1029880 280 0
READ 119762 506 0
READ 10245 827 0
WRITE 266315 507 236
WRITE 429754 813 70
READ 914298 235 0
WRITE 257161 632 116
READ 591215 564 0
READ 913999 48 0
WRITE 607785 1017 59
WRITE 752697 259 230
WRITE 227798 814 37
READ 936894 892 0
READ 565981 697 0
WRITE 1037140 488 55
WRITE 951984 650 141
WRITE 933017 260 167
READ 503808 153 0
WRITE 343332 535 26
WRITE 990985 864 238
WRITE 723748 299 117
READ 521672 471 0
WRITE 555792 12 123
WRITE 13472 520 27
WRITE 565294 263 55
WRITE 726195 822 0
WRITE 107327 297 30
WRITE 331061 724 35
READ 266345 988 0
READ 620339 836 0
READ 252401 839 0
READ 676294 375 0
WRITE 967237 107 222
READ 957116 438 0
WRITE 864483 169 77
READ 841831 993 0
READ 570290 545 0
WRITE 435185 191 235
WRITE 621348 845 207
READ 808979 824 0
WRITE 998684 989 20
WRITE 791971 36 42
READ 281291 578 0
READ 899447 639 0
WRITE 744075 37 200
WRITE 302357 861 98
WRITE 734671 249 137
WRITE 781419 566 117
WRITE 888496 908 220
WRITE 229634 745 232
WRITE 762831 109 187
WRITE 469261 202 94
READ 479078 7 0
WRITE 1808 701 173
WRITE 143569 540 210
WRITE 181019 879 86
WRITE 761347 821 45
WRITE 330123 744 0
READ 364248 649 0
READ 957326 509 0
WRITE 925843 126 18
WRITE 652283 769 64
WRITE 153495 596 238
READ 191114 906 0
WRITE 664636 923 215
READ 667230 603 0
READ 570007 851 0
READ 507145 965 0
WRITE 746118 733 54
WRITE 749779 555 78
READ 692917 62 0
READ 320647 444 0
WRITE 998028 733 27
READ 798113 283 0
WRITE 430105 193 25
WRITE 380702 545 206
READ 934413 803 0
READ 26509 341 0
READ 212846 236 0
READ 750305 767 0
READ 31513 360 0
WRITE 727623 915 6
WRITE 264468 484 90
WRITE 684186 100 131
READ 892242 84 0
WRITE 684931 115 219
READ 610810 985 0
READ 547009 351 0
WRITE 48825 102 5
WRITE 871158 370 124
WRITE 360824 31 19
READ 709690 878 0
WRITE 78786 242 218
READ 275442 836 0
READ 199384 306 0
WRITE 606356 722 127
WRITE 572081 170 251
WRITE 870289 279 74
WRITE 416736 316 168
WRITE 87845 32 7
READ 885583 609 0
READ 159208 550 0
READ 663654 277 0
WRITE 367378 119 157
WRITE 960336 323 12
READ 992585 285 0
READ 505123 601 0
READ 457654 434 0
READ 35272 362 0
READ 257720 811 0
WRITE 536751 130 171
WRITE 176447 1000 130
WRITE 553850 183 32
WRITE 805372 381 73
WRITE 141508 488 124
READ 842204 488 0
WRITE 223835 79 142
READ 866793 950 0
WRITE 366335 405 60
WRITE 612651 119 165
READ 61990 616 0
WRITE 695241 741 153
READ 498689 557 0
WRITE 681633 202 65
READ 1026388 171 0
READ 411443 151 0
WRITE 759258 737 106
WRITE 437109 774 155
WRITE 111670 819 28
READ 724581 182 0
WRITE 44781 1004 197
WRITE 437562 766 227
WRITE 411965 50 104
WRITE 202855 135 104
READ 778977 125 0
READ 183071 524 0
READ 283174 159 0
WRITE 74130 382 14
READ 409724 182 0
WRITE 410458 492 158
READ 114844 902 0
READ 351971 349 0
READ 732616 523 0
WRITE 128287 736 172
WRITE 716439 44 195
READ 453512 487 0
WRITE 200890 90 180
READ 725480 776 0
WRITE 248907 133 242
WRITE 980806 18 218
READ 445395 764 0
WRITE 32953 783 188
READ 953884 573 0
WRITE 738909 936 58
WRITE 554950 199 48
WRITE 254879 125 3
WRITE 415322 679 166
WRITE 135294 819 241
WRITE 465314 268 214
READ 31502 573 0
READ 756597 651 0
WRITE 36560 449 205
WRITE 902580 977 22
WRITE 692603 941 70
WRITE 627861 836 99
WRITE 707670 179 87
WRITE 647845 444 86
WRITE 250750 399 232
WRITE 330433 898 179
WRITE 588246 107 106
WRITE 773984 241 17
WRITE 257544 501 50
WRITE 284989 601 183
READ 685654 475 0
WRITE 510786 873 180
WRITE 986011 845 15
READ 69210 693 0
READ 799618 608 0
WRITE 803727 535 2
WRITE 141869 995 59
WRITE 14798 816 53
READ 387223 42 0
WRITE 688357 354 79
READ 75544 975 0
WRITE 312344 396 158
WRITE 211218 367 103
READ 70938 920 0
WRITE 596178 341 135
WRITE 779539 899 13
WRITE 150115 597 39
READ 354110 324 0
WRITE 536969 532 218
WRITE 681129 519 75
WRITE 103022 963 211
WRITE 892700 567 213
WRITE 744965 530 44
WRITE 152596 89 45
WRITE 310104 152 31
READ 699297 69 0
WRITE 683111 857 224
READ 215315 137 0
READ 58239 115 0
WRITE 354915 165 246
WRITE 360778 96 254
READ 756891 276 0
WRITE 316303 553 1
READ 988640 26 0
WRITE 273440 305 96
WRITE 960697 354 116
WRITE 898124 215 8
WRITE 510524 412 245
READ 738095 854 0
WRITE 148998 914 43
READ 779760 950 0
WRITE 310899 679 79
READ 653443 252 0
WRITE 242769 59 95
WRITE 153287 1023 162
READ 635977 166 0
WRITE 357584 704 44
WRITE 215930 822 12
WRITE 498236 695 42
READ 15239 1017 0
READ 1003400 325 0
WRITE 273001 51 32
WRITE 40443 266 87
READ 437148 477 0
WRITE 102860 672 169
WRITE 193196 255 196
READ 819224 870 0
WRITE 925471 445 145
WRITE 819498 854 222
READ 849676 1014 0
READ 884592 739 0
WRITE 443786 210 78
READ 163798 405 0
WRITE 563577 684 42
READ 321270 17 0
WRITE 349158 945 167
WRITE 792238 769 53
WRITE 354739 823 11
WRITE 629086 214 112
WRITE 287528 265 124
WRITE 132856 50 97
READ 64420 371 0
READ 539072 531 0
WRITE 338093 539 223
WRITE 770978 20 162
READ 687854 265 0
WRITE 490174 965 35
READ 78437 316 0
READ 656571 803 0
WRITE 721626 684 101
READ 698377 637 0
WRITE 549039 215 109
READ 642678 307 0
WRITE 164702 497 29
READ 148922 613 0
READ 276679 742 0
WRITE 551253 555 223
WRITE 551200 856 36
READ 626850 460 0
READ 858312 732 0
WRITE 349414 599 143
READ 729568 683 0
WRITE 697595 704 227
WRITE 912961 972 52
WRITE 213268 358 42
WRITE 377157 211 12
READ 784483 693 0
WRITE 427706 554 192
READ 930996 490 0
READ 62031 859 0
READ 214878 832 0
WRITE 704167 119 118
WRITE 775992 138 25
WRITE 701079 780 173
WRITE 481025 731 103
READ 12797 832 0
READ 838292 283 0
WRITE 348109 517 186
WRITE 930220 148 11
WRITE 343081 502 111
READ 67754 2 0
WRITE 750294 570 43
READ 920459 336 0
READ 840758 504 0
READ 53187 340 0
WRITE 689862 191 126
READ 678332 347 0
READ 894222 636 0
READ 122453 109 0
READ 649568 111 0
READ 989788 169 0
READ 722022 803 0
READ 30545 156 0
WRITE 559457 942 103
WRITE 787990 755 117
WRITE 301753 52 222
READ 442782 595 0
WRITE 246847 49 165
WRITE 89584 762 159
WRITE 378905 105 241
WRITE 730652 99 237
READ 762797 835 0
READ 37808 452 0
WRITE 205360 781 110
WRITE 297038 995 56
WRITE 438225 634 148
READ 123523 207 0
WRITE 934960 578 235
READ 109429 868 0
WRITE 509115 750 165
WRITE 625739 349 169
WRITE 999332 758 93
WRITE 1047137 179 115
WRITE 354735 602 138
WRITE 859775 467 239
READ 991831 590 0
WRITE 1000560 151 15
WRITE 38632 242 13
READ 571660 6 0
READ 281549 363 0
READ 424508 662 0
WRITE 675363 937 135
READ 1036575 1023 0
WRITE 778381 759 242
WRITE 195875 1011 220
WRITE 168349 191 230
WRITE 798706 739 42
READ 1010102 1020 0
WRITE 403017 776 54
READ 640782 118 0
READ 337762 891 0
WRITE 565272 655 181
WRITE 283914 240 70
WRITE 958977 828 36
WRITE 365959 108 109
WRITE 317221 343 182
WRITE 158278 777 29
READ 78634 270 0
WRITE 548654 811 164
WRITE 648398 994 104
READ 537765 120 0
WRITE 725463 324 132
READ 739202 248 0
READ 578770 723 0
WRITE 878520 969 250
READ 314396 144 0
WRITE 1021667 360 110
WRITE 237022 502 184
WRITE 346338 975 152
WRITE 962267 670 149
READ 1031131 334 0
READ 700808 585 0
READ 141312 1011 0
READ 349495 394 0
WRITE 790437 984 110
READ 959161 740 0
READ 682496 423 0
WRITE 68627 382 6
WRITE 836827 691 175
WRITE 253589 323 200
WRITE 582668 844 69
WRITE 194206 855 153
READ 159844 916 0
READ 710786 651 0
WRITE 231374 526 210
READ 976985 499 0
WRITE 894985 727 181
WRITE 838407 807 109
WRITE 514408 313 103
READ 902120 258 0
WRITE 120117 472 238
READ 69128 926 0
READ 204790 725 0
WRITE 504892 979 164
READ 981439 819 0
READ 560841 325 0
READ 264316 281 0
WRITE 352997 915 249
WRITE 330849 609 63
WRITE 374532 468 112
WRITE 565862 368 152
WRITE 575351 465 196
WRITE 96172 12 144
WRITE 622769 434 172
WRITE 695296 140 227
READ 702464 37 0
WRITE 603501 407 144
WRITE 117079 392 158
WRITE 566527 680 169
WRITE 614579 544 33
WRITE 607034 117 4
WRITE 871685 26 112
WRITE 61697 383 64
READ 922883 245 0
READ 39178 593 0
READ 693485 171 0
READ 855448 69 0
WRITE 223068 38 57
WRITE 517201 440 2
READ 948387 396 0
READ 126122 631 0
WRITE 499467 215 195
READ 264362 109 0
READ 699831 684 0
WRITE 330932 593 48
WRITE 414023 1023 17
WRITE 702881 583 72
WRITE 266005 505 189
WRITE 410545 359 1
READ 946286 203 0
READ 862912 731 0
WRITE 357031 454 172
WRITE 624282 269 43
WRITE 718406 645 92
WRITE 498673 263 186
READ 1045718 176 0
WRITE 253150 60 34
WRITE 31304 92 17
WRITE 1044422 404 83
WRITE 212838 936 146
WRITE 755765 332 164
WRITE 451942 944 20
WRITE 873538 747 84
READ 602703 792 0
WRITE 27747 97 235
READ 762591 23 0
WRITE 605107 629 12
WRITE 802524 972 66
WRITE 731849 199 3
WRITE 1005595 969 192
WRITE 892118 660 74
WRITE 71562 936 244
READ 856101 308 0
WRITE 192546 770 31
WRITE 820705 794 101
READ 689556 110 0
WRITE 869746 306 158
WRITE 225074 734 159
WRITE 208076 785 5
WRITE 185575 302 67
WRITE 321136 79 38
READ 931416 903 0
WRITE 987538 319 239
WRITE 653175 977 143
WRITE 914561 565 215
WRITE 493726 295 245
WRITE 368740 513 170
READ 773387 941 0
READ 319625 145 0
WRITE 952943 940 152
WRITE 714316 942 233
READ 135545 478 0
WRITE 448736 526 114
WRITE 86215 787 161
WRITE 783183 62 203
READ 553646 943 0
READ 428472 638 0
WRITE 577607 681 242
WRITE 810955 658 34
READ 700583 476 0
READ 442127 334 0
WRITE 650903 165 118
WRITE 84349 811 65
WRITE 921665 746 225
READ 960489 11 0
WRITE 46042 67 188
WRITE 891542 650 219
READ 1002456 165 0
WRITE 386422 58 191
WRITE 138453 859 115
READ 420804 212 0
WRITE 418390 108 156
READ 281494 231 0
WRITE 470206 356 32
WRITE 916275 440 47
WRITE 548814 708 194
WRITE 770628 863 195
WRITE 1018284 18 255
READ 372903 11 0
WRITE 754256 899 107
WRITE 447759 907 114
READ 810743 314 0
WRITE 848863 97 147
WRITE 200274 761 203
READ 227719 719 0
READ 868464 126 0
READ 883157 70 0
WRITE 125035 458 86
READ 163357 792 0
WRITE 865923 833 194
WRITE 59403 681 68
WRITE 214328 57 54
WRITE 343320 439 166
WRITE 662498 574 140
WRITE 326079 74 154
READ 869375 890 0
WRITE 860848 978 253
READ 811283 193 0
READ 767978 199 0
WRITE 259680 641 129
READ 359855 280 0
READ 101575 401 0
WRITE 475868 360 188
WRITE 995045 107 166
WRITE 659599 21 65
WRITE 84367 19 215
WRITE 298655 365 76
WRITE 465248 804 103
READ 522762 272 0
WRITE 92737 61 87
WRITE 751665 185 96
WRITE 106143 271 248
WRITE 49638 737 29
WRITE 91276 103 227
WRITE 627415 633 82
READ 1040842 438 0
WRITE 310815 485 246
WRITE 324581 684 69
READ 416275 285 0
READ 609513 707 0
READ 924237 164 0
READ 231616 542 0
READ 291158 537 0
WRITE 836329 834 233
WRITE 596380 281 80
READ 198843 102 0
WRITE 365885 829 222
WRITE 76860 443 78
WRITE 458656 945 218
WRITE 684966 513 48
WRITE 740072 452 195
WRITE 578166 614 41
WRITE 208257 483 163
WRITE 808706 649 168
READ 115950 175 0
WRITE 232739 779 254
WRITE 78561 650 84
READ 89528 323 0
WRITE 641882 488 50
WRITE 686836 116 228
WRITE 102861 927 185
WRITE 637660 419 166
WRITE 375906 610 159
WRITE 426817 410 179
WRITE 684028 223 2
WRITE 201989 867 86
WRITE 538966 369 105
READ 517586 208 0
WRITE 30716 53 212
WRITE 84076 95 78
READ 334181 374 0
READ 861543 676 0
WRITE 466712 233 252
READ 370327 205 0
READ 986379 432 0
WRITE 603497 558 237
WRITE 939833 659 238
WRITE 615395 63 202
READ 621751 920 0
READ 141554 255 0
WRITE 467825 904 69
WRITE 399704 382 53
WRITE 234749 36 219
READ 749559 854 0
READ 256445 983 0
WRITE 851555 674 208
READ 554348 608 0
READ 1008419 604 0
WRITE 576679 832 5
WRITE 42301 561 226
READ 1037620 753 0
WRITE 721494 925 166
WRITE 630162 489 237
READ 755473 346 0
READ 601909 700 0
READ 594529 972 0
READ 863087 989 0
READ 480654 355 0
WRITE 141538 370 51
WRITE 25834 593 97
WRITE 594930 829 200
WRITE 1242 621 19
WRITE 840250 617 92
WRITE 870769 526 49
WRITE 39524 767 27
READ 904786 433 0
READ 876581 632 0
WRITE 899 884 206
WRITE 1016954 182 16
WRITE 248828 253 234
WRITE 329113 998 248
WRITE 193582 554 78
READ 460952 287 0
WRITE 948519 55 125
WRITE 573734 445 232
WRITE 436664 867 130
READ 820829 131 0
WRITE 981455 382 160
READ 32085 205 0
READ 991683 981 0
READ 28195 689 0
READ 254174 794 0
READ 306467 253 0
READ 935720 904 0
WRITE 543834 889 21
WRITE 1004860 562 126
WRITE 528029 82 155
READ 846750 932 0
WRITE 496567 298 14
WRITE 13972 395 159
WRITE 614495 101 86
WRITE 663490 154 121
READ 415491 283 0
READ 498651 90 0
WRITE 443528 620 65
WRITE 180186 297 137
WRITE 943143 796 236
WRITE 396223 105 33
READ 2137 279 0
READ 578132 701 0
WRITE 952897 945 55
WRITE 962212 27 225
WRITE 367053 131 91
WRITE 1025363 789 201
READ 461105 69 0
READ 856751 495 0
READ 101153 243 0
READ 552768 777 0
READ 10811 428 0
WRITE 816570 49 192
READ 739962 693 0
WRITE 797206 460 202
READ 1028945 470 0
WRITE 989315 12 194
WRITE 736919 510 152
WRITE 577524 325 217
READ 201200 815 0
READ 965206 580 0
WRITE 1033288 502 16
WRITE 366555 684 60
WRITE 797392 432 22
WRITE 929942 388 228
WRITE 988771 871 77
READ 479742 721 0
WRITE 1001030 924 149
WRITE 64308 660 81
WRITE 338543 669 144
WRITE 772706 566 175
WRITE 487856 569 195
READ 556305 295 0
WRITE 489864 862 48
WRITE 793366 261 240
WRITE 218472 445 182
WRITE 741557 1003 167
READ 1042317 977 0
WRITE 795270 281 166
WRITE 607149 908 126
WRITE 691448 55 171
READ 552942 644 0
WRITE 663592 585 121
WRITE 445385 707 87
WRITE 496333 181 250
READ 407929 28 0
WRITE 967574 525 72
WRITE 451819 299 158
WRITE 250401 616 235
WRITE 968985 666 27
WRITE 705294 881 246
READ 366327 163 0
WRITE 665148 888 192
READ 269911 728 0
WRITE 669800 688 118
WRITE 619636 28 7
READ 333572 754 0
READ 347536 71 0
READ 947850 624 0
READ 215823 257 0
WRITE 25979 754 28
WRITE 517807 602 200
READ 537837 440 0
READ 772487 468 0
WRITE 1007753 682 54
WRITE 431715 444 81
WRITE 55439 35 48
WRITE 695278 657 200
WRITE 20141 847 56
WRITE 35844 976 233
READ 614506 301 0
READ 506591 574 0
READ 463584 292 0
WRITE 654115 958 13
WRITE 992551 178 184
READ 687581 184 0
WRITE 971748 521 250
WRITE 1007899 100 167
READ 997145 660 0
WRITE 736653 1012 184
WRITE 351269 740 249
WRITE 503535 509 190
WRITE 851500 984 223
WRITE 322196 197 237
READ 477920 49 0
READ 27169 610 0
WRITE 358260 316 81
WRITE 335353 431 219
WRITE 651672 114 231
READ 15168 128 0
WRITE 446906 987 181
WRITE 845196 354 254
WRITE 328975 788 82
READ 807039 608 0
WRITE 760673 542 33
READ 1017132 115 0
WRITE 754059 807 254
WRITE 316057 513 44
READ 580817 669 0
WRITE 833495 623 26
WRITE 402151 229 70
WRITE 860577 616 48
WRITE 845930 610 60
WRITE 539638 286 180
WRITE 763715 608 228
WRITE 763739 136 82
WRITE 308836 660 213
WRITE 622650 860 131
WRITE 634370 269 166
READ 399857 613 0
WRITE 839350 45 130
WRITE 554914 464 215
READ 488428 329 0
WRITE 888646 1001 253
WRITE 1004328 786 195
WRITE 655957 879 25
READ 636864 997 0
WRITE 889792 213 179
WRITE 674411 985 114
WRITE 331630 863 41
READ 423244 2 0
WRITE 25292 206 16
WRITE 72620 598 175
WRITE 284291 529 87
WRITE 993849 440 218
READ 263597 380 0
WRITE 869178 719 148
WRITE 729344 536 184
READ 546806 630 0
READ 281313 225 0
WRITE 487390 453 250
WRITE 822137 670 196
READ 596059 53 0
READ 725038 365 0
READ 611133 968 0
WRITE 885321 70 161
READ 488238 631 0
READ 475641 1 0
WRITE 210474 704 224
WRITE 829418 109 252
WRITE 472059 945 48
WRITE 290869 497 238
WRITE 926526 833 130
READ 758708 445 0
WRITE 941836 355 45
READ 818513 1008 0
WRITE 815644 796 133
WRITE 656735 52 65
READ 507716 877 0
WRITE 792311 385 60
WRITE 536154 630 151
READ 237710 778 0
READ 215197 630 0
READ 567197 586 0
READ 26693 674 0
READ 9881 170 0
READ 738541 478 0
WRITE 614643 357 212
WRITE 465355 13 207
WRITE 738911 776 194
WRITE 884136 30 116
WRITE 682918 541 212
WRITE 580607 814 78
READ 987498 305 0
WRITE 1036684 394 247
WRITE 748211 632 105
READ 487773 824 0
WRITE 170419 411 98
WRITE 154270 109 127
WRITE 1015864 31 253
READ 773348 229 0
WRITE 809929 637 200
WRITE 191953 989 248
WRITE 49763 699 47
WRITE 609941 1006 125
READ 662195 626 0
READ 589100 727 0
WRITE 273312 746 103
WRITE 1012413 947 106
READ 832373 844 0
READ 645262 773 0
READ 565836 120 0
WRITE 329204 100 66
READ 430217 848 0
READ 1040675 1021 0
WRITE 981342 524 21
WRITE 582135 738 97
WRITE 253611 490 211
WRITE 158901 489 2
READ 367997 441 0
WRITE 114774 776 249
WRITE 748516 22 139
READ 176166 292 0
READ 106692 942 0
WRITE 517589 456 221
READ 46055 526 0
WRITE 1014747 184 155
READ 133308 463 0
WRITE 62256 405 242
WRITE 99886 455 132
WRITE 622429 288 178
WRITE 183285 294 239
WRITE 73734 609 171
READ 710451 112 0
WRITE 517989 883 65
WRITE 486925 778 122
WRITE 920013 865 239
WRITE 353640 362 129
WRITE 741199 934 209
WRITE 387639 471 98
READ 106404 966 0
WRITE 147024 535 32
WRITE 972509 236 199
WRITE 470631 1000 11
WRITE 234598 521 203
READ 1016505 348 0
WRITE 791413 496 230
WRITE 10220 358 134
READ 416491 695 0
READ 45217 897 0
WRITE 447001 884 85
READ 634520 477 0
WRITE 659399 648 48
READ 312259 250 0
WRITE 900497 416 208
WRITE 169931 202 165
WRITE 990117 637 130
READ 535651 75 0
WRITE 1025212 22 239
WRITE 47332 920 200
WRITE 580429 142 116
READ 811251 186 0
WRITE 370972 629 17
WRITE 190895 538 86
WRITE 397592 929 139
READ 495794 990 0
WRITE 991422 977 54
WRITE 1030134 516 172
READ 439945 383 0
WRITE 529238 294 118
WRITE 996697 99 203
WRITE 593745 52 156
READ 683478 863 0
READ 428231 903 0
WRITE 765835 338 128
WRITE 723853 671 108
READ 404050 435 0
WRITE 395225 229 248
WRITE 158442 983 161
READ 221550 403 0
WRITE 979982 155 251
WRITE 1044043 270 201
READ 881371 722 0
READ 727463 759 0
WRITE 785040 837 36
WRITE 856385 509 146
WRITE 714248 327 218
WRITE 82790 694 158
WRITE 693968 821 90
READ 682737 428 0
WRITE 664502 159 148
WRITE 628598 171 237
READ 329456 183 0
WRITE 574911 510 118
READ 35268 149 0
READ 161955 896 0
READ 51610 1005 0
WRITE 809601 754 156
WRITE 88566 879 246
WRITE 181717 563 68
READ 671980 207 0
WRITE 349123 50 88
WRITE 35326 647 66
WRITE 634327 990 149
READ 342101 930 0
WRITE 621491 253 59
READ 620445 188 0
WRITE 753600 213 53
WRITE 389243 683 166
READ 192297 479 0
READ 624982 331 0
READ 219703 924 0
WRITE 736894 950 66
WRITE 171384 121 186
WRITE 79369 579 181
WRITE 455391 500 189
WRITE 57895 282 51
WRITE 46861 945 86
WRITE 324908 232 80
WRITE 75847 345 7
WRITE 527761 317 179
WRITE 454730 379 240
WRITE 18894 294 236
READ 39222 840 0
WRITE 782492 400 157
READ 856027 459 0
READ 1021054 465 0
READ 385325 70 0
READ 465231 33 0
READ 704438 1012 0
READ 1538 450 0
READ 399676 461 0
WRITE 424836 209 58
WRITE 544619 11 20
READ 259665 496 0
WRITE 658309 839 85
WRITE 193772 898 152
WRITE 364807 760 149
WRITE 147192 724 72
WRITE 529739 109 57
READ 23356 144 0
WRITE 86534 282 119
WRITE 378870 90 8
WRITE 535813 611 116
WRITE 647886 732 99
READ 1010106 450 0
WRITE 411885 823 211
READ 999363 946 0
WRITE 240099 567 5
WRITE 197319 291 217
WRITE 806873 716 169
READ 908555 408 0
READ 929368 150 0
WRITE 719070 359 183
READ 841265 961 0
WRITE 420830 983 208
READ 335538 515 0
READ 755660 50 0
WRITE 822510 619 43
WRITE 636612 599 219
READ 362461 492 0
READ 189876 348 0
WRITE 413157 538 166
READ 386905 740 0
WRITE 241699 264 49
WRITE 856778 732 78
WRITE 537682 655 31
READ 661425 682 0
WRITE 706565 466 156
WRITE 914028 646 79
WRITE 738674 544 209
WRITE 1041197 583 51
READ 36407 220 0
READ 423533 1003 0
WRITE 1021072 359 87
WRITE 527467 834 239
WRITE 231755 368 169
WRITE 788823 507 29
READ 791277 927 0
READ 202979 695 0
WRITE 132108 490 78
READ 536482 264 0
WRITE 335532 87 25
WRITE 804304 90 170
READ 116926 142 0
WRITE 798931 158 191
READ 980977 515 0
WRITE 508875 916 242
READ 845402 971 0
WRITE 160418 128 87
WRITE 399042 789 230
WRITE 972475 153 154
WRITE 1014974 810 229
READ 301542 46 0
WRITE 107225 350 169
WRITE 156706 1000 44
WRITE 974013 975 116
WRITE 1024058 642 27
WRITE 23030 210 183
WRITE 623054 892 41
WRITE 643118 763 108
WRITE 890704 798 95
READ 29790 117 0
READ 365255 788 0
WRITE 695520 314 23
READ 460223 396 0
WRITE 829913 822 1
WRITE 354135 883 248
WRITE 243315 939 38
READ 821683 279 0
READ 905432 949 0
WRITE 619609 371 175
WRITE 338124 611 148
WRITE 800940 739 129
READ 105402 925 0
READ 554876 526 0
READ 737590 985 0
READ 98514 521 0
READ 232159 805 0
WRITE 559115 127 230
WRITE 990842 1002 145
WRITE 174428 349 63
READ 636336 859 0
WRITE 940039 43 207
WRITE 817173 618 40
WRITE 107514 378 215
WRITE 39315 1001 155
WRITE 251791 400 183
READ 237165 86 0
WRITE 351726 254 75
READ 124470 564 0
WRITE 486487 292 73
WRITE 300251 617 185
WRITE 746157 66 205
WRITE 992706 781 35
WRITE 991412 898 110
READ 62166 378 0
READ 277909 825 0
READ 1007812 359 0
READ 220673 156 0
READ 971558 28 0
WRITE 605138 251 164
WRITE 654047 101 113
WRITE 41185 831 34
WRITE 335606 592 108
WRITE 1036047 688 73
WRITE 772253 472 15
WRITE 94235 335 59
WRITE 444528 127 87
WRITE 146922 180 52
WRITE 665609 342 71
READ 744758 884 0
WRITE 115182 785 189
WRITE 109454 76 52
WRITE 993162 644 1
READ 721236 350 0
WRITE 157449 340 106
WRITE 737850 787 86
READ 14528 942 0
READ 343932 298 0
WRITE 32795 723 140
WRITE 57768 1013 113
WRITE 395138 63 143
READ 188552 178 0
WRITE 457057 858 49
WRITE 68975 397 41
READ 177090 133 0
WRITE 552228 669 203
WRITE 35611 568 63
WRITE 721857 966 0
WRITE 646235 901 105
WRITE 142311 824 99
WRITE 625288 980 158
READ 789048 713 0
READ 514838 881 0
READ 647027 207 0
WRITE 940060 955 46
WRITE 420400 98 40
WRITE 64155 831 115
WRITE 216641 423 188
READ 476243 785 0
WRITE 466353 868 216
WRITE 19963 797 84
WRITE 177527 546 72
READ 680733 518 0
WRITE 671390 205 196
WRITE 400925 444 190
WRITE 510205 56 4
WRITE 453539 519 45
READ 988717 841 0
WRITE 698982 622 196
WRITE 533648 94 219
WRITE 748610 419 16
WRITE 411178 126 236
WRITE 791865 518 122
WRITE 496317 204 61
READ 229728 1011 0
READ 316363 863 0
READ 722602 726 0
WRITE 850468 823 37
WRITE 496326 764 3
READ 624585 415 0
WRITE 291518 145 158
WRITE 618601 669 68
WRITE 381025 745 162
WRITE 627867 319 12
WRITE 850250 362 226
WRITE 920678 333 108
READ 176742 397 0
WRITE 456591 866 21
WRITE 64271 779 12
WRITE 152966 940 231
WRITE 375497 35 140
WRITE 161845 709 144
WRITE 551204 332 177
READ 60647 391 0
WRITE 313375 878 60
READ 1010289 769 0
READ 86556 137 0
WRITE 416351 408 236
READ 643735 614 0
READ 777156 554 0
WRITE 739964 315 64
WRITE 563167 132 96
READ 611792 367 0
WRITE 408728 856 179
WRITE 678517 210 172
READ 356888 170 0
READ 921382 364 0
READ 289615 93 0
WRITE 794782 723 219
READ 395767 792 0
WRITE 769108 44 241
READ 466924 741 0
READ 781741 962 0
WRITE 1097 97 79
WRITE 564732 310 98
WRITE 888030 170 248
WRITE 49394 647 235
READ 284131 979 0
WRITE 928992 35 122
WRITE 25979 566 26
READ 944202 888 0
READ 107892 130 0
WRITE 767906 323 174
READ 390199 436 0
WRITE 1030563 1000 163
WRITE 956886 18 138
READ 930336 140 0
WRITE 454611 463 66
READ 649878 953 0
READ 66356 52 0
WRITE 148348 275 68
WRITE 456882 289 238
WRITE 47230 116 144
WRITE 144680 807 181
WRITE 360814 8 255
WRITE 316022 330 239
WRITE 52340 973 102
WRITE 485565 807 220
WRITE 641039 292 43
READ 941544 489 0
WRITE 150615 96 15
READ 362760 296 0
READ 514259 484 0
READ 999770 590 0
READ 264011 207 0
WRITE 173698 578 65
READ 217199 628 0
WRITE 1004189 237 41
WRITE 552408 4 50
READ 371776 985 0
READ 768477 691 0
WRITE 69442 218 245
READ 496225 521 0
READ 364014 43 0
READ 81972 387 0
WRITE 104578 778 109
READ 582638 105 0
WRITE 382956 858 103
READ 734357 859 0
WRITE 736303 134 204
READ 1029899 498 0
WRITE 547359 8 85
WRITE 130818 312 31
WRITE 90124 392 147
READ 552756 347 0
READ 346015 165 0
READ 462727 774 0
READ 637665 932 0
WRITE 634215 40 113
READ 4633 291 0
WRITE 851174 451 184
WRITE 62202 361 89
READ 905910 379 0
WRITE 683566 650 130
READ 113927 762 0
WRITE 973544 980 31
READ 83452 333 0
WRITE 716336 283 114
WRITE 185382 884 230
WRITE 662980 330 137
WRITE 449966 612 35
READ 909062 370 0
WRITE 780982 336 111
WRITE 621624 947 80
READ 871918 44 0
WRITE 876974 723 251
WRITE 956020 782 239
READ 168084 896 0
READ 227249 688 0
WRITE 524193 750 163
WRITE 244756 970 51
READ 808297 466 0
WRITE 830136 746 171
WRITE 844341 183 5
READ 918762 631 0
READ 936373 840 0
READ 1044462 546 0
READ 588898 713 0
READ 153113 263 0
READ 811139 794 0
WRITE 163870 654 91
WRITE 88406 510 121
WRITE 89713 134 41
WRITE 331036 85 31
READ 430114 342 0
WRITE 859119 486 194
READ 339790 573 0
WRITE 866076 711 10
WRITE 753427 967 250
WRITE 929067 255 65
READ 330148 208 0
WRITE 515311 735 183
WRITE 737357 325 171
WRITE 586923 852 121
WRITE 175738 915 202
READ 437926 544 0
READ 899764 336 0
WRITE 869029 407 21
WRITE 508982 840 101
WRITE 332136 340 201
WRITE 858427 279 4
WRITE 705408 453 106
READ 910968 79 0
WRITE 908060 561 179
WRITE 258877 202 174
WRITE 853152 388 189
WRITE 833733 970 89
WRITE 713713 412 2
WRITE 782060 58 0
READ 872707 870 0
WRITE 433158 689 113
WRITE 845227 300 76
WRITE 473673 323 107
READ 881806 183 0
WRITE 44974 420 145
WRITE 172314 318 28
READ 791690 899 0
READ 206126 301 0
WRITE 233866 146 41
WRITE 639248 752 110
WRITE 247298 388 93
READ 1013770 800 0
WRITE 297880 536 31
READ 1037585 620 0
WRITE 299485 497 141
READ 270357 571 0
READ 694213 2 0
WRITE 89503 428 65
READ 685415 985 0
READ 691993 503 0
WRITE 894431 958 182
WRITE 120582 616 21
WRITE 173300 52 4
WRITE 683970 712 179
WRITE 1040372 920 103
WRITE 764991 120 112
READ 387499 203 0
WRITE 285771 80 200
WRITE 194076 242 191
WRITE 507349 512 129
READ 685737 565 0
WRITE 524405 885 95
WRITE 235083 720 71
WRITE 857124 85 223
WRITE 536890 89 87
WRITE 904800 259 172
READ 1009309 563 0
WRITE 178214 998 127
WRITE 727477 725 140
READ 957554 1023 0
READ 277317 833 0
WRITE 561158 996 179
WRITE 66405 438 68
READ 835393 12 0
WRITE 291784 12 246
WRITE 905082 222 17
WRITE 481771 532 141
WRITE 45601 672 51
WRITE 594733 599 46
WRITE 376859 559 55
WRITE 356088 715 26
WRITE 1027187 221 155
WRITE 917154 571 187
WRITE 224525 598 206
READ 35401 278 0
READ 664691 74 0
WRITE 152483 837 214
READ 344064 260 0
READ 425145 231 0
WRITE 118263 612 253
WRITE 286931 826 75
WRITE 234991 836 60
READ 1019306 802 0
WRITE 696482 819 97
READ 1038554 305 0
WRITE 821645 792 87
WRITE 1003921 726 189
WRITE 337030 634 222
WRITE 303157 273 82
WRITE 244118 628 89
READ 438252 770 0
READ 83387 358 0
READ 10723 76 0
WRITE 947007 556 34
WRITE 406984 758 15
WRITE 280861 841 250
READ 869578 717 0
WRITE 739406 979 143
WRITE 206699 234 3
READ 445445 786 0
WRITE 617826 334 132
WRITE 289881 834 190
READ 969765 273 0
READ 275042 163 0
READ 383673 118 0
WRITE 632205 118 192
READ 509699 393 0
READ 811304 902 0
WRITE 208274 789 119
READ 12370 723 0
WRITE 686347 310 145
WRITE 244552 997 52
READ 262561 107 0
WRITE 469816 585 158
WRITE 227053 480 253
WRITE 12348 722 197
READ 845350 780 0
READ 995558 183 0
WRITE 195283 443 95
WRITE 852991 384 107
WRITE 86881 163 117
WRITE 991692 160 64
WRITE 207460 376 100
WRITE 55917 607 226
READ 59832 486 0
WRITE 235029 60 254
WRITE 522253 783 37
WRITE 271499 666 143
WRITE 261779 650 226
WRITE 401025 328 230
READ 166918 450 0
READ 661054 267 0
READ 918541 38 0
WRITE 794060 564 30
READ 990212 719 0
WRITE 777210 262 136
WRITE 50474 384 90
WRITE 567858 108 63
WRITE 403794 576 5
WRITE 662656 486 162
READ 751692 692 0
READ 878928 1010 0
WRITE 114363 860 220
WRITE 321634 74 48
WRITE 495856 456 139
WRITE 314077 154 163
READ 569196 16 0
WRITE 389956 176 52
READ 474203 432 0
WRITE 24102 225 107
WRITE 789191 974 170
WRITE 454318 109 141
WRITE 1000362 363 219
READ 548239 482 0
READ 554104 996 0
WRITE 410737 690 235
READ 237165 35 0
WRITE 127080 162 236
WRITE 377016 760 15
WRITE 120283 876 63
WRITE 507263 816 17
WRITE 110128 491 58
WRITE 192752 917 29
WRITE 528515 267 182
WRITE 1043123 114 231
READ 140424 1019 0
WRITE 790188 51 45
WRITE 31903 596 247
WRITE 957655 138 81
READ 182344 753 0
WRITE 640268 988 13
WRITE 244732 155 208
WRITE 660580 46 143
WRITE 887237 513 117
WRITE 354474 808 184
WRITE 603420 438 146
WRITE 781595 232 150
WRITE 862462 48 243
WRITE 102994 254 39
READ 441728 691 0
WRITE 882874 264 168
READ 492175 586 0
WRITE 622279 446 79
WRITE 343606 604 11
WRITE 689292 485 238
WRITE 464731 232 197
WRITE 48045 121 6
WRITE 356658 246 254
READ 491707 938 0
WRITE 48388 646 0
WRITE 279034 445 142
WRITE 275621 691 50
READ 982264 962 0
READ 349346 562 0
WRITE 418540 543 144
WRITE 797634 19 180
WRITE 169742 814 16
WRITE 722321 461 10
WRITE 218765 682 76
READ 571593 221 0
WRITE 388009 990 12
WRITE 34677 538 169
WRITE 103694 484 175
WRITE 655469 1003 125
WRITE 4168 955 132
READ 262980 342 0
READ 933341 588 0
WRITE 183344 494 176
READ 528099 162 0
WRITE 627415 491 200
WRITE 325737 921 252
WRITE 222579 1023 255
WRITE 384846 614 210
WRITE 380008 419 191
READ 325021 963 0
WRITE 608971 319 139
WRITE 823118 618 203
WRITE 1033400 322 27
WRITE 465356 934 58
READ 164196 496 0
READ 922834 786 0
READ 769260 853 0
WRITE 667806 393 171
WRITE 20022 362 14
WRITE 777697 829 208
WRITE 692137 450 242
READ 615580 601 0
WRITE 189076 287 236
WRITE 267617 630 16
WRITE 146048 738 14
WRITE 919880 240 207
WRITE 447435 906 193
WRITE 495929 340 124
WRITE 848058 647 57
WRITE 85354 657 96
READ 269471 963 0
WRITE 238448 594 138
READ 964564 573 0
WRITE 377475 262 28
WRITE 641961 386 191
WRITE 281027 147 58
WRITE 778012 465 16
WRITE 655203 683 149
READ 558908 970 0
WRITE 558924 1004 41
READ 152650 741 0
READ 74674 647 0
WRITE 522459 755 31
READ 813453 280 0
WRITE 31684 542 203
WRITE 427898 1023 67
WRITE 308924 775 227
READ 846699 365 0
WRITE 112140 386 13
READ 949253 857 0
WRITE 595587 284 46
READ 526568 232 0
READ 498264 135 0
READ 845907 210 0
WRITE 680156 524 99
WRITE 986761 960 243
WRITE 944028 119 40
WRITE 631186 585 1
READ 1046089 977 0
READ 758063 521 0
READ 392366 820 0
WRITE 813433 204 231
READ 858056 53 0
READ 567583 22 0
READ 475414 611 0
WRITE 848646 6 197
READ 129056 207 0
READ 18634 455 0
WRITE 1019108 858 188
READ 42412 609 0
WRITE 301879 657 101
READ 216176 17 0
WRITE 514630 317 232
READ 681294 603 0
READ 408749 282 0
WRITE 564178 372 13
WRITE 247280 853 96
WRITE 711628 774 164
READ 270227 592 0
WRITE 207516 1009 145
WRITE 323236 97 105
WRITE 65403 402 36
WRITE 51354 161 32
WRITE 436381 29 16
READ 627022 763 0
WRITE 43802 392 197
WRITE 370779 969 133
READ 601999 774 0
READ 165051 272 0
WRITE 374512 270 166
WRITE 66989 33 184
READ 345876 769 0
WRITE 383706 937 223
WRITE 1017270 669 151
READ 872145 574 0
WRITE 594677 643 221
WRITE 518972 614 128
READ 608515 890 0
WRITE 675809 644 77
WRITE 1005952 241 179
WRITE 96206 779 33
WRITE 780632 807 172
READ 367869 277 0
WRITE 467871 628 36
READ 965582 419 0
READ 15886 651 0
WRITE 376796 711 242
READ 694608 122 0
WRITE 163301 4 122
WRITE 419016 616 144
WRITE 580446 152 158
WRITE 241860 56 59
WRITE 319328 13 129
READ 411618 602 0
READ 265528 430 0
WRITE 538837 452 135
WRITE 1010717 851 37
WRITE 578476 937 74
WRITE 267997 289 24
READ 432130 974 0
WRITE 13549 660 237
READ 830862 685 0
READ 55006 757 0
READ 291126 25 0
WRITE 442195 1008 64
WRITE 442332 231 205
WRITE 828761 77 178
WRITE 960319 662 30
READ 103195 479 0
WRITE 665046 719 37
READ 332873 708 0
WRITE 609880 686 0
WRITE 11666 92 254
WRITE 761818 971 147
WRITE 122479 7 185
READ 564241 552 0
READ 769919 897 0
WRITE 567098 1001 8
READ 448287 245 0
WRITE 206998 301 98
READ 301931 619 0
WRITE 26680 846 142
WRITE 636914 525 242
READ 525341 394 0
WRITE 716057 937 204
READ 22592 927 0
WRITE 282443 705 40
WRITE 10695 824 138
READ 85749 140 0
READ 318428 850 0
WRITE 357564 679 141
WRITE 259514 327 88
READ 230542 368 0
READ 1002059 655 0
READ 230922 607 0
READ 979487 265 0
WRITE 973810 621 236
READ 751262 379 0
WRITE 163537 645 175
WRITE 935930 183 221
READ 646182 430 0
WRITE 785995 308 164
READ 322891 685 0
READ 786746 917 0
WRITE 774224 91 105
WRITE 592284 722 172
WRITE 623627 116 152
WRITE 49231 874 128
READ 41378 857 0
WRITE 876153 138 77
WRITE 741661 3 170
WRITE 109630 275 154
WRITE 692773 673 85
WRITE 113694 305 54
READ 62361 608 0
WRITE 763469 547 84
WRITE 768055 328 164
READ 880035 43 0
READ 663698 827 0
WRITE 450724 937 189
WRITE 734630 625 235
WRITE 677301 75 111
WRITE 890018 558 208
WRITE 1034212 88 122
WRITE 993821 474 171
READ 827690 975 0
READ 154932 530 0
READ 1026144 915 0
WRITE 858911 963 184
READ 989797 989 0
READ 15037 680 0
WRITE 255984 982 131
READ 15200 861 0
WRITE 258008 823 60
READ 927208 31 0
WRITE 99660 870 2
WRITE 289127 437 57
READ 996067 81 0
READ 462899 578 0
READ 515228 854 0
WRITE 578700 910 80
READ 543965 301 0
READ 14740 340 0
WRITE 581043 75 113
READ 739213 57 0
WRITE 224907 984 63
READ 40090 874 0
WRITE 796040 2 159
READ 599817 614 0
READ 453055 325 0
READ 172028 576 0
WRITE 84549 6 162
READ 549779 480 0
READ 134355 282 0
READ 912583 116 0
READ 113778 1004 0
READ 599996 557 0
WRITE 512416 815 40
READ 875401 692 0
WRITE 278528 171 252
READ 490580 906 0
READ 124947 305 0
READ 399166 346 0
WRITE 923977 452 243
WRITE 695849 66 0
READ 789250 554 0
READ 451911 1015 0
WRITE 419779 196 37
WRITE 970249 247 155
READ 913901 267 0
WRITE 556890 594 121
WRITE 89966 692 124
READ 147992 162 0
WRITE 971396 601 141
WRITE 587111 481 244
WRITE 257640 884 116
WRITE 981994 371 23
WRITE 54986 146 157
WRITE 771865 705 133
WRITE 605187 14 58
WRITE 705407 321 92
WRITE 990245 313 78
READ 445986 480 0
WRITE 494247 948 9
READ 511355 1021 0
WRITE 776495 684 131
READ 886751 564 0
WRITE 1017754 850 197
READ 802405 254 0
READ 649225 234 0
READ 234881 1023 0
WRITE 181297 710 207
READ 493925 528 0
READ 497162 906 0
WRITE 541315 596 85
WRITE 679244 604 107
WRITE 953184 339 216
WRITE 245950 54 241
WRITE 290027 323 15
WRITE 913652 343 56
WRITE 161077 70 182
WRITE 587834 196 71
READ 594303 124 0
WRITE 968652 98 161
WRITE 244971 773 197
WRITE 308976 86 132
WRITE 403635 16 97
READ 754140 506 0
WRITE 500044 955 198
WRITE 683737 39 158
READ 193700 211 0
READ 726181 863 0
WRITE 4949 623 188
WRITE 322014 1004 44
WRITE 249927 730 206
WRITE 487261 1018 198
READ 952138 814 0
WRITE 658805 931 49
WRITE 494141 767 129
WRITE 39972 706 99
WRITE 382335 677 230
READ 547872 726 0
WRITE 605477 31 52
WRITE 672143 860 24
READ 471174 407 0
READ 260173 369 0
READ 934816 284 0
WRITE 976371 665 237
WRITE 128529 511 55
WRITE 866855 189 216
READ 447587 668 0
WRITE 182091 826 72
WRITE 119948 817 201
WRITE 227110 682 143
READ 197852 520 0
WRITE 589641 68 171
READ 123011 658 0
READ 575657 612 0
READ 531658 692 0
READ 1034371 366 0
READ 131316 748 0
WRITE 516838 598 122
WRITE 842170 566 3
READ 55370 2 0
WRITE 144542 402 247
WRITE 986280 240 174
READ 617376 146 0
WRITE 862575 38 172
WRITE 824742 41 38
READ 752845 28 0
READ 350231 492 0
WRITE 612514 394 50
WRITE 288342 91 140
WRITE 964593 795 6
READ 343635 402 0
WRITE 382245 190 165
READ 68731 325 0
WRITE 854138 151 176
WRITE 68207 699 40
WRITE 192689 922 177
WRITE 1044257 514 71
WRITE 953895 368 108
WRITE 23738 161 243
READ 72207 653 0
WRITE 651466 19 47
WRITE 667191 417 56
WRITE 362133 195 102
READ 666892 603 0
WRITE 13169 390 29
READ 392918 948 0
WRITE 506173 404 129
WRITE 429577 1024 70
READ 1019792 955 0
WRITE 358740 946 81
WRITE 328202 320 84
WRITE 718670 728 37
WRITE 766773 477 136
READ 585256 253 0
READ 483189 806 0
WRITE 933600 689 233
WRITE 500310 367 79
READ 420578 1000 0
WRITE 123405 871 231
READ 101292 200 0
READ 695522 496 0
WRITE 770445 479 119
WRITE 918179 977 170
WRITE 959326 540 162
WRITE 591623 718 153
WRITE 850870 719 163
WRITE 645241 4 233
READ 696956 407 0
WRITE 837880 433 224
READ 237066 992 0
WRITE 967159 818 1
WRITE 870507 451 115
WRITE 751230 79 14
WRITE 129357 41 206
WRITE 792685 110 59
WRITE 162351 906 241
WRITE 538642 26 25
WRITE 402370 650 149
READ 879831 1018 0
WRITE 795692 501 216
READ 321329 162 0
WRITE 622059 974 192
READ 593025 830 0
WRITE 82838 12 123
WRITE 617875 863 168
WRITE 848227 255 124
READ 661677 415 0
WRITE 685393 726 1
READ 845947 485 0
WRITE 932392 909 111
WRITE 243498 44 4
READ 229574 339 0
WRITE 537482 544 89
WRITE 539789 191 245
READ 894264 944 0
READ 235467 521 0
READ 259686 411 0
READ 328753 669 0
READ 843185 606 0
WRITE 741511 738 213
WRITE 371423 202 216
WRITE 591353 703 51
WRITE 395573 898 237
WRITE 698340 383 23
WRITE 90464 387 191
WRITE 548457 677 108
READ 283298 508 0
READ 416170 78 0
WRITE 727638 649 30
WRITE 903752 564 106
WRITE 880488 5 161
WRITE 274614 681 150
WRITE 253769 590 128
WRITE 1046910 435 245
WRITE 738821 105 66
READ 898568 534 0
WRITE 223439 912 159
WRITE 481759 1008 45
WRITE 49872 748 187
READ 812776 148 0
WRITE 17861 43 235
WRITE 623604 71 19
READ 636758 385 0
WRITE 321724 88 96
WRITE 518127 626 33
WRITE 1022824 824 197
WRITE 1003964 672 109
WRITE 125309 844 18
WRITE 142926 544 39
WRITE 385266 510 79
WRITE 223905 884 212
WRITE 120383 804 51
READ 953279 287 0
READ 1041596 482 0
WRITE 304016 40 57
WRITE 120274 130 194
WRITE 1018908 763 101
WRITE 128511 799 90
WRITE 765623 471 97
WRITE 259139 840 116
READ 303623 1010 0
WRITE 1033262 408 199
WRITE 222733 885 249
READ 845838 968 0
WRITE 542684 163 52
WRITE 626016 932 229
READ 304554 915 0
WRITE 658142 697 126
WRITE 254876 341 53
READ 876881 267 0
WRITE 800058 765 60
READ 571088 991 0
WRITE 621320 78 229
WRITE 172736 18 114
WRITE 209756 762 46
READ 358431 375 0
WRITE 319896 793 87
WRITE 293391 307 53
WRITE 348884 699 195
READ 490090 514 0
WRITE 900063 377 78
READ 738419 789 0
WRITE 342137 886 40
WRITE 640804 477 239
WRITE 786565 484 185
WRITE 920281 176 245
READ 906202 57 0
WRITE 996058 142 125
WRITE 465478 376 25
READ 202085 518 0
READ 973700 8 0
READ 615476 1020 0
WRITE 306225 902 117
READ 378612 254 0
READ 304376 728 0
WRITE 485857 727 144
WRITE 451716 602 2
READ 772812 729 0
WRITE 432452 210 13
READ 255563 388 0
WRITE 784075 341 5
READ 191186 890 0
READ 556210 889 0
WRITE 883571 256 66
WRITE 150809 203 61
WRITE 743365 388 207
WRITE 182860 751 54
READ 461032 21 0
WRITE 326944 702 172
READ 365607 168 0
WRITE 328334 233 101
READ 294682 982 0
WRITE 218134 112 187
WRITE 455640 579 186
READ 92925 869 0
WRITE 481829 718 131
READ 416084 697 0
WRITE 348191 1016 4
WRITE 860544 181 182
READ 666106 507 0
WRITE 925120 288 32
WRITE 173785 934 92
WRITE 377871 810 129
READ 106383 197 0
READ 291848 389 0
WRITE 218609 1012 144
WRITE 1033429 927 235
WRITE 686409 548 196
WRITE 411950 917 4
WRITE 660236 389 50
WRITE 757304 730 206
READ 700417 360 0
READ 923685 106 0
WRITE 496357 854 0
WRITE 173780 335 35
READ 547056 170 0
WRITE 567206 571 200
WRITE 360654 700 201
READ 551396 982 0
WRITE 91463 558 153
WRITE 469504 763 207
WRITE 118274 842 134
WRITE 387561 772 198
READ 187860 121 0
WRITE 909471 651 219
WRITE 100217 661 128
WRITE 72632 443 46
READ 619353 226 0
WRITE 45552 57 24
WRITE 922750 541 113
WRITE 197902 818 144
WRITE 522631 624 9
WRITE 422526 128 102
WRITE 950114 565 122
READ 138794 697 0
WRITE 773313 520 128
WRITE 86186 410 140
WRITE 313453 287 106
WRITE 197498 251 183
READ 845670 963 0
WRITE 794420 923 26
WRITE 656790 146 198
WRITE 814207 968 57
READ 972025 960 0
WRITE 588877 173 35
WRITE 809067 61 230
WRITE 1042324 949 126
WRITE 875567 809 250
WRITE 1032481 311 180
WRITE 91913 893 132
WRITE 658356 826 210
READ 202298 953 0
READ 264658 170 0
WRITE 753943 996 143
WRITE 121791 947 120
WRITE 243715 734 240
WRITE 60633 516 14
WRITE 122413 235 140
WRITE 512236 964 246
WRITE 24824 562 20
WRITE 112077 980 48
WRITE 424598 113 197
WRITE 435003 285 173
WRITE 772428 53 225
WRITE 600445 894 204
READ 216004 240 0
WRITE 815510 461 111
READ 682374 527 0
READ 833802 489 0
WRITE 156671 708 101
WRITE 21714 683 248
WRITE 756399 223 91
READ 645429 985 0
READ 408428 806 0
WRITE 371349 396 35
READ 1003747 172 0
READ 10684 678 0
WRITE 29681 953 254
WRITE 490529 768 62
WRITE 387736 254 22
WRITE 855649 192 71
READ 302657 337 0
WRITE 735128 592 111
READ 674300 422 0
READ 323712 438 0
WRITE 860290 487 132
WRITE 288587 103 208
WRITE 118533 840 34
READ 828784 343 0
READ 206751 253 0
WRITE 815957 284 168
WRITE 252521 628 125
WRITE 931725 381 233
WRITE 23876 872 20
WRITE 613600 127 108
READ 387385 1013 0
WRITE 979631 90 14
WRITE 431735 568 8
READ 751285 250 0
WRITE 1030573 188 242
READ 384361 954 0
WRITE 168101 945 78
READ 22491 145 0
WRITE 921802 225 199
WRITE 233509 17 198
READ 981954 212 0
WRITE 684704 483 150
READ 44467 49 0
WRITE 212391 479 12
READ 921694 464 0
READ 692243 697 0
READ 512515 810 0
WRITE 758428 129 115
READ 157789 84 0
WRITE 590938 210 250
READ 331374 143 0
READ 318083 971 0
READ 816709 966 0
WRITE 830782 702 87
WRITE 41933 58 81
READ 965197 1003 0
READ 871794 844 0
WRITE 1030218 164 189
WRITE 888529 155 122
WRITE 137788 854 223
WRITE 247362 234 191
WRITE 203903 263 58
READ 696998 26 0
READ 777585 304 0
WRITE 546172 555 155
READ 901847 143 0
WRITE 477386 187 235
WRITE 251112 950 213
WRITE 114624 146 137
WRITE 141885 467 18
READ 407580 822 0
WRITE 241445 439 73
READ 116318 193 0
WRITE 606034 967 212
READ 312193 379 0
READ 835885 758 0
WRITE 594209 374 128
READ 561743 636 0
WRITE 625765 974 238
WRITE 332418 123 124
READ 1030331 155 0
WRITE 826608 929 151
WRITE 82322 724 228
WRITE 390015 679 105
READ 500462 1014 0
WRITE 452928 392 127
WRITE 934220 814 247
WRITE 834292 255 209
WRITE 628147 213 234
WRITE 595020 760 204
READ 372325 1002 0
WRITE 326528 55 183
WRITE 560432 223 115
READ 920944 142 0
WRITE 185065 1019 72
READ 665295 675 0
WRITE 876085 549 160
READ 766802 624 0
WRITE 669916 989 181
READ 360748 946 0
READ 775589 359 0
WRITE 631390 709 74
WRITE 591879 44 45
READ 923668 346 0
WRITE 967976 157 234
READ 423611 840 0
READ 571213 568 0
WRITE 708796 996 6
WRITE 330524 936 18
WRITE 517590 1024 235
READ 741509 496 0
WRITE 952731 609 35
WRITE 118196 263 191
WRITE 274713 686 140
WRITE 63506 780 64
READ 329929 178 0
READ 821798 384 0
READ 58452 99 0
WRITE 7739 794 231
WRITE 543590 473 247
WRITE 316887 486 201
WRITE 213637 806 240
WRITE 1011430 882 47
WRITE 843059 23 200
WRITE 884215 852 194
WRITE 125680 986 207
READ 188759 889 0
WRITE 508516 706 117
WRITE 817963 772 117
WRITE 673700 526 174
WRITE 220528 630 176
WRITE 777689 564 97
WRITE 486800 298 84
WRITE 554360 691 50
WRITE 989939 664 46
WRITE 365803 1020 12
WRITE 554139 148 164
WRITE 879400 675 126
READ 3510 514 0
READ 345349 639 0
WRITE 300330 967 86
READ 53619 126 0
WRITE 1021739 192 86
WRITE 665857 314 153
WRITE 28942 351 122
WRITE 513621 671 96
WRITE 710590 137 143
READ 702581 228 0
WRITE 842326 455 32
READ 610857 625 0
WRITE 664805 822 221
WRITE 21719 175 5
READ 142065 890 0
WRITE 745463 247 241
WRITE 423121 133 182
WRITE 991681 57 211
WRITE 582048 555 156
WRITE 305857 433 254
READ 624789 329 0
WRITE 26091 617 113
WRITE 801339 431 6
READ 170417 183 0
WRITE 302209 216 250
WRITE 484490 69 212
WRITE 662539 698 78
READ 423435 953 0
WRITE 874040 350 160
WRITE 185028 850 255
READ 524940 602 0
READ 662051 363 0
READ 859928 83 0
WRITE 407511 973 149
WRITE 788795 858 200
WRITE 593226 803 11
READ 79960 97 0
READ 1043790 814 0
READ 981368 125 0
WRITE 448664 986 88
WRITE 7544 103 33
READ 378673 36 0
WRITE 527622 994 74
WRITE 252434 108 178
WRITE 386536 468 11
WRITE 546453 956 218
WRITE 8226 514 92
WRITE 314952 592 146
WRITE 318360 264 187
WRITE 783465 943 47
READ 841479 107 0
WRITE 445655 891 3
READ 854361 23 0
READ 429826 968 0
READ 764651 219 0
WRITE 685987 105 103
WRITE 137994 966 132
WRITE 434340 471 174
READ 66982 918 0
WRITE 821790 243 106
WRITE 420999 666 20
READ 910732 644 0
WRITE 918968 912 137
WRITE 379145 18 255
WRITE 22507 946 14
WRITE 772347 554 57
READ 756720 218 0
WRITE 564108 64 167
WRITE 826427 64 147
READ 780798 239 0
READ 447501 703 0
READ 293291 356 0
WRITE 890965 374 107
READ 672044 323 0
WRITE 236261 153 17
WRITE 325149 79 126
WRITE 599973 375 69
WRITE 1042129 935 223
WRITE 655451 682 255
WRITE 515438 722 75
READ 11964 640 0
WRITE 393229 291 28
WRITE 268217 565 161
WRITE 197723 47 244
WRITE 254528 45 205
READ 1010099 2 0
READ 451246 692 0
READ 682140 396 0
WRITE 268939 782 173
READ 166257 556 0
READ 280780 678 0
WRITE 708643 372 244
WRITE 275061 566 103
WRITE 601993 397 97
WRITE 1003895 264 33
READ 481497 576 0
WRITE 659283 597 114
WRITE 912928 618 151
READ 987396 884 0
READ 529232 27 0
WRITE 326763 81 33
READ 336563 602 0
WRITE 334224 726 231
READ 833524 974 0
WRITE 765417 85 202
WRITE 25132 150 134
READ 364118 553 0
WRITE 719104 674 203
READ 871428 313 0
WRITE 563706 714 102
WRITE 995201 994 196
WRITE 990656 213 248
WRITE 660325 625 119
READ 821965 547 0
READ 605282 525 0
WRITE 626841 951 172
WRITE 38306 183 251
WRITE 167541 104 54
WRITE 761184 769 145
READ 36233 620 0
WRITE 432618 918 155
WRITE 69995 179 191
READ 1025835 302 0
READ 715553 994 0
READ 787317 263 0
READ 615983 693 0
READ 1021267 578 0
WRITE 854405 778 26
WRITE 789302 373 48
WRITE 17615 643 104
READ 293667 512 0
WRITE 391595 469 252
WRITE 355553 116 180
WRITE 105482 910 1
WRITE 655166 106 68
WRITE 49999 768 81
READ 1032073 998 0
READ 825409 16 0
READ 54129 788 0
WRITE 147329 286 47
READ 926145 533 0
WRITE 753615 881 105
WRITE 97117 70 1
WRITE 1027646 572 191
WRITE 798626 66 24
WRITE 859975 925 215
WRITE 996734 457 250
WRITE 1039803 469 251
WRITE 724638 334 235
WRITE 524121 90 55
WRITE 44302 375 15
WRITE 242074 965 3
WRITE 270110 585 128
WRITE 771443 444 18
WRITE 457619 750 155
READ 420434 462 0
WRITE 950676 838 86
READ 5308 153 0
READ 325108 463 0
WRITE 991596 490 21
WRITE 414013 569 198
READ 858574 122 0
WRITE 26393 800 72
WRITE 471637 881 31
WRITE 783701 389 147
READ 713799 121 0
WRITE 450458 979 22
WRITE 186857 881 30
WRITE 598878 606 13
WRITE 155009 830 56
WRITE 543079 3 83
READ 724255 607 0
WRITE 918141 709 56
WRITE 800551 876 170
READ 885546 895 0
WRITE 844896 213 9
WRITE 795774 23 171
WRITE 830148 93 0
READ 739949 763 0
WRITE 311683 214 49
WRITE 285394 693 67
READ 553955 494 0
READ 510695 130 0
WRITE 2799 870 159
WRITE 675712 562 149
READ 639079 1024 0
WRITE 1013115 721 183
WRITE 823853 294 110
WRITE 681653 293 100
WRITE 922408 625 101
WRITE 690671 810 81
WRITE 17893 655 120
WRITE 660946 813 132
WRITE 990003 105 215
READ 766480 270 0
READ 986025 6 0
READ 762635 646 0
WRITE 122226 754 217
WRITE 936830 924 182
READ 651429 1002 0
WRITE 850811 302 62
WRITE 496538 283 167
READ 848648 579 0
WRITE 584914 854 186
WRITE 322616 39 176
READ 290847 75 0
WRITE 84829 217 158
WRITE 732838 175 80
READ 253168 352 0
WRITE 528490 827 98
READ 329122 561 0
READ 650719 791 0
WRITE 206807 31 204
READ 958432 693 0
READ 634364 190 0
WRITE 225366 173 16
WRITE 691589 224 243
READ 779686 288 0
WRITE 820380 232 246
READ 103620 367 0
READ 474575 584 0
WRITE 889693 104 221
READ 26849 952 0
READ 327301 406 0
READ 463965 871 0
READ 444531 426 0
READ 231246 591 0
WRITE 830711 103 180
WRITE 354568 399 231
READ 998847 13 0
WRITE 529470 459 108
WRITE 15908 854 29
WRITE 414847 176 141
WRITE 228282 681 65
WRITE 499233 255 218
WRITE 693455 822 146
WRITE 412657 220 206
READ 660647 923 0
WRITE 330166 333 109
READ 1014729 917 0
READ 449783 974 0
READ 762713 966 0
WRITE 699968 431 137
WRITE 689207 328 5
WRITE 172742 334 14
WRITE 762552 542 161
READ 258784 997 0
WRITE 332140 411 227
WRITE 585208 798 112
WRITE 17514 707 109
READ 83785 303 0
WRITE 479080 535 53
READ 190936 968 0
WRITE 935695 241 70
WRITE 425852 937 201
WRITE 134405 685 231
READ 950370 730 0
READ 452135 962 0
WRITE 281260 646 204
WRITE 839854 519 144
READ 747336 777 0
WRITE 24305 782 130
WRITE 320636 984 167
READ 338471 425 0
WRITE 1023630 668 65
WRITE 950204 677 47
WRITE 251716 769 158
WRITE 422620 739 3
WRITE 634583 98 130
READ 973051 95 0
WRITE 452381 757 251
WRITE 420112 898 45
WRITE 590551 643 254
READ 988616 789 0
READ 357358 836 0
WRITE 238526 90 100
READ 396198 755 0
WRITE 615814 698 202
WRITE 740797 44 245
WRITE 348934 621 92
READ 545343 704 0
WRITE 947449 322 159
READ 90377 78 0
READ 1036556 369 0
WRITE 767157 778 158
WRITE 693450 203 23
WRITE 371917 763 95
WRITE 171448 18 59
WRITE 985819 326 79
WRITE 267922 364 254
WRITE 166307 246 137
WRITE 649197 711 63
WRITE 454659 250 199
WRITE 103024 271 129
WRITE 536595 267 246
WRITE 969401 314 56
WRITE 978547 454 95
WRITE 538557 253 130
READ 839193 306 0
WRITE 151937 389 223
READ 700914 91 0
WRITE 773504 441 75
WRITE 43288 124 111
WRITE 900755 769 41
READ 1013689 161 0
WRITE 681131 325 179
WRITE 533807 430 231
WRITE 1003677 912 122
WRITE 551245 843 173
WRITE 987249 240 129
WRITE 965642 710 65
WRITE 943723 154 69
READ 846784 352 0
READ 346227 938 0
WRITE 1023194 259 1
READ 584258 717 0
READ 274603 1016 0
WRITE 107356 861 60
WRITE 979208 7 248
WRITE 998198 1013 67
WRITE 605104 167 39
WRITE 387528 946 180
READ 480730 221 0
WRITE 40321 674 28
READ 642792 542 0
READ 132917 163 0
WRITE 608556 975 138
WRITE 90323 806 226
WRITE 681832 226 69
WRITE 319693 418 195
WRITE 415517 693 217
READ 120353 888 0
READ 272553 752 0
WRITE 739498 236 252
READ 161566 131 0
WRITE 311405 103 206
WRITE 1004296 528 179
READ 205695 672 0
WRITE 506844 640 219
WRITE 711243 150 60
WRITE 89189 414 201
WRITE 693365 349 87
WRITE 6987 572 185
WRITE 989606 383 57
READ 886801 665 0
READ 854467 950 0
READ 938709 850 0
WRITE 269777 351 50
WRITE 771786 183 143
WRITE 351154 793 162
WRITE 218585 1009 61
WRITE 1010566 754 129
WRITE 447194 796 182
WRITE 445164 94 150
READ 629972 628 0
WRITE 849936 645 29
WRITE 602685 403 168
WRITE 345821 484 95
WRITE 964606 828 225
WRITE 195921 956 227
WRITE 990250 622 61
WRITE 957204 526 51
WRITE 402754 813 205
WRITE 810903 62 8
WRITE 54116 482 211
READ 311062 151 0
WRITE 127122 483 226
WRITE 919271 471 4
READ 134118 834 0
WRITE 732551 435 249
WRITE 413153 585 59
READ 1024646 718 0
WRITE 880704 698 3
READ 199197 334 0
WRITE 865298 157 5
WRITE 742549 255 244
READ 104516 129 0
WRITE 59504 485 46
READ 449131 973 0
WRITE 631108 679 128
WRITE 777010 823 82
WRITE 341986 839 138
WRITE 12362 721 36
WRITE 913805 834 195
READ 978665 645 0
WRITE 428057 980 126
WRITE 985901 128 247
READ 945841 622 0
WRITE 621776 615 155
READ 157608 562 0
WRITE 362774 12 201
WRITE 95547 491 28
WRITE 733348 505 115
READ 526126 774 0
READ 206035 1015 0
WRITE 392135 737 104
READ 101937 771 0
WRITE 16323 465 164
WRITE 936794 100 39
WRITE 529114 593 140
WRITE 239798 356 81
READ 804659 301 0
WRITE 769995 945 43
WRITE 250399 967 148
READ 686861 891 0
WRITE 596946 695 96
WRITE 369706 1024 245
READ 102883 408 0
WRITE 107229 391 101
READ 809394 407 0
READ 850512 782 0
READ 472669 436 0
WRITE 38254 73 174
WRITE 1038760 987 198
WRITE 491373 1006 211
READ 976944 1 0
WRITE 263549 615 204
WRITE 1041304 643 166
WRITE 456433 823 24
READ 779224 148 0
READ 592402 290 0
READ 584486 690 0
WRITE 352668 132 248
READ 482642 935 0
WRITE 328888 263 182
READ 86724 369 0
READ 673164 347 0
READ 344365 100 0
READ 985101 200 0
WRITE 606640 315 206
READ 395773 235 0
WRITE 612768 638 219
READ 433255 770 0
WRITE 134967 100 248
READ 394645 987 0
WRITE 507021 216 249
READ 451719 731 0
WRITE 106330 484 220
READ 771792 824 0
WRITE 424861 635 221
WRITE 152823 176 145
READ 601922 449 0
WRITE 283305 46 147
WRITE 261690 260 120
WRITE 382427 517 15
WRITE 629749 875 11
READ 654359 115 0
READ 356644 435 0
WRITE 402580 873 202
WRITE 738637 1012 179
WRITE 786296 391 3
WRITE 905867 258 30
WRITE 933803 466 138
WRITE 540 49 77
WRITE 412437 539 206
WRITE 797261 910 141
WRITE 34508 22 220
WRITE 307955 211 3
WRITE 215453 159 40
READ 796248 784 0
WRITE 525859 671 117
WRITE 310290 217 138
READ 429667 370 0
WRITE 232658 134 56
WRITE 8782 172 177
WRITE 1031466 666 48
WRITE 487972 569 172
WRITE 26751 270 34
WRITE 854758 626 4
WRITE 675096 105 166
WRITE 929506 63 73
WRITE 373151 797 41
WRITE 437060 362 103
WRITE 152494 372 126
WRITE 208722 767 24
WRITE 453200 801 218
READ 593024 32 0
WRITE 863045 615 200
READ 897670 963 0
WRITE 651376 138 83
WRITE 956893 955 236
WRITE 899648 389 63
WRITE 101233 8 26
WRITE 189088 185 129
WRITE 375093 628 8
WRITE 152402 145 193
READ 815256 66 0
READ 612282 658 0
WRITE 90940 535 169
WRITE 926267 681 236
READ 260726 786 0
WRITE 599852 406 254
WRITE 253198 1008 133
WRITE 1047052 292 182
WRITE 294257 4 21
WRITE 504145 248 100
WRITE 172025 169 251
READ 1031048 371 0
WRITE 505537 167 8
READ 249416 304 0
READ 16415 997 0
WRITE 233392 389 117
READ 53768 772 0
WRITE 280548 779 113
WRITE 167742 279 205
WRITE 996585 501 157
WRITE 837419 170 170
READ 254382 641 0
WRITE 393314 3 130
WRITE 442702 494 202
READ 463938 501 0
READ 788509 807 0
WRITE 511507 487 31
WRITE 453813 292 229
WRITE 728834 833 176
WRITE 419704 11 97
READ 63825 97 0
READ 296117 400 0
READ 721614 117 0
WRITE 731895 357 70
READ 1022454 673 0
READ 140605 645 0
WRITE 431496 353 149
WRITE 623851 582 90
WRITE 641734 186 165
READ 195602 800 0
WRITE 313629 431 182
WRITE 969309 43 41
READ 334932 158 0
WRITE 656447 607 51
WRITE 227279 690 11
WRITE 880780 3 78
WRITE 1012582 43 14
READ 777584 945 0
READ 465287 945 0
WRITE 961506 656 170
READ 983820 943 0
READ 977164 418 0
WRITE 435228 859 91
WRITE 325214 407 82
WRITE 121799 344 197
READ 1009438 434 0
READ 963911 821 0
WRITE 748116 568 48
WRITE 944360 548 125
WRITE 509825 442 7
READ 264250 274 0
READ 507177 27 0
READ 903904 105 0
WRITE 552503 948 84
READ 297279 380 0
WRITE 991376 307 91
WRITE 451101 854 31
WRITE 847541 179 135
READ 271395 360 0
WRITE 798780 3 18
WRITE 376703 223 7
WRITE 718471 26 156
READ 448249 1024 0
WRITE 758993 338 209
WRITE 729637 866 254
WRITE 721908 756 223
WRITE 89383 896 132
READ 830978 378 0
READ 697425 253 0
WRITE 694156 568 219
READ 912611 867 0
WRITE 57856 881 230
WRITE 94715 873 17
WRITE 969640 165 198
WRITE 642761 11 59
WRITE 679052 616 129
READ 789788 553 0
WRITE 365548 816 50
READ 711956 122 0
WRITE 986322 147 159
WRITE 428904 730 108
READ 815662 361 0
WRITE 655214 752 52
READ 187250 876 0
WRITE 1021640 2 119
READ 695182 682 0
READ 157007 424 0
WRITE 366337 874 51
WRITE 833 91 143
WRITE 874757 204 241
WRITE 551193 497 189
WRITE 917473 597 8
WRITE 205843 689 72
READ 960303 522 0
WRITE 173739 45 236
READ 261513 725 0
WRITE 6423 903 188
READ 996349 782 0
READ 718099 252 0
READ 1046035 145 0
WRITE 459358 303 152
READ 535088 276 0
WRITE 204767 526 71
READ 999232 537 0
WRITE 554479 817 9
WRITE 159788 490 178
WRITE 199972 520 243
WRITE 847599 460 129
WRITE 856862 202 1
WRITE 1045727 400 81
WRITE 675477 942 115
READ 607384 873 0
WRITE 864057 398 142
READ 827173 398 0
WRITE 947787 29 184
WRITE 684359 253 181
WRITE 565554 766 214
READ 830646 572 0
READ 892222 834 0
WRITE 1009006 497 122
WRITE 691 484 37
WRITE 25350 805 154
WRITE 176394 274 160
READ 566865 122 0
READ 203957 751 0
READ 137927 440 0
WRITE 685472 712 52
WRITE 423717 371 252
WRITE 532078 941 248
READ 686227 749 0
WRITE 23216 548 235
WRITE 854323 318 54
WRITE 637622 291 23
WRITE 359060 753 114
WRITE 674998 657 92
WRITE 556125 167 180
READ 747775 13 0
WRITE 636197 567 249
WRITE 914231 553 173
WRITE 782640 259 170
WRITE 463375 731 73
WRITE 653327 821 59
WRITE 723900 496 39
READ 170707 542 0
READ 476120 268 0
WRITE 534712 22 199
READ 52998 936 0
WRITE 955076 42 63
READ 269169 913 0
READ 503919 916 0
WRITE 74264 346 51
READ 161873 466 0
READ 994145 1018 0
WRITE 767629 799 101
WRITE 1005604 235 63
READ 80415 840 0
READ 959023 365 0
WRITE 480164 576 23
WRITE 993230 921 154
READ 214511 364 0
WRITE 517379 574 201
READ 785493 695 0
WRITE 332861 889 48
WRITE 274973 581 177
WRITE 524053 1001 242
READ 5137 89 0
WRITE 402687 125 103
READ 255395 703 0
WRITE 350683 870 110
WRITE 944274 934 246
WRITE 651714 988 191
WRITE 140183 77 143
WRITE 40470 20 162
WRITE 22577 530 135
WRITE 388274 44 196
READ 378653 833 0
WRITE 706456 986 107
WRITE 718314 51 237
WRITE 249455 398 76
WRITE 721656 689 63
WRITE 542403 467 47
WRITE 279825 643 39
WRITE 684947 246 40
WRITE 901219 520 135
WRITE 546424 745 46
WRITE 115668 619 202
READ 576086 453 0
WRITE 836382 632 34
READ 376454 1012 0
READ 537019 471 0
READ 185635 188 0
READ 643905 524 0
WRITE 14718 1019 70
READ 145532 439 0
READ 252836 587 0
READ 1004048 143 0
READ 468471 555 0
READ 840017 435 0
WRITE 430771 816 225
WRITE 444714 632 25
READ 831109 96 0
WRITE 96812 667 187
WRITE 669770 762 23
WRITE 871875 978 106
WRITE 713425 664 43
READ 626020 43 0
READ 451995 701 0
WRITE 441374 524 18
READ 996361 780 0
READ 282006 152 0
WRITE 687917 774 90
WRITE 93046 628 209
READ 331595 785 0
WRITE 217271 434 65
WRITE 151464 226 71
WRITE 156950 527 56
WRITE 123154 603 81
WRITE 288163 901 103
READ 894114 703 0
READ 606674 314 0
WRITE 445211 372 41
WRITE 545493 940 250
WRITE 954052 421 203
WRITE 350098 836 229
WRITE 217550 454 66
READ 366125 469 0
WRITE 563504 1019 202
READ 62027 887 0
WRITE 609976 84 194
WRITE 847635 1004 122
READ 760463 774 0
WRITE 921893 831 42
WRITE 619467 622 72
READ 407455 394 0
READ 206757 38 0
WRITE 705220 691 52
READ 87791 672 0
READ 474496 925 0
WRITE 135764 653 175
WRITE 464470 24 149
READ 986217 972 0
WRITE 911486 236 178
WRITE 389604 826 128
READ 586516 100 0
WRITE 17642 619 54
WRITE 659300 7 247
WRITE 275843 779 79
WRITE 461387 701 22
READ 401021 205 0
READ 1046910 558 0
READ 728448 760 0
WRITE 504828 616 39
WRITE 525305 336 65
WRITE 860314 872 7
WRITE 22242 342 182
WRITE 466213 1015 207
WRITE 367309 860 195
WRITE 532170 200 98
WRITE 357347 306 58
WRITE 411733 644 240
WRITE 674149 618 114
WRITE 23509 576 222
WRITE 832827 967 88
WRITE 152722 881 174
WRITE 112878 511 21
READ 817826 233 0
WRITE 566150 751 111
WRITE 73360 190 61
WRITE 215032 61 75
WRITE 882871 304 235
READ 299807 904 0
WRITE 1005790 967 64
WRITE 898672 123 165
WRITE 529517 531 192
WRITE 204909 54 163
WRITE 351018 981 23
READ 347151 448 0
WRITE 134641 908 0
READ 857179 363 0
WRITE 170644 930 141
WRITE 600620 367 203
WRITE 552307 710 113
READ 754388 563 0
READ 1006816 542 0
READ 796163 776 0
WRITE 124551 115 161
READ 663685 944 0
READ 915733 733 0
WRITE 39725 324 174
READ 216607 251 0
WRITE 60277 53 21
READ 337890 660 0
WRITE 226220 471 132
WRITE 541335 676 0
WRITE 900066 44 153
WRITE 772298 355 75
READ 959712 985 0
WRITE 176360 917 200
READ 745365 907 0
WRITE 988110 159 245
WRITE 925090 721 118
WRITE 1046525 591 120
WRITE 782502 280 61
READ 319268 152 0
READ 178477 17 0
READ 854226 261 0
WRITE 996947 78 204
WRITE 47027 614 40
WRITE 48314 356 166
READ 531591 357 0
WRITE 163001 382 96
WRITE 479827 96 253
READ 462479 340 0
WRITE 203553 313 234
WRITE 766180 527 178
WRITE 756369 4 180
WRITE 686091 815 74
WRITE 868363 483 134
READ 279656 262 0
WRITE 140841 367 203
WRITE 891013 63 91
READ 650078 262 0
WRITE 408038 289 86
WRITE 239714 52 187
WRITE 520150 267 201
WRITE 244578 997 183
WRITE 515232 918 167
WRITE 954095 659 112
WRITE 528628 228 221
WRITE 962100 672 222
WRITE 1016029 228 35
WRITE 118457 706 147
WRITE 522357 376 174
WRITE 197619 855 26
WRITE 383185 794 98
WRITE 25807 1004 143
WRITE 383723 353 200
WRITE 525869 1003 162
WRITE 440853 87 110
WRITE 943638 674 151
WRITE 212110 1002 192
WRITE 888083 1018 87
WRITE 104326 655 129
WRITE 83667 567 121
WRITE 608757 439 96
READ 985561 163 0
READ 198090 924 0
READ 991153 658 0
READ 96783 377 0
READ 71940 710 0
READ 566098 645 0
WRITE 845439 270 168
WRITE 131359 870 46
WRITE 591119 768 75
WRITE 82542 189 118
READ 932071 838 0
WRITE 106243 896 204
WRITE 796031 489 200
WRITE 578457 140 179
WRITE 67027 715 38
READ 178251 175 0
WRITE 54170 706 77
READ 339397 96 0
WRITE 116607 689 121
WRITE 569176 902 89
WRITE 943761 436 88
READ 66502 557 0
WRITE 189989 531 71
READ 316228 938 0
WRITE 412168 27 209
READ 221308 661 0
WRITE 61134 278 112
WRITE 316680 475 219
WRITE 560856 753 87
WRITE 531822 894 155
READ 791384 197 0
READ 834537 57 0
READ 862251 433 0
WRITE 1044387 345 80
WRITE 906951 613 47
READ 492049 272 0
WRITE 71120 153 198
WRITE 61048 538 142
READ 309208 604 0
READ 226902 814 0
READ 696956 780 0
WRITE 449785 736 254
READ 779052 938 0
READ 777278 369 0
READ 708822 317 0
WRITE 808699 340 144
READ 423734 840 0
READ 718499 163 0
WRITE 771195 1002 78
WRITE 840714 1016 170
WRITE 742382 90 147
WRITE 255444 750 154
WRITE 419731 265 210
READ 948307 766 0
WRITE 836310 496 62
WRITE 974461 517 123
WRITE 690268 972 179
WRITE 748207 270 146
WRITE 1028895 719 64
WRITE 27869 884 170
READ 820125 737 0
READ 79151 695 0
WRITE 983475 522 230
READ 385851 872 0
WRITE 504405 949 15
WRITE 240476 737 224
READ 253001 264 0
WRITE 541811 769 3
WRITE 338765 690 250
WRITE 338755 638 108
WRITE 612008 958 143
WRITE 967746 120 222
WRITE 820954 115 63
WRITE 1040805 391 225
READ 956438 265 0
WRITE 967599 274 65
WRITE 241327 69 2
WRITE 107741 143 165
WRITE 660166 1012 118
WRITE 309524 270 57
WRITE 989046 723 47
READ 536691 599 0
WRITE 776812 746 240
READ 517519 160 0
WRITE 594314 905 164
WRITE 204271 250 73
WRITE 456622 705 77
WRITE 904414 456 104
WRITE 138624 884 107
WRITE 271980 50 48
READ 148106 191 0
WRITE 591506 972 162
READ 427589 922 0
READ 827169 629 0
WRITE 470468 808 191
READ 223505 149 0
WRITE 174037 231 138
WRITE 692433 373 26
WRITE 1006981 699 206
WRITE 573475 120 33
WRITE 184765 697 163
READ 167356 334 0
READ 93307 292 0
READ 458809 346 0
READ 43920 258 0
WRITE 754510 927 3
READ 177083 819 0
WRITE 580984 431 141
WRITE 724448 564 50
READ 321746 550 0
WRITE 400282 463 119
READ 209259 443 0
WRITE 672102 859 154
WRITE 611667 999 77
WRITE 181323 462 110
READ 938848 404 0
READ 176028 346 0
WRITE 219157 591 101
WRITE 284621 340 48
READ 304363 17 0
WRITE 1048162 270 216
READ 546800 32 0
WRITE 873416 13 148
WRITE 52585 109 227
READ 329359 147 0
WRITE 5640 976 51
WRITE 960489 133 114
WRITE 933253 378 148
READ 744448 769 0
WRITE 946272 621 188
WRITE 1034546 67 160
READ 748243 236 0
WRITE 990981 818 114
WRITE 821712 1012 17
WRITE 983214 586 164
WRITE 638011 583 40
WRITE 384581 391 134
READ 177946 944 0
WRITE 147195 654 26
WRITE 758459 958 138
WRITE 405383 625 246
WRITE 945848 531 69
READ 47369 199 0
READ 886760 240 0
READ 478700 463 0
WRITE 645591 878 197
READ 738041 959 0
WRITE 1013045 501 190
WRITE 336194 546 84
READ 823551 915 0
WRITE 57490 255 7
WRITE 213468 503 207
WRITE 8041 194 196
READ 614660 109 0
READ 894121 726 0
WRITE 28879 330 26
WRITE 439448 522 15
WRITE 534840 733 232
WRITE 924898 853 177
READ 906544 935 0
WRITE 1036296 775 193
WRITE 675839 624 90
WRITE 872007 757 78
WRITE 145254 626 78
WRITE 754825 523 37
READ 747653 37 0
WRITE 247800 681 90
WRITE 1013682 267 21
READ 403577 176 0
WRITE 782626 681 134
READ 46741 652 0
WRITE 453116 857 3
WRITE 139795 267 254
WRITE 874586 213 187
WRITE 258207 448 150
READ 23314 592 0
READ 51370 845 0
WRITE 357895 12 169
WRITE 670418 654 149
WRITE 237151 929 5
WRITE 834691 113 185
WRITE 39709 552 6
WRITE 548999 658 238
WRITE 384485 831 185
WRITE 656544 338 251
WRITE 590321 892 174
WRITE 962146 438 221
WRITE 172907 870 232
WRITE 513210 775 242
WRITE 88204 977 223
READ 13328 770 0
WRITE 785059 597 67
READ 539267 873 0
READ 79866 540 0
READ 201281 57 0
WRITE 407743 729 154
READ 343161 368 0
WRITE 650942 689 72
READ 456111 994 0
READ 536940 327 0
READ 673060 241 0
WRITE 908511 713 32
READ 607428 850 0
WRITE 783739 829 177
WRITE 529529 204 177
WRITE 802484 735 10
WRITE 917460 14 231
WRITE 871206 270 161
WRITE 240850 1009 235
WRITE 586285 894 219
WRITE 935975 157 237
WRITE 824417 932 210
WRITE 786730 711 36
WRITE 792375 180 214
WRITE 967064 608 134
WRITE 850191 992 86
WRITE 570099 16 177
WRITE 766012 663 227
READ 995112 194 0
WRITE 96773 310 104
READ 768090 181 0
WRITE 378097 217 135
WRITE 867443 600 117
WRITE 934 108 84
WRITE 719442 614 139
WRITE 485825 918 71
READ 519173 618 0
WRITE 336501 88 164
READ 885718 874 0
WRITE 206249 971 4
WRITE 937988 889 58
WRITE 394367 887 191
WRITE 630305 921 176
WRITE 855360 232 91
WRITE 583099 600 237
READ 254008 678 0
READ 887366 910 0
READ 539004 851 0
READ 1005761 654 0
WRITE 638515 372 229
WRITE 14922 141 95
READ 412434 820 0
WRITE 365674 988 188
READ 556034 411 0
READ 34654 546 0
READ 821959 923 0
WRITE 25531 299 145
WRITE 180959 956 32
WRITE 114794 5 217
WRITE 805761 573 98
READ 935845 481 0
WRITE 191797 16 129
WRITE 974978 32 227
READ 453810 186 0
WRITE 986239 631 49
READ 762865 743 0
WRITE 158629 580 148
READ 640775 521 0
WRITE 149815 572 98
WRITE 427416 463 184
READ 342169 640 0
READ 1012665 161 0
WRITE 268966 346 224
READ 483433 984 0
WRITE 455497 676 177
WRITE 536752 842 248
READ 323929 912 0
WRITE 90441 418 74
READ 141394 856 0
READ 176259 891 0
READ 869561 933 0
WRITE 696216 166 154
READ 702077 458 0
WRITE 6514 6 234
WRITE 647645 550 85
WRITE 699262 372 154
WRITE 669687 470 21
READ 327824 152 0
WRITE 540964 227 140
READ 403062 256 0
READ 1005671 371 0
WRITE 415486 193 93
WRITE 974051 293 143
WRITE 357708 395 41
WRITE 617934 134 159
WRITE 766076 120 80
READ 461395 984 0
WRITE 968035 848 112
READ 606923 538 0
WRITE 577556 671 4
WRITE 617054 640 17
WRITE 803023 241 170
WRITE 145092 109 215
WRITE 963895 551 130
WRITE 856988 165 74
WRITE 767765 180 214
WRITE 448267 583 152
READ 422234 971 0
WRITE 342522 625 61
READ 405762 61 0
WRITE 491451 694 249
WRITE 361170 354 196
WRITE 498530 216 25
READ 124091 455 0
READ 47738 626 0
WRITE 37663 726 40
READ 5536 665 0
WRITE 900814 160 114
WRITE 2640 621 85
WRITE 776000 460 153
READ 847669 834 0
WRITE 774939 527 94
WRITE 18350 820 229
READ 73059 868 0
READ 768125 528 0
WRITE 465887 469 68
WRITE 141094 194 233
READ 747690 124 0
WRITE 789519 555 124
WRITE 392007 622 50
WRITE 107673 804 175
WRITE 942949 907 37
WRITE 74269 495 74
WRITE 837068 956 158
WRITE 750509 467 68
READ 596926 929 0
WRITE 340285 263 53
WRITE 937789 377 193
READ 734599 745 0
READ 691193 1022 0
WRITE 821317 989 81
WRITE 140449 489 125
WRITE 892650 125 235
WRITE 615864 167 115
WRITE 308828 691 173
READ 71584 57 0
WRITE 88901 1014 234
READ 338181 140 0
WRITE 262783 617 255
WRITE 337016 121 154
WRITE 741840 224 71
WRITE 235626 1020 246
WRITE 360153 636 186
READ 260574 362 0
WRITE 802349 626 203
WRITE 880911 287 59
READ 1041448 361 0
READ 471873 334 0
READ 345118 840 0
READ 46424 267 0
WRITE 28831 725 203
WRITE 997784 989 178
WRITE 896318 342 137
WRITE 685815 190 220
WRITE 1043188 921 107
READ 483596 153 0
WRITE 947652 774 151
WRITE 174220 1010 205
READ 175082 585 0
READ 207098 509 0
WRITE 387887 554 253
WRITE 558355 781 219
WRITE 170035 455 254
READ 565796 841 0
WRITE 769906 937 126
WRITE 232382 1024 226
WRITE 441639 853 138
READ 97777 44 0
WRITE 547113 252 156
WRITE 199187 362 176
READ 678966 356 0
WRITE 839723 643 157
WRITE 753022 151 246
READ 823957 104 0
READ 326207 852 0
READ 587399 809 0
WRITE 357965 338 135
WRITE 740862 630 211
READ 205163 72 0
READ 582434 823 0
WRITE 443633 667 61
READ 67899 441 0
WRITE 548686 814 91
WRITE 431017 49 96
WRITE 107853 57 39
READ 305495 565 0
WRITE 136390 944 21
WRITE 535535 324 183
WRITE 195160 309 65
WRITE 140078 810 208
READ 58566 446 0
READ 565377 15 0
WRITE 195868 768 185
WRITE 747796 48 97
WRITE 958054 224 238
READ 2536 812 0
WRITE 180716 299 233
READ 136127 776 0
READ 792691 773 0
READ 986557 804 0
READ 482617 129 0
WRITE 913569 338 101
READ 368983 943 0
READ 768538 622 0
READ 822686 510 0
WRITE 226000 998 12
WRITE 918060 191 204
WRITE 111681 856 80
WRITE 380244 133 232
WRITE 1033758 220 231
READ 19786 530 0
WRITE 545641 910 204
WRITE 990788 302 107
READ 970485 661 0
READ 420478 52 0
WRITE 204412 498 159
WRITE 806507 700 248
WRITE 528609 205 241
READ 869211 180 0
SIGNALL
UNMOUNT
